Program,Legend,Method,Parallelism,TileSize,nBoxes,nCells,nThreads,MeanTime,MedianTime,MinTimeOrig,MinTime,StdevTime,TileMin
miniFluxDiv-seriesSSACLO,Series-SSA-CLO,Series of Loops,Box,1,28,128,1,4.705147,4.701997,4.688949,4.688949,0.016956,4.688949
miniFluxDiv-seriesSSACLO,Series-SSA-CLO,Series of Loops,Box,1,14336,16,1,4.094913,4.094477,4.082038,4.082038,0.009575,4.082038
miniFluxDiv-seriesSSACLO,Series-SSA-CLO,Series of Loops,Box,1,28,128,2,2.667622,2.666708,2.664697,2.664697,0.00321,2.664697
miniFluxDiv-seriesSSACLO,Series-SSA-CLO,Series of Loops,Box,1,14336,16,2,2.070292,2.066507,2.06516,2.06516,0.00853,2.06516
miniFluxDiv-seriesSSACLO,Series-SSA-CLO,Series of Loops,Box,1,28,128,4,1.498705,1.51644,1.469011,1.469011,0.026871,1.469011
miniFluxDiv-seriesSSACLO,Series-SSA-CLO,Series of Loops,Box,1,14336,16,4,3.018606,2.880727,2.729786,2.729786,0.391704,2.729786
miniFluxDiv-seriesSSACLO,Series-SSA-CLO,Series of Loops,Box,1,28,128,7,1.144788,1.149311,1.11507,1.11507,0.016977,1.11507
miniFluxDiv-seriesSSACLO,Series-SSA-CLO,Series of Loops,Box,1,14336,16,7,2.153082,2.284617,1.67627,1.67627,0.270181,1.67627
miniFluxDiv-seriesSSACLO,Series-SSA-CLO,Series of Loops,Box,1,28,128,8,1.191475,1.188974,1.183972,1.183972,0.008865,1.183972
miniFluxDiv-seriesSSACLO,Series-SSA-CLO,Series of Loops,Box,1,14336,16,8,1.9527,2.034723,1.521347,1.521347,0.243566,1.521347
miniFluxDiv-seriesSSACLO,Series-SSA-CLO,Series of Loops,Box,1,28,128,14,1.098675,1.149399,0.930742,0.930742,0.104788,0.930742
miniFluxDiv-seriesSSACLO,Series-SSA-CLO,Series of Loops,Box,1,14336,16,14,1.218304,1.097714,1.092584,1.092584,0.220066,1.092584
miniFluxDiv-seriesSSACLO,Series-SSA-CLO,Series of Loops,Box,1,28,128,16,1.034648,1.081575,0.890779,0.890779,0.119912,0.890779
miniFluxDiv-seriesSSACLO,Series-SSA-CLO,Series of Loops,Box,1,14336,16,16,0.981113,0.917752,0.911496,0.911496,0.110634,0.911496
miniFluxDiv-seriesSSACLO,Series-SSA-CLO,Series of Loops,Box,1,28,128,21,1.001885,1.007688,0.96505,0.96505,0.032405,0.96505
miniFluxDiv-seriesSSACLO,Series-SSA-CLO,Series of Loops,Box,1,14336,16,21,0.753176,0.780269,0.703895,0.703895,0.042681,0.703895
miniFluxDiv-seriesSSACLO,Series-SSA-CLO,Series of Loops,Box,1,28,128,24,1.042046,1.043216,1.034637,1.034637,0.004272,1.034637
miniFluxDiv-seriesSSACLO,Series-SSA-CLO,Series of Loops,Box,1,14336,16,24,0.672874,0.69022,0.596938,0.596938,0.044001,0.596938
miniFluxDiv-seriesSSACLO,Series-SSA-CLO,Series of Loops,Box,1,28,128,28,0.914844,0.902442,0.843771,0.843771,0.052109,0.843771
miniFluxDiv-seriesSSACLO,Series-SSA-CLO,Series of Loops,Box,1,14336,16,28,0.636307,0.623122,0.616678,0.616678,0.024148,0.616678
miniFluxDiv-fuseAllCLOReduxOverlapTS32PB,FuseAll-CLO-Redux-Overlap-TS32-PB,Fusion within Tiles,Box,32,14336,16,1,4.403474,4.403466,4.394957,4.394957,0.007142,4.394957
miniFluxDiv-fuseAllCLOReduxOverlapTS32PB,FuseAll-CLO-Redux-Overlap-TS32-PB,Fusion within Tiles,Box,32,28,128,1,3.625414,3.623656,3.621746,3.621746,0.004313,3.621746
miniFluxDiv-fuseAllCLOReduxOverlapTS32PB,FuseAll-CLO-Redux-Overlap-TS32-PB,Fusion within Tiles,Box,32,14336,16,2,2.209977,2.207631,2.205844,2.205844,0.00495,2.205844
miniFluxDiv-fuseAllCLOReduxOverlapTS32PB,FuseAll-CLO-Redux-Overlap-TS32-PB,Fusion within Tiles,Box,32,28,128,2,1.953465,1.948817,1.945708,1.945708,0.008092,1.945708
miniFluxDiv-fuseAllCLOReduxOverlapTS8PB,FuseAll-CLO-Redux-Overlap-TS8-PB,Fusion within Tiles,Box,8,14336,16,8,2.191165,2.269398,1.735766,1.735766,0.260771,1.735766
miniFluxDiv-fuseAllCLOReduxOverlapTS16PB,FuseAll-CLO-Redux-Overlap-TS16-PB,Fusion within Tiles,Box,16,28,128,8,0.652993,0.648555,0.629849,0.629849,0.017177,0.629849
miniFluxDiv-fuseAllCLOReduxOverlapTS32PB,FuseAll-CLO-Redux-Overlap-TS32-PB,Fusion within Tiles,Box,32,14336,16,14,1.140943,1.195204,0.971443,0.971443,0.103464,0.971443
miniFluxDiv-fuseAllCLOReduxOverlapTS16PB,FuseAll-CLO-Redux-Overlap-TS16-PB,Fusion within Tiles,Box,16,28,128,14,0.350305,0.348547,0.340206,0.340206,0.008962,0.340206
miniFluxDiv-fuseAllCLOReduxOverlapTS32PB,FuseAll-CLO-Redux-Overlap-TS32-PB,Fusion within Tiles,Box,32,14336,16,16,0.965729,0.967102,0.878454,0.878454,0.063962,0.878454
miniFluxDiv-fuseAllCLOReduxOverlapTS16PB,FuseAll-CLO-Redux-Overlap-TS16-PB,Fusion within Tiles,Box,16,28,128,16,0.44144,0.471801,0.361561,0.361561,0.072284,0.361561
miniFluxDiv-fuseAllCLOReduxOverlapTS32PB,FuseAll-CLO-Redux-Overlap-TS32-PB,Fusion within Tiles,Box,32,14336,16,28,0.58986,0.592852,0.565724,0.565724,0.014033,0.565724
miniFluxDiv-fuseAllCLOReduxOverlapTS8PB,FuseAll-CLO-Redux-Overlap-TS8-PB,Fusion within Tiles,Box,8,28,128,28,0.238566,0.217428,0.21179,0.21179,0.038448,0.21179
miniFluxDiv-fuseAllCLOReduxOverlapTS32PT,FuseAll-CLO-Redux-Overlap-TS32-PT,Fusion within Tiles,Tile,32,14336,16,1,4.426008,4.422313,4.420222,4.420222,0.007565,4.420222
miniFluxDiv-fuseAllCLOReduxOverlapTS32PT,FuseAll-CLO-Redux-Overlap-TS32-PT,Fusion within Tiles,Tile,32,28,128,1,3.61419,3.607247,3.605715,3.605715,0.015091,3.605715
miniFluxDiv-fuseAllCLOReduxOverlapTS32PT,FuseAll-CLO-Redux-Overlap-TS32-PT,Fusion within Tiles,Tile,32,14336,16,2,4.470044,4.468729,4.459561,4.459561,0.007127,4.459561
miniFluxDiv-fuseAllCLOReduxOverlapTS16PT,FuseAll-CLO-Redux-Overlap-TS16-PT,Fusion within Tiles,Tile,16,28,128,2,2.208334,2.207628,2.206566,2.206566,0.001519,2.206566
miniFluxDiv-fuseAllCLOReduxOverlapTS32PT,FuseAll-CLO-Redux-Overlap-TS32-PT,Fusion within Tiles,Tile,32,14336,16,8,4.878839,4.908717,4.737293,4.737293,0.080665,4.737293
miniFluxDiv-fuseAllCLOReduxOverlapTS16PT,FuseAll-CLO-Redux-Overlap-TS16-PT,Fusion within Tiles,Tile,16,28,128,8,0.655299,0.649445,0.641113,0.641113,0.015292,0.641113
miniFluxDiv-fuseAllCLOReduxOverlapTS32PT,FuseAll-CLO-Redux-Overlap-TS32-PT,Fusion within Tiles,Tile,32,14336,16,14,5.093003,5.093103,5.0776,5.0776,0.011277,5.0776
miniFluxDiv-fuseAllCLOReduxOverlapTS8PT,FuseAll-CLO-Redux-Overlap-TS8-PT,Fusion within Tiles,Tile,8,28,128,14,0.412482,0.416584,0.398352,0.398352,0.012183,0.398352
miniFluxDiv-fuseAllCLOReduxOverlapTS32PT,FuseAll-CLO-Redux-Overlap-TS32-PT,Fusion within Tiles,Tile,32,14336,16,16,5.069267,5.067955,5.051876,5.051876,0.012553,5.051876
miniFluxDiv-fuseAllCLOReduxOverlapTS8PT,FuseAll-CLO-Redux-Overlap-TS8-PT,Fusion within Tiles,Tile,8,28,128,16,0.354339,0.348707,0.344169,0.344169,0.01316,0.344169
miniFluxDiv-fuseAllCLOReduxOverlapTS32PT,FuseAll-CLO-Redux-Overlap-TS32-PT,Fusion within Tiles,Tile,32,14336,16,28,7.767308,5.133967,5.11251,5.11251,3.756657,5.11251
miniFluxDiv-fuseAllCLOReduxOverlapTS8PT,FuseAll-CLO-Redux-Overlap-TS8-PT,Fusion within Tiles,Tile,8,28,128,28,0.271748,0.270202,0.257971,0.257971,0.011991,0.257971
miniFluxDiv-seriesCLOReduxOverlapTS16PB,Series-CLO-Redux-Overlap-TS16-PB,Fusion of Tiles,Box,16,14336,16,1,5.545813,5.54992,5.512845,5.512845,0.019221,5.512845
miniFluxDiv-seriesCLOReduxOverlapTS32PB,Series-CLO-Redux-Overlap-TS32-PB,Fusion of Tiles,Box,32,28,128,1,4.23646,4.236867,4.233513,4.233513,0.002099,4.233513
miniFluxDiv-seriesCLOReduxOverlapTS16PB,Series-CLO-Redux-Overlap-TS16-PB,Fusion of Tiles,Box,16,14336,16,2,2.806284,2.793654,2.784716,2.784716,0.030677,2.784716
miniFluxDiv-seriesCLOReduxOverlapTS32PB,Series-CLO-Redux-Overlap-TS32-PB,Fusion of Tiles,Box,32,28,128,2,2.500005,2.348494,2.324128,2.324128,0.321734,2.324128
miniFluxDiv-seriesCLOReduxOverlapTS16PB,Series-CLO-Redux-Overlap-TS16-PB,Fusion of Tiles,Box,16,14336,16,8,2.242983,2.241851,2.214876,2.214876,0.021561,2.214876
miniFluxDiv-seriesCLOReduxOverlapTS16PB,Series-CLO-Redux-Overlap-TS16-PB,Fusion of Tiles,Box,16,28,128,8,0.757063,0.76006,0.732718,0.732718,0.020365,0.732718
miniFluxDiv-seriesCLOReduxOverlapTS8PB,Series-CLO-Redux-Overlap-TS8-PB,Fusion of Tiles,Box,8,14336,16,14,1.526857,1.466256,1.117378,1.117378,0.330753,1.117378
miniFluxDiv-seriesCLOReduxOverlapTS8PB,Series-CLO-Redux-Overlap-TS8-PB,Fusion of Tiles,Box,8,28,128,14,0.451319,0.453654,0.434341,0.434341,0.011096,0.434341
miniFluxDiv-seriesCLOReduxOverlapTS16PB,Series-CLO-Redux-Overlap-TS16-PB,Fusion of Tiles,Box,16,14336,16,16,1.182587,1.220444,0.927998,0.927998,0.150571,0.927998
miniFluxDiv-seriesCLOReduxOverlapTS8PB,Series-CLO-Redux-Overlap-TS8-PB,Fusion of Tiles,Box,8,28,128,16,0.457978,0.457277,0.447745,0.447745,0.011542,0.446691
miniFluxDiv-seriesCLOReduxOverlapTS8PB,Series-CLO-Redux-Overlap-TS8-PB,Fusion of Tiles,Box,8,14336,16,28,0.769826,0.777455,0.738709,0.738709,0.025883,0.738709
miniFluxDiv-seriesCLOReduxOverlapTS8PB,Series-CLO-Redux-Overlap-TS8-PB,Fusion of Tiles,Box,8,28,128,28,0.275788,0.275053,0.254757,0.254757,0.024436,0.254757
miniFluxDiv-seriesCLOReduxOverlapTS16PT,Series-CLO-Redux-Overlap-TS16-PT,Fusion of Tiles,Tile,16,14336,16,1,5.669421,5.658999,5.65345,5.65345,0.023121,5.65345
miniFluxDiv-seriesCLOReduxOverlapTS32PT,Series-CLO-Redux-Overlap-TS32-PT,Fusion of Tiles,Tile,32,28,128,1,4.200194,4.195087,4.192904,4.192904,0.010977,4.192904
miniFluxDiv-seriesCLOReduxOverlapTS16PT,Series-CLO-Redux-Overlap-TS16-PT,Fusion of Tiles,Tile,16,14336,16,2,9.829194,11.236602,6.28754,6.28754,2.216833,6.28754
miniFluxDiv-seriesCLOReduxOverlapTS32PT,Series-CLO-Redux-Overlap-TS32-PT,Fusion of Tiles,Tile,32,28,128,2,2.493417,2.370905,2.358655,2.358655,0.280641,2.358655
miniFluxDiv-seriesCLOReduxOverlapTS8PT,Series-CLO-Redux-Overlap-TS8-PT,Fusion of Tiles,Tile,8,14336,16,8,11.710293,12.573949,9.159063,9.159063,1.49796,9.159063
miniFluxDiv-seriesCLOReduxOverlapTS8PT,Series-CLO-Redux-Overlap-TS8-PT,Fusion of Tiles,Tile,8,28,128,8,1.137536,1.13895,1.127939,1.127939,0.006603,1.127939
miniFluxDiv-seriesCLOReduxOverlapTS8PT,Series-CLO-Redux-Overlap-TS8-PT,Fusion of Tiles,Tile,8,14336,16,14,12.467605,13.519924,7.694154,7.694154,3.00101,7.694154
miniFluxDiv-seriesCLOReduxOverlapTS16PT,Series-CLO-Redux-Overlap-TS16-PT,Fusion of Tiles,Tile,16,28,128,14,0.694073,0.690298,0.6819,0.6819,0.010128,0.6819
miniFluxDiv-seriesCLOReduxOverlapTS16PT,Series-CLO-Redux-Overlap-TS16-PT,Fusion of Tiles,Tile,16,14336,16,16,12.901768,13.210352,9.583589,9.583589,2.051761,9.583589
miniFluxDiv-seriesCLOReduxOverlapTS16PT,Series-CLO-Redux-Overlap-TS16-PT,Fusion of Tiles,Tile,16,28,128,16,0.714512,0.689485,0.685361,0.685361,0.058377,0.685361
miniFluxDiv-seriesCLOReduxOverlapTS32PT,Series-CLO-Redux-Overlap-TS32-PT,Fusion of Tiles,Tile,32,14336,16,28,0.142699,0.131221,0.12564,0.12564,0.02371,0.12564
miniFluxDiv-seriesCLOReduxOverlapTS8PT,Series-CLO-Redux-Overlap-TS8-PT,Fusion of Tiles,Tile,8,28,128,28,0.406164,0.407208,0.401057,0.401057,0.003472,0.401057
