Program,Legend,Method,Parallelism,TileSize,nBoxes,nCells,nThreads,Time0,Time1,Time2,Time3,Time4,MeanTime,MedianTime,MinTimeOrig,MinTime,StdevTime,TileMin
miniFluxDiv-seriesSSACLO,Series-SSA-CLO,Series of Loops,Box,1,28,128,1,4.733714,4.701997,4.697442,4.688949,4.703633,4.705147,4.701997,4.688949,4.688949,0.016956,4.688949
miniFluxDiv-seriesSSACLO,Series-SSA-CLO,Series of Loops,Box,1,224,64,1,3.682024,3.682788,3.64472,3.674459,3.671037,3.671006,3.674459,3.64472,3.64472,0.015517,3.64472
miniFluxDiv-seriesSSACLO,Series-SSA-CLO,Series of Loops,Box,1,1792,32,1,2.735618,2.750789,2.761997,2.741232,2.763169,2.750561,2.750789,2.735618,2.735618,0.012249,2.735618
miniFluxDiv-seriesSSACLO,Series-SSA-CLO,Series of Loops,Box,1,14336,16,1,4.094477,4.094351,4.082038,4.094633,4.109067,4.094913,4.094477,4.082038,4.082038,0.009575,4.082038
miniFluxDiv-seriesSSACLO,Series-SSA-CLO,Series of Loops,Box,1,28,128,2,2.669439,2.664697,2.664996,2.666708,2.672272,2.667622,2.666708,2.664697,2.664697,0.00321,2.664697
miniFluxDiv-seriesSSACLO,Series-SSA-CLO,Series of Loops,Box,1,224,64,2,2.123542,2.126715,2.126468,2.121387,2.117802,2.123183,2.123542,2.117802,2.117802,0.003727,2.117802
miniFluxDiv-seriesSSACLO,Series-SSA-CLO,Series of Loops,Box,1,1792,32,2,1.449341,1.44985,1.448999,1.449265,2.258819,1.611255,1.449341,1.448999,1.448999,0.362,1.448999
miniFluxDiv-seriesSSACLO,Series-SSA-CLO,Series of Loops,Box,1,14336,16,2,2.085457,2.06516,2.066507,2.066505,2.067833,2.070292,2.066507,2.06516,2.06516,0.00853,2.06516
miniFluxDiv-seriesSSACLO,Series-SSA-CLO,Series of Loops,Box,1,28,128,4,1.520933,1.51644,1.469642,1.517499,1.469011,1.498705,1.51644,1.469011,1.469011,0.026871,1.469011
miniFluxDiv-seriesSSACLO,Series-SSA-CLO,Series of Loops,Box,1,224,64,4,1.317722,1.307568,1.31095,1.318671,1.311692,1.313321,1.311692,1.307568,1.307568,0.004727,1.307568
miniFluxDiv-seriesSSACLO,Series-SSA-CLO,Series of Loops,Box,1,1792,32,4,0.931116,0.924482,0.917505,0.924218,0.930765,0.925617,0.924482,0.917505,0.917505,0.005608,0.917505
miniFluxDiv-seriesSSACLO,Series-SSA-CLO,Series of Loops,Box,1,14336,16,4,2.880727,2.878373,3.708845,2.729786,2.895301,3.018606,2.880727,2.729786,2.729786,0.391704,2.729786
miniFluxDiv-seriesSSACLO,Series-SSA-CLO,Series of Loops,Box,1,28,128,7,1.157746,1.11507,1.152704,1.149109,1.149311,1.144788,1.149311,1.11507,1.11507,0.016977,1.11507
miniFluxDiv-seriesSSACLO,Series-SSA-CLO,Series of Loops,Box,1,224,64,7,0.938053,0.946669,0.951708,0.944022,0.911888,0.938468,0.944022,0.911888,0.911888,0.015653,0.911888
miniFluxDiv-seriesSSACLO,Series-SSA-CLO,Series of Loops,Box,1,1792,32,7,0.710297,0.653535,0.752767,0.778382,0.776452,0.734287,0.752767,0.653535,0.653535,0.052821,0.653535
miniFluxDiv-seriesSSACLO,Series-SSA-CLO,Series of Loops,Box,1,14336,16,7,2.308499,2.197203,1.67627,2.298819,2.284617,2.153082,2.284617,1.67627,1.67627,0.270181,1.67627
miniFluxDiv-seriesSSACLO,Series-SSA-CLO,Series of Loops,Box,1,28,128,8,1.194238,1.205535,1.184658,1.188974,1.183972,1.191475,1.188974,1.183972,1.183972,0.008865,1.183972
miniFluxDiv-seriesSSACLO,Series-SSA-CLO,Series of Loops,Box,1,224,64,8,0.950496,0.943053,0.935411,1.034911,0.888884,0.950551,0.943053,0.888884,0.888884,0.052927,0.888884
miniFluxDiv-seriesSSACLO,Series-SSA-CLO,Series of Loops,Box,1,1792,32,8,0.762381,0.748419,0.754935,0.751826,0.752747,0.754062,0.752747,0.748419,0.748419,0.005209,0.748419
miniFluxDiv-seriesSSACLO,Series-SSA-CLO,Series of Loops,Box,1,14336,16,8,2.018678,2.092423,2.034723,2.096329,1.521347,1.9527,2.034723,1.521347,1.521347,0.243566,1.521347
miniFluxDiv-seriesSSACLO,Series-SSA-CLO,Series of Loops,Box,1,28,128,14,1.195992,1.06691,1.150332,0.930742,1.149399,1.098675,1.149399,0.930742,0.930742,0.104788,0.930742
miniFluxDiv-seriesSSACLO,Series-SSA-CLO,Series of Loops,Box,1,224,64,14,0.995842,0.993692,1.008103,1.014816,1.004548,1.0034,1.004548,0.993692,0.993692,0.008734,0.993692
miniFluxDiv-seriesSSACLO,Series-SSA-CLO,Series of Loops,Box,1,1792,32,14,0.783732,0.690868,0.905149,0.75723,0.759622,0.77932,0.759622,0.690868,0.690868,0.078346,0.690868
miniFluxDiv-seriesSSACLO,Series-SSA-CLO,Series of Loops,Box,1,14336,16,14,1.602349,1.097714,1.092584,1.092897,1.205976,1.218304,1.097714,1.092584,1.092584,0.220066,1.092584
miniFluxDiv-seriesSSACLO,Series-SSA-CLO,Series of Loops,Box,1,28,128,16,1.081575,0.922522,1.148892,0.890779,1.12947,1.034648,1.081575,0.890779,0.890779,0.119912,0.890779
miniFluxDiv-seriesSSACLO,Series-SSA-CLO,Series of Loops,Box,1,224,64,16,0.886099,0.986148,0.966112,0.838538,0.945354,0.92445,0.945354,0.838538,0.838538,0.060891,0.838538
miniFluxDiv-seriesSSACLO,Series-SSA-CLO,Series of Loops,Box,1,1792,32,16,0.673882,0.743947,0.701846,0.68689,0.689753,0.699264,0.689753,0.673882,0.673882,0.026884,0.673882
miniFluxDiv-seriesSSACLO,Series-SSA-CLO,Series of Loops,Box,1,14336,16,16,0.917752,0.988459,0.911496,1.170721,0.917137,0.981113,0.917752,0.911496,0.911496,0.110634,0.911496
miniFluxDiv-seriesSSACLO,Series-SSA-CLO,Series of Loops,Box,1,28,128,21,0.96505,1.046648,0.976153,1.007688,1.013888,1.001885,1.007688,0.96505,0.96505,0.032405,0.96505
miniFluxDiv-seriesSSACLO,Series-SSA-CLO,Series of Loops,Box,1,224,64,21,0.832244,0.894674,0.894629,0.861041,0.891379,0.874793,0.891379,0.832244,0.832244,0.027674,0.832244
miniFluxDiv-seriesSSACLO,Series-SSA-CLO,Series of Loops,Box,1,1792,32,21,0.886909,0.701186,0.652105,0.677692,0.713115,0.726201,0.701186,0.652105,0.652105,0.092827,0.652105
miniFluxDiv-seriesSSACLO,Series-SSA-CLO,Series of Loops,Box,1,14336,16,21,0.780269,0.785758,0.709195,0.786765,0.703895,0.753176,0.780269,0.703895,0.703895,0.042681,0.703895
miniFluxDiv-seriesSSACLO,Series-SSA-CLO,Series of Loops,Box,1,28,128,24,1.043216,1.042623,1.044452,1.034637,1.045303,1.042046,1.043216,1.034637,1.034637,0.004272,1.034637
miniFluxDiv-seriesSSACLO,Series-SSA-CLO,Series of Loops,Box,1,224,64,24,0.867102,0.894468,0.816483,0.84765,0.832432,0.851627,0.84765,0.816483,0.816483,0.03039,0.816483
miniFluxDiv-seriesSSACLO,Series-SSA-CLO,Series of Loops,Box,1,1792,32,24,0.886062,0.709112,0.679746,0.687962,0.716197,0.735816,0.709112,0.679746,0.679746,0.085302,0.679746
miniFluxDiv-seriesSSACLO,Series-SSA-CLO,Series of Loops,Box,1,14336,16,24,0.705923,0.69022,0.674273,0.697017,0.596938,0.672874,0.69022,0.596938,0.596938,0.044001,0.596938
miniFluxDiv-seriesSSACLO,Series-SSA-CLO,Series of Loops,Box,1,28,128,28,0.843771,0.902442,0.89563,0.963496,0.968882,0.914844,0.902442,0.843771,0.843771,0.052109,0.843771
miniFluxDiv-seriesSSACLO,Series-SSA-CLO,Series of Loops,Box,1,224,64,28,0.868532,0.788588,0.881525,0.835891,0.828155,0.840538,0.835891,0.788588,0.788588,0.036529,0.788588
miniFluxDiv-seriesSSACLO,Series-SSA-CLO,Series of Loops,Box,1,1792,32,28,0.676005,0.678139,0.821594,0.82154,0.857312,0.770918,0.82154,0.676005,0.676005,0.086907,0.676005
miniFluxDiv-seriesSSACLO,Series-SSA-CLO,Series of Loops,Box,1,14336,16,28,0.65723,0.617104,0.616678,0.667402,0.623122,0.636307,0.623122,0.616678,0.616678,0.024148,0.616678
miniFluxDiv-fuseAllCLOReduxOverlapTS8PB,FuseAll-CLO-Redux-Overlap-TS8-PB,Fusion within Tiles,Box,8,14336,16,1,5.576084,5.63018,5.574948,5.579271,5.574184,5.586933,5.576084,5.574184,5.574184,0.024253,
miniFluxDiv-fuseAllCLOReduxOverlapTS16PB,FuseAll-CLO-Redux-Overlap-TS16-PB,Fusion within Tiles,Box,16,14336,16,1,4.883775,4.882473,4.874767,4.881184,4.877964,4.880033,4.881184,4.874767,4.874767,0.00365,
miniFluxDiv-fuseAllCLOReduxOverlapTS32PB,FuseAll-CLO-Redux-Overlap-TS32-PB,Fusion within Tiles,Box,32,14336,16,1,4.398642,4.394957,4.403466,4.407079,4.413227,4.403474,4.403466,4.394957,4.394957,0.007142,4.394957
miniFluxDiv-fuseAllCLOReduxOverlapTS8PB,FuseAll-CLO-Redux-Overlap-TS8-PB,Fusion within Tiles,Box,8,1792,32,1,4.284363,5.813727,4.284642,4.285534,4.282353,4.590124,4.284642,4.282353,4.282353,0.684016,
miniFluxDiv-fuseAllCLOReduxOverlapTS16PB,FuseAll-CLO-Redux-Overlap-TS16-PB,Fusion within Tiles,Box,16,1792,32,1,3.76615,3.779445,3.779976,3.780329,3.780584,3.777297,3.779976,3.76615,3.76615,0.006246,
miniFluxDiv-fuseAllCLOReduxOverlapTS32PB,FuseAll-CLO-Redux-Overlap-TS32-PB,Fusion within Tiles,Box,32,1792,32,1,5.196673,3.531307,3.543549,3.54157,3.54791,3.872202,3.543549,3.531307,3.531307,0.740427,3.531307
miniFluxDiv-fuseAllCLOReduxOverlapTS8PB,FuseAll-CLO-Redux-Overlap-TS8-PB,Fusion within Tiles,Box,8,224,64,1,4.462693,4.460764,4.464433,4.461228,4.460869,4.461997,4.461228,4.460764,4.460764,0.001565,
miniFluxDiv-fuseAllCLOReduxOverlapTS16PB,FuseAll-CLO-Redux-Overlap-TS16-PB,Fusion within Tiles,Box,16,224,64,1,3.699559,3.705063,3.699266,3.716192,3.699717,3.703959,3.699717,3.699266,3.699266,0.00725,
miniFluxDiv-fuseAllCLOReduxOverlapTS32PB,FuseAll-CLO-Redux-Overlap-TS32-PB,Fusion within Tiles,Box,32,224,64,1,3.513242,3.370926,3.368253,3.360367,3.371409,3.396839,3.370926,3.360367,3.360367,0.065221,3.360367
miniFluxDiv-fuseAllCLOReduxOverlapTS8PB,FuseAll-CLO-Redux-Overlap-TS8-PB,Fusion within Tiles,Box,8,28,128,1,4.373618,4.317117,4.356278,4.359952,4.352091,4.351811,4.356278,4.317117,4.317117,0.021009,
miniFluxDiv-fuseAllCLOReduxOverlapTS16PB,FuseAll-CLO-Redux-Overlap-TS16-PB,Fusion within Tiles,Box,16,28,128,1,3.855214,3.858465,3.88145,3.854911,3.85251,3.86051,3.855214,3.85251,3.85251,0.011896,
miniFluxDiv-fuseAllCLOReduxOverlapTS32PB,FuseAll-CLO-Redux-Overlap-TS32-PB,Fusion within Tiles,Box,32,28,128,1,3.63176,3.621746,3.623656,3.627886,3.622024,3.625414,3.623656,3.621746,3.621746,0.004313,3.621746
miniFluxDiv-fuseAllCLOReduxOverlapTS8PB,FuseAll-CLO-Redux-Overlap-TS8-PB,Fusion within Tiles,Box,8,14336,16,2,2.791528,2.786652,2.796175,2.79271,2.784777,2.790368,2.791528,2.784777,2.784777,0.004627,
miniFluxDiv-fuseAllCLOReduxOverlapTS16PB,FuseAll-CLO-Redux-Overlap-TS16-PB,Fusion within Tiles,Box,16,14336,16,2,2.440616,2.449467,2.442467,2.443555,2.451891,2.445599,2.443555,2.440616,2.440616,0.004831,
miniFluxDiv-fuseAllCLOReduxOverlapTS32PB,FuseAll-CLO-Redux-Overlap-TS32-PB,Fusion within Tiles,Box,32,14336,16,2,2.212724,2.205844,2.217361,2.206323,2.207631,2.209977,2.207631,2.205844,2.205844,0.00495,2.205844
miniFluxDiv-fuseAllCLOReduxOverlapTS8PB,FuseAll-CLO-Redux-Overlap-TS8-PB,Fusion within Tiles,Box,8,1792,32,2,2.21075,2.212665,2.211593,2.212166,2.211664,2.211768,2.211664,2.21075,2.21075,0.000714,
miniFluxDiv-fuseAllCLOReduxOverlapTS16PB,FuseAll-CLO-Redux-Overlap-TS16-PB,Fusion within Tiles,Box,16,1792,32,2,1.923639,2.689807,1.922899,1.929204,1.926522,2.078414,1.926522,1.922899,1.922899,0.341788,
miniFluxDiv-fuseAllCLOReduxOverlapTS32PB,FuseAll-CLO-Redux-Overlap-TS32-PB,Fusion within Tiles,Box,32,1792,32,2,1.780408,1.780511,1.780569,1.778335,1.747349,1.773434,1.780408,1.747349,1.747349,0.014612,1.747349
miniFluxDiv-fuseAllCLOReduxOverlapTS8PB,FuseAll-CLO-Redux-Overlap-TS8-PB,Fusion within Tiles,Box,8,224,64,2,2.386676,2.438167,2.388505,2.385918,2.387043,2.397262,2.387043,2.385918,2.385918,0.022886,
miniFluxDiv-fuseAllCLOReduxOverlapTS16PB,FuseAll-CLO-Redux-Overlap-TS16-PB,Fusion within Tiles,Box,16,224,64,2,1.97374,1.974984,1.973226,1.97712,1.970725,1.973959,1.97374,1.970725,1.970725,0.00235,
miniFluxDiv-fuseAllCLOReduxOverlapTS32PB,FuseAll-CLO-Redux-Overlap-TS32-PB,Fusion within Tiles,Box,32,224,64,2,1.761584,1.774646,1.758334,1.757898,1.761962,1.762885,1.761584,1.757898,1.757898,0.006827,1.757898
miniFluxDiv-fuseAllCLOReduxOverlapTS8PB,FuseAll-CLO-Redux-Overlap-TS8-PB,Fusion within Tiles,Box,8,28,128,2,2.283644,2.286102,2.286317,2.296681,2.290571,2.288663,2.286317,2.283644,2.283644,0.005128,
miniFluxDiv-fuseAllCLOReduxOverlapTS16PB,FuseAll-CLO-Redux-Overlap-TS16-PB,Fusion within Tiles,Box,16,28,128,2,2.043463,2.037252,2.038277,2.039849,2.036602,2.039089,2.038277,2.036602,2.036602,0.002735,
miniFluxDiv-fuseAllCLOReduxOverlapTS32PB,FuseAll-CLO-Redux-Overlap-TS32-PB,Fusion within Tiles,Box,32,28,128,2,1.948676,1.964229,1.959893,1.948817,1.945708,1.953465,1.948817,1.945708,1.945708,0.008092,1.945708
miniFluxDiv-fuseAllCLOReduxOverlapTS8PB,FuseAll-CLO-Redux-Overlap-TS8-PB,Fusion within Tiles,Box,8,14336,16,8,1.735766,2.401541,2.269398,2.26171,2.287409,2.191165,2.269398,1.735766,1.735766,0.260771,1.735766
miniFluxDiv-fuseAllCLOReduxOverlapTS16PB,FuseAll-CLO-Redux-Overlap-TS16-PB,Fusion within Tiles,Box,16,14336,16,8,2.343804,2.245997,2.311134,2.225228,2.259937,2.27722,2.259937,2.225228,2.225228,0.048888,
miniFluxDiv-fuseAllCLOReduxOverlapTS32PB,FuseAll-CLO-Redux-Overlap-TS32-PB,Fusion within Tiles,Box,32,14336,16,8,2.028392,2.016419,2.085281,2.082298,2.164747,2.075427,2.082298,2.016419,2.016419,0.058772,
miniFluxDiv-fuseAllCLOReduxOverlapTS8PB,FuseAll-CLO-Redux-Overlap-TS8-PB,Fusion within Tiles,Box,8,1792,32,8,0.688616,0.606124,0.620771,0.729211,0.604514,0.649847,0.620771,0.604514,0.604514,0.056156,
miniFluxDiv-fuseAllCLOReduxOverlapTS16PB,FuseAll-CLO-Redux-Overlap-TS16-PB,Fusion within Tiles,Box,16,1792,32,8,0.536214,0.535916,0.541246,0.535798,0.541227,0.53808,0.536214,0.535798,0.535798,0.002885,
miniFluxDiv-fuseAllCLOReduxOverlapTS32PB,FuseAll-CLO-Redux-Overlap-TS32-PB,Fusion within Tiles,Box,32,1792,32,8,0.540294,0.516197,0.518241,0.541555,0.61372,0.546001,0.540294,0.516197,0.516197,0.039677,0.516197
miniFluxDiv-fuseAllCLOReduxOverlapTS8PB,FuseAll-CLO-Redux-Overlap-TS8-PB,Fusion within Tiles,Box,8,224,64,8,0.670721,0.650168,0.665794,0.650526,0.671448,0.661731,0.665794,0.650168,0.650168,0.010618,
miniFluxDiv-fuseAllCLOReduxOverlapTS16PB,FuseAll-CLO-Redux-Overlap-TS16-PB,Fusion within Tiles,Box,16,224,64,8,0.583253,0.585619,0.582013,0.543352,0.583855,0.575618,0.583253,0.543352,0.543352,0.018084,0.543352
miniFluxDiv-fuseAllCLOReduxOverlapTS32PB,FuseAll-CLO-Redux-Overlap-TS32-PB,Fusion within Tiles,Box,32,224,64,8,0.575145,0.585866,0.587274,0.585403,0.551424,0.577022,0.585403,0.551424,0.551424,0.015102,
miniFluxDiv-fuseAllCLOReduxOverlapTS8PB,FuseAll-CLO-Redux-Overlap-TS8-PB,Fusion within Tiles,Box,8,28,128,8,0.742999,0.720425,0.747604,0.72026,0.719689,0.730195,0.720425,0.719689,0.719689,0.013888,
miniFluxDiv-fuseAllCLOReduxOverlapTS16PB,FuseAll-CLO-Redux-Overlap-TS16-PB,Fusion within Tiles,Box,16,28,128,8,0.648401,0.675643,0.662518,0.648555,0.629849,0.652993,0.648555,0.629849,0.629849,0.017177,0.629849
miniFluxDiv-fuseAllCLOReduxOverlapTS32PB,FuseAll-CLO-Redux-Overlap-TS32-PB,Fusion within Tiles,Box,32,28,128,8,0.755727,0.778633,0.976979,0.783575,0.902508,0.839484,0.783575,0.755727,0.755727,0.095813,
miniFluxDiv-fuseAllCLOReduxOverlapTS8PB,FuseAll-CLO-Redux-Overlap-TS8-PB,Fusion within Tiles,Box,8,14336,16,14,1.42037,1.39344,1.384355,1.324694,1.848679,1.474308,1.39344,1.324694,1.324694,0.212178,
miniFluxDiv-fuseAllCLOReduxOverlapTS16PB,FuseAll-CLO-Redux-Overlap-TS16-PB,Fusion within Tiles,Box,16,14336,16,14,1.101438,1.257498,1.290694,1.191381,1.205593,1.209321,1.205593,1.101438,1.101438,0.072314,
miniFluxDiv-fuseAllCLOReduxOverlapTS32PB,FuseAll-CLO-Redux-Overlap-TS32-PB,Fusion within Tiles,Box,32,14336,16,14,1.113755,0.971443,1.200703,1.223611,1.195204,1.140943,1.195204,0.971443,0.971443,0.103464,0.971443
miniFluxDiv-fuseAllCLOReduxOverlapTS8PB,FuseAll-CLO-Redux-Overlap-TS8-PB,Fusion within Tiles,Box,8,1792,32,14,0.455332,0.474134,0.361596,0.479116,0.490852,0.452206,0.474134,0.361596,0.361596,0.052246,0.361596
miniFluxDiv-fuseAllCLOReduxOverlapTS16PB,FuseAll-CLO-Redux-Overlap-TS16-PB,Fusion within Tiles,Box,16,1792,32,14,0.450982,0.455223,0.440545,0.443512,0.456098,0.449272,0.450982,0.440545,0.440545,0.006969,
miniFluxDiv-fuseAllCLOReduxOverlapTS32PB,FuseAll-CLO-Redux-Overlap-TS32-PB,Fusion within Tiles,Box,32,1792,32,14,0.458373,0.427604,0.43405,0.432635,0.428936,0.43632,0.432635,0.427604,0.427604,0.012605,
miniFluxDiv-fuseAllCLOReduxOverlapTS8PB,FuseAll-CLO-Redux-Overlap-TS8-PB,Fusion within Tiles,Box,8,224,64,14,0.372771,0.402319,0.401435,0.39906,0.402939,0.395705,0.401435,0.372771,0.372771,0.012905,
miniFluxDiv-fuseAllCLOReduxOverlapTS16PB,FuseAll-CLO-Redux-Overlap-TS16-PB,Fusion within Tiles,Box,16,224,64,14,0.41582,0.415821,0.326793,0.425051,0.42099,0.400895,0.415821,0.326793,0.326793,0.041605,0.326793
miniFluxDiv-fuseAllCLOReduxOverlapTS32PB,FuseAll-CLO-Redux-Overlap-TS32-PB,Fusion within Tiles,Box,32,224,64,14,0.524208,0.448547,0.417687,0.36062,0.526192,0.455451,0.448547,0.36062,0.36062,0.071061,
miniFluxDiv-fuseAllCLOReduxOverlapTS8PB,FuseAll-CLO-Redux-Overlap-TS8-PB,Fusion within Tiles,Box,8,28,128,14,0.37537,0.377273,0.387317,0.387647,0.377417,0.381005,0.377417,0.37537,0.37537,0.005969,
miniFluxDiv-fuseAllCLOReduxOverlapTS16PB,FuseAll-CLO-Redux-Overlap-TS16-PB,Fusion within Tiles,Box,16,28,128,14,0.363476,0.345074,0.348547,0.35422,0.340206,0.350305,0.348547,0.340206,0.340206,0.008962,0.340206
miniFluxDiv-fuseAllCLOReduxOverlapTS32PB,FuseAll-CLO-Redux-Overlap-TS32-PB,Fusion within Tiles,Box,32,28,128,14,0.768342,0.746754,0.572987,0.572534,0.624103,0.656944,0.624103,0.572534,0.572534,0.094509,
miniFluxDiv-fuseAllCLOReduxOverlapTS8PB,FuseAll-CLO-Redux-Overlap-TS8-PB,Fusion within Tiles,Box,8,14336,16,16,1.093724,1.302573,1.210653,1.272174,1.168917,1.209608,1.210653,1.093724,1.093724,0.083131,
miniFluxDiv-fuseAllCLOReduxOverlapTS16PB,FuseAll-CLO-Redux-Overlap-TS16-PB,Fusion within Tiles,Box,16,14336,16,16,0.986246,1.167022,1.063157,1.211951,1.167208,1.119117,1.167022,0.986246,0.986246,0.092212,
miniFluxDiv-fuseAllCLOReduxOverlapTS32PB,FuseAll-CLO-Redux-Overlap-TS32-PB,Fusion within Tiles,Box,32,14336,16,16,1.056267,0.878454,0.967102,0.97981,0.947012,0.965729,0.967102,0.878454,0.878454,0.063962,0.878454
miniFluxDiv-fuseAllCLOReduxOverlapTS8PB,FuseAll-CLO-Redux-Overlap-TS8-PB,Fusion within Tiles,Box,8,1792,32,16,0.459932,0.461201,0.438721,0.366694,0.451978,0.435705,0.451978,0.366694,0.366694,0.039602,0.366694
miniFluxDiv-fuseAllCLOReduxOverlapTS16PB,FuseAll-CLO-Redux-Overlap-TS16-PB,Fusion within Tiles,Box,16,1792,32,16,0.435455,0.443757,0.416521,0.442513,0.434138,0.434477,0.435455,0.416521,0.416521,0.010888,
miniFluxDiv-fuseAllCLOReduxOverlapTS32PB,FuseAll-CLO-Redux-Overlap-TS32-PB,Fusion within Tiles,Box,32,1792,32,16,0.421288,0.415334,0.435703,0.419206,0.424497,0.423206,0.421288,0.415334,0.415334,0.007738,
miniFluxDiv-fuseAllCLOReduxOverlapTS8PB,FuseAll-CLO-Redux-Overlap-TS8-PB,Fusion within Tiles,Box,8,224,64,16,0.343006,0.354935,0.339342,0.327923,0.355248,0.344091,0.343006,0.327923,0.327923,0.01148,
miniFluxDiv-fuseAllCLOReduxOverlapTS16PB,FuseAll-CLO-Redux-Overlap-TS16-PB,Fusion within Tiles,Box,16,224,64,16,0.31279,0.331235,0.386881,0.307986,0.315947,0.330968,0.315947,0.307986,0.307986,0.032444,0.307986
miniFluxDiv-fuseAllCLOReduxOverlapTS32PB,FuseAll-CLO-Redux-Overlap-TS32-PB,Fusion within Tiles,Box,32,224,64,16,0.359828,0.481484,0.504678,0.371679,0.491571,0.441848,0.481484,0.359828,0.359828,0.070075,
miniFluxDiv-fuseAllCLOReduxOverlapTS8PB,FuseAll-CLO-Redux-Overlap-TS8-PB,Fusion within Tiles,Box,8,28,128,16,0.370095,0.387103,0.377809,0.387341,0.393953,0.38326,0.387103,0.370095,0.370095,0.009338,
miniFluxDiv-fuseAllCLOReduxOverlapTS16PB,FuseAll-CLO-Redux-Overlap-TS16-PB,Fusion within Tiles,Box,16,28,128,16,0.361561,0.36599,0.496974,0.510873,0.471801,0.44144,0.471801,0.361561,0.361561,0.072284,0.361561
miniFluxDiv-fuseAllCLOReduxOverlapTS32PB,FuseAll-CLO-Redux-Overlap-TS32-PB,Fusion within Tiles,Box,32,28,128,16,0.538975,0.558875,0.719309,0.710154,0.738535,0.65317,0.710154,0.538975,0.538975,0.09597,
miniFluxDiv-fuseAllCLOReduxOverlapTS8PB,FuseAll-CLO-Redux-Overlap-TS8-PB,Fusion within Tiles,Box,8,14336,16,28,0.7124,0.697908,0.697818,0.700439,0.69499,0.700711,0.697908,0.69499,0.69499,0.006813,
miniFluxDiv-fuseAllCLOReduxOverlapTS16PB,FuseAll-CLO-Redux-Overlap-TS16-PB,Fusion within Tiles,Box,16,14336,16,28,0.72472,0.605014,0.721087,0.65162,0.676966,0.675881,0.676966,0.605014,0.605014,0.050102,
miniFluxDiv-fuseAllCLOReduxOverlapTS32PB,FuseAll-CLO-Redux-Overlap-TS32-PB,Fusion within Tiles,Box,32,14336,16,28,0.601636,0.592852,0.565724,0.591937,0.597151,0.58986,0.592852,0.565724,0.565724,0.014033,0.565724
miniFluxDiv-fuseAllCLOReduxOverlapTS8PB,FuseAll-CLO-Redux-Overlap-TS8-PB,Fusion within Tiles,Box,8,1792,32,28,0.296366,0.305272,0.321051,0.313065,0.297063,0.306563,0.305272,0.296366,0.296366,0.010584,
miniFluxDiv-fuseAllCLOReduxOverlapTS16PB,FuseAll-CLO-Redux-Overlap-TS16-PB,Fusion within Tiles,Box,16,1792,32,28,0.301014,0.294295,0.307992,0.292649,0.278654,0.294921,0.294295,0.278654,0.278654,0.010933,0.278654
miniFluxDiv-fuseAllCLOReduxOverlapTS32PB,FuseAll-CLO-Redux-Overlap-TS32-PB,Fusion within Tiles,Box,32,1792,32,28,0.358809,0.358138,0.354438,0.361619,0.371655,0.360932,0.358809,0.354438,0.354438,0.006518,
miniFluxDiv-fuseAllCLOReduxOverlapTS8PB,FuseAll-CLO-Redux-Overlap-TS8-PB,Fusion within Tiles,Box,8,224,64,28,0.219699,0.260466,0.221385,0.221233,0.220299,0.228616,0.221233,0.219699,0.219699,0.017818,0.219699
miniFluxDiv-fuseAllCLOReduxOverlapTS16PB,FuseAll-CLO-Redux-Overlap-TS16-PB,Fusion within Tiles,Box,16,224,64,28,0.287043,0.287638,0.271615,0.27092,0.275697,0.278583,0.275697,0.27092,0.27092,0.008203,
miniFluxDiv-fuseAllCLOReduxOverlapTS32PB,FuseAll-CLO-Redux-Overlap-TS32-PB,Fusion within Tiles,Box,32,224,64,28,0.389898,0.388684,0.387146,0.387555,0.369038,0.384464,0.387555,0.369038,0.369038,0.00869,
miniFluxDiv-fuseAllCLOReduxOverlapTS8PB,FuseAll-CLO-Redux-Overlap-TS8-PB,Fusion within Tiles,Box,8,28,128,28,0.217428,0.21179,0.303688,0.243385,0.216537,0.238566,0.217428,0.21179,0.21179,0.038448,0.21179
miniFluxDiv-fuseAllCLOReduxOverlapTS16PB,FuseAll-CLO-Redux-Overlap-TS16-PB,Fusion within Tiles,Box,16,28,128,28,0.367618,0.390628,0.377059,0.364493,0.374382,0.374836,0.374382,0.364493,0.364493,0.010169,
miniFluxDiv-fuseAllCLOReduxOverlapTS32PB,FuseAll-CLO-Redux-Overlap-TS32-PB,Fusion within Tiles,Box,32,28,128,28,0.562293,0.555189,0.536726,0.577142,0.544013,0.555073,0.555189,0.536726,0.536726,0.015797,
miniFluxDiv-fuseAllCLOReduxOverlapTS8PT,FuseAll-CLO-Redux-Overlap-TS8-PT,Fusion within Tiles,Tile,8,14336,16,1,5.608894,5.577537,5.583047,5.592602,5.577832,5.587982,5.583047,5.577537,5.577537,0.013183,
miniFluxDiv-fuseAllCLOReduxOverlapTS16PT,FuseAll-CLO-Redux-Overlap-TS16-PT,Fusion within Tiles,Tile,16,14336,16,1,4.899944,4.915155,4.903652,4.895119,4.903226,4.903419,4.903226,4.895119,4.895119,0.007396,
miniFluxDiv-fuseAllCLOReduxOverlapTS32PT,FuseAll-CLO-Redux-Overlap-TS32-PT,Fusion within Tiles,Tile,32,14336,16,1,4.422313,4.420222,4.421222,4.438484,4.427799,4.426008,4.422313,4.420222,4.420222,0.007565,4.420222
miniFluxDiv-fuseAllCLOReduxOverlapTS8PT,FuseAll-CLO-Redux-Overlap-TS8-PT,Fusion within Tiles,Tile,8,1792,32,1,4.256089,4.269679,4.272169,5.637683,4.273507,4.541825,4.272169,4.256089,4.256089,0.612642,
miniFluxDiv-fuseAllCLOReduxOverlapTS16PT,FuseAll-CLO-Redux-Overlap-TS16-PT,Fusion within Tiles,Tile,16,1792,32,1,3.781302,3.77964,3.780745,3.779428,3.779761,3.780175,3.779761,3.779428,3.779428,0.000808,
miniFluxDiv-fuseAllCLOReduxOverlapTS32PT,FuseAll-CLO-Redux-Overlap-TS32-PT,Fusion within Tiles,Tile,32,1792,32,1,4.815177,3.536856,3.534298,3.537501,3.534171,3.791601,3.536856,3.534171,3.534171,0.572199,3.534171
miniFluxDiv-fuseAllCLOReduxOverlapTS8PT,FuseAll-CLO-Redux-Overlap-TS8-PT,Fusion within Tiles,Tile,8,224,64,1,4.447891,4.506307,4.447482,4.447354,4.455071,4.460821,4.447891,4.447354,4.447354,0.025635,
miniFluxDiv-fuseAllCLOReduxOverlapTS16PT,FuseAll-CLO-Redux-Overlap-TS16-PT,Fusion within Tiles,Tile,16,224,64,1,3.687108,3.688917,3.687267,3.692348,3.693286,3.689785,3.688917,3.687108,3.687108,0.002876,
miniFluxDiv-fuseAllCLOReduxOverlapTS32PT,FuseAll-CLO-Redux-Overlap-TS32-PT,Fusion within Tiles,Tile,32,224,64,1,3.357682,3.361248,3.360465,3.355724,3.357038,3.358431,3.357682,3.355724,3.355724,0.00234,3.355724
miniFluxDiv-fuseAllCLOReduxOverlapTS8PT,FuseAll-CLO-Redux-Overlap-TS8-PT,Fusion within Tiles,Tile,8,28,128,1,4.341702,4.351102,4.343352,4.346369,4.341531,4.344811,4.343352,4.341531,4.341531,0.004017,
miniFluxDiv-fuseAllCLOReduxOverlapTS16PT,FuseAll-CLO-Redux-Overlap-TS16-PT,Fusion within Tiles,Tile,16,28,128,1,3.877771,3.8543,3.851532,3.850905,3.859326,3.858767,3.8543,3.850905,3.850905,0.011131,
miniFluxDiv-fuseAllCLOReduxOverlapTS32PT,FuseAll-CLO-Redux-Overlap-TS32-PT,Fusion within Tiles,Tile,32,28,128,1,3.606409,3.640977,3.607247,3.610602,3.605715,3.61419,3.607247,3.605715,3.605715,0.015091,3.605715
miniFluxDiv-fuseAllCLOReduxOverlapTS8PT,FuseAll-CLO-Redux-Overlap-TS8-PT,Fusion within Tiles,Tile,8,14336,16,2,7.938674,6.904758,6.863587,6.934286,8.671881,7.462637,6.934286,6.863587,6.863587,0.812116,
miniFluxDiv-fuseAllCLOReduxOverlapTS16PT,FuseAll-CLO-Redux-Overlap-TS16-PT,Fusion within Tiles,Tile,16,14336,16,2,9.597132,5.455017,5.428997,5.446525,5.434172,6.272369,5.446525,5.428997,5.428997,1.858627,
miniFluxDiv-fuseAllCLOReduxOverlapTS32PT,FuseAll-CLO-Redux-Overlap-TS32-PT,Fusion within Tiles,Tile,32,14336,16,2,4.459561,4.468508,4.468729,4.477085,4.476337,4.470044,4.468729,4.459561,4.459561,0.007127,4.459561
miniFluxDiv-fuseAllCLOReduxOverlapTS8PT,FuseAll-CLO-Redux-Overlap-TS8-PT,Fusion within Tiles,Tile,8,1792,32,2,2.84843,3.035202,2.83543,2.804743,2.800195,2.8648,2.83543,2.800195,2.800195,0.097401,2.800195
miniFluxDiv-fuseAllCLOReduxOverlapTS16PT,FuseAll-CLO-Redux-Overlap-TS16-PT,Fusion within Tiles,Tile,16,1792,32,2,4.240929,4.467346,4.25794,4.130338,4.12914,4.245139,4.240929,4.12914,4.12914,0.138015,
miniFluxDiv-fuseAllCLOReduxOverlapTS32PT,FuseAll-CLO-Redux-Overlap-TS32-PT,Fusion within Tiles,Tile,32,1792,32,2,3.590937,3.578967,3.582845,3.56576,3.606591,3.58502,3.582845,3.56576,3.56576,0.015105,
miniFluxDiv-fuseAllCLOReduxOverlapTS8PT,FuseAll-CLO-Redux-Overlap-TS8-PT,Fusion within Tiles,Tile,8,224,64,2,2.521022,2.520799,2.519758,2.525959,2.519746,2.521457,2.520799,2.519746,2.519746,0.002584,
miniFluxDiv-fuseAllCLOReduxOverlapTS16PT,FuseAll-CLO-Redux-Overlap-TS16-PT,Fusion within Tiles,Tile,16,224,64,2,2.480163,2.480232,2.480019,2.479486,2.480871,2.480154,2.480163,2.479486,2.479486,0.000496,2.479486
miniFluxDiv-fuseAllCLOReduxOverlapTS32PT,FuseAll-CLO-Redux-Overlap-TS32-PT,Fusion within Tiles,Tile,32,224,64,2,3.428738,3.421233,3.428073,3.428123,3.429889,3.427211,3.428123,3.421233,3.421233,0.003421,
miniFluxDiv-fuseAllCLOReduxOverlapTS8PT,FuseAll-CLO-Redux-Overlap-TS8-PT,Fusion within Tiles,Tile,8,28,128,2,2.302403,2.308675,2.324106,2.307358,2.304812,2.309471,2.307358,2.302403,2.302403,0.008529,
miniFluxDiv-fuseAllCLOReduxOverlapTS16PT,FuseAll-CLO-Redux-Overlap-TS16-PT,Fusion within Tiles,Tile,16,28,128,2,2.206566,2.210037,2.207628,2.207622,2.209815,2.208334,2.207628,2.206566,2.206566,0.001519,2.206566
miniFluxDiv-fuseAllCLOReduxOverlapTS32PT,FuseAll-CLO-Redux-Overlap-TS32-PT,Fusion within Tiles,Tile,32,28,128,2,2.451748,2.462445,2.452614,2.449591,2.457231,2.454726,2.452614,2.449591,2.449591,0.005137,
miniFluxDiv-fuseAllCLOReduxOverlapTS8PT,FuseAll-CLO-Redux-Overlap-TS8-PT,Fusion within Tiles,Tile,8,14336,16,8,10.424921,9.853895,10.060034,9.271881,10.324335,9.987013,10.060034,9.271881,9.271881,0.458262,
miniFluxDiv-fuseAllCLOReduxOverlapTS16PT,FuseAll-CLO-Redux-Overlap-TS16-PT,Fusion within Tiles,Tile,16,14336,16,8,13.293676,13.969653,14.573586,11.912403,9.307819,12.611427,13.293676,9.307819,9.307819,2.095398,
miniFluxDiv-fuseAllCLOReduxOverlapTS32PT,FuseAll-CLO-Redux-Overlap-TS32-PT,Fusion within Tiles,Tile,32,14336,16,8,4.908717,4.931749,4.737293,4.925158,4.89128,4.878839,4.908717,4.737293,4.737293,0.080665,4.737293
miniFluxDiv-fuseAllCLOReduxOverlapTS8PT,FuseAll-CLO-Redux-Overlap-TS8-PT,Fusion within Tiles,Tile,8,1792,32,8,1.074576,1.068918,1.085771,1.082373,1.085153,1.079358,1.082373,1.068918,1.068918,0.007343,1.068918
miniFluxDiv-fuseAllCLOReduxOverlapTS16PT,FuseAll-CLO-Redux-Overlap-TS16-PT,Fusion within Tiles,Tile,16,1792,32,8,1.850978,1.961983,2.082527,1.928273,1.946069,1.953966,1.946069,1.850978,1.850978,0.083548,
miniFluxDiv-fuseAllCLOReduxOverlapTS32PT,FuseAll-CLO-Redux-Overlap-TS32-PT,Fusion within Tiles,Tile,32,1792,32,8,3.820677,3.859966,3.837478,3.773929,3.829294,3.824269,3.829294,3.773929,3.773929,0.031706,
miniFluxDiv-fuseAllCLOReduxOverlapTS8PT,FuseAll-CLO-Redux-Overlap-TS8-PT,Fusion within Tiles,Tile,8,224,64,8,0.782062,0.781583,0.758843,0.781598,0.760616,0.77294,0.781583,0.758843,0.758843,0.012078,0.758843
miniFluxDiv-fuseAllCLOReduxOverlapTS16PT,FuseAll-CLO-Redux-Overlap-TS16-PT,Fusion within Tiles,Tile,16,224,64,8,0.900816,0.898973,0.89994,0.90024,0.900161,0.900026,0.900161,0.898973,0.898973,0.000672,
miniFluxDiv-fuseAllCLOReduxOverlapTS32PT,FuseAll-CLO-Redux-Overlap-TS32-PT,Fusion within Tiles,Tile,32,224,64,8,1.63157,1.630423,1.676833,1.632299,1.670098,1.648245,1.632299,1.630423,1.630423,0.023156,
miniFluxDiv-fuseAllCLOReduxOverlapTS8PT,FuseAll-CLO-Redux-Overlap-TS8-PT,Fusion within Tiles,Tile,8,28,128,8,0.696989,0.699606,0.658574,0.699167,0.679444,0.686756,0.696989,0.658574,0.658574,0.017829,
miniFluxDiv-fuseAllCLOReduxOverlapTS16PT,FuseAll-CLO-Redux-Overlap-TS16-PT,Fusion within Tiles,Tile,16,28,128,8,0.643408,0.641113,0.649445,0.676195,0.666336,0.655299,0.649445,0.641113,0.641113,0.015292,0.641113
miniFluxDiv-fuseAllCLOReduxOverlapTS32PT,FuseAll-CLO-Redux-Overlap-TS32-PT,Fusion within Tiles,Tile,32,28,128,8,0.999255,1.0129,1.011485,0.981497,1.012889,1.003605,1.011485,0.981497,0.981497,0.013623,
miniFluxDiv-fuseAllCLOReduxOverlapTS8PT,FuseAll-CLO-Redux-Overlap-TS8-PT,Fusion within Tiles,Tile,8,14336,16,14,11.614966,9.419963,8.656471,9.115152,9.528997,9.66711,9.419963,8.656471,8.656471,1.140214,
miniFluxDiv-fuseAllCLOReduxOverlapTS16PT,FuseAll-CLO-Redux-Overlap-TS16-PT,Fusion within Tiles,Tile,16,14336,16,14,10.172642,17.118891,8.426196,13.026936,19.439588,13.636851,13.026936,8.426196,8.426196,4.618442,
miniFluxDiv-fuseAllCLOReduxOverlapTS32PT,FuseAll-CLO-Redux-Overlap-TS32-PT,Fusion within Tiles,Tile,32,14336,16,14,5.0776,5.093132,5.10943,5.091751,5.093103,5.093003,5.093103,5.0776,5.0776,0.011277,5.0776
miniFluxDiv-fuseAllCLOReduxOverlapTS8PT,FuseAll-CLO-Redux-Overlap-TS8-PT,Fusion within Tiles,Tile,8,1792,32,14,0.958989,0.753798,0.871799,0.882629,0.785235,0.85049,0.871799,0.753798,0.753798,0.081955,0.753798
miniFluxDiv-fuseAllCLOReduxOverlapTS16PT,FuseAll-CLO-Redux-Overlap-TS16-PT,Fusion within Tiles,Tile,16,1792,32,14,1.362796,1.274273,1.309793,1.204259,1.327134,1.295651,1.309793,1.204259,1.204259,0.060227,
miniFluxDiv-fuseAllCLOReduxOverlapTS32PT,FuseAll-CLO-Redux-Overlap-TS32-PT,Fusion within Tiles,Tile,32,1792,32,14,4.203474,4.255865,4.111679,4.345157,3.913019,4.165839,4.203474,3.913019,3.913019,0.164717,
miniFluxDiv-fuseAllCLOReduxOverlapTS8PT,FuseAll-CLO-Redux-Overlap-TS8-PT,Fusion within Tiles,Tile,8,224,64,14,0.532031,0.551696,0.550272,0.505825,0.552107,0.538386,0.550272,0.505825,0.505825,0.020046,0.505825
miniFluxDiv-fuseAllCLOReduxOverlapTS16PT,FuseAll-CLO-Redux-Overlap-TS16-PT,Fusion within Tiles,Tile,16,224,64,14,0.645543,0.650781,0.628036,0.590897,0.629683,0.628988,0.629683,0.590897,0.590897,0.023459,
miniFluxDiv-fuseAllCLOReduxOverlapTS32PT,FuseAll-CLO-Redux-Overlap-TS32-PT,Fusion within Tiles,Tile,32,224,64,14,0.977255,1.006869,1.004907,0.978917,1.003812,0.994352,1.003812,0.977255,0.977255,0.014901,
miniFluxDiv-fuseAllCLOReduxOverlapTS8PT,FuseAll-CLO-Redux-Overlap-TS8-PT,Fusion within Tiles,Tile,8,28,128,14,0.401464,0.416584,0.418864,0.427147,0.398352,0.412482,0.416584,0.398352,0.398352,0.012183,0.398352
miniFluxDiv-fuseAllCLOReduxOverlapTS16PT,FuseAll-CLO-Redux-Overlap-TS16-PT,Fusion within Tiles,Tile,16,28,128,14,0.458921,0.448395,0.448999,0.449756,0.517614,0.464737,0.449756,0.448395,0.448395,0.02987,
miniFluxDiv-fuseAllCLOReduxOverlapTS32PT,FuseAll-CLO-Redux-Overlap-TS32-PT,Fusion within Tiles,Tile,32,28,128,14,0.867703,0.835026,0.834172,0.670164,0.869946,0.815402,0.835026,0.670164,0.670164,0.082979,
miniFluxDiv-fuseAllCLOReduxOverlapTS8PT,FuseAll-CLO-Redux-Overlap-TS8-PT,Fusion within Tiles,Tile,8,14336,16,16,8.454612,8.079402,8.739732,13.376462,10.23158,9.776358,8.739732,8.079402,8.079402,2.171937,
miniFluxDiv-fuseAllCLOReduxOverlapTS16PT,FuseAll-CLO-Redux-Overlap-TS16-PT,Fusion within Tiles,Tile,16,14336,16,16,9.585138,9.639253,18.666896,20.715791,20.168994,15.755214,18.666896,9.585138,9.585138,5.657771,
miniFluxDiv-fuseAllCLOReduxOverlapTS32PT,FuseAll-CLO-Redux-Overlap-TS32-PT,Fusion within Tiles,Tile,32,14336,16,16,5.074506,5.086198,5.067955,5.0658,5.051876,5.069267,5.067955,5.051876,5.051876,0.012553,5.051876
miniFluxDiv-fuseAllCLOReduxOverlapTS8PT,FuseAll-CLO-Redux-Overlap-TS8-PT,Fusion within Tiles,Tile,8,1792,32,16,0.791554,0.785456,0.783484,1.007352,0.787476,0.831064,0.787476,0.783484,0.783484,0.098593,0.783484
miniFluxDiv-fuseAllCLOReduxOverlapTS16PT,FuseAll-CLO-Redux-Overlap-TS16-PT,Fusion within Tiles,Tile,16,1792,32,16,1.276685,1.34855,1.309408,1.281721,1.280248,1.299322,1.281721,1.276685,1.276685,0.03046,
miniFluxDiv-fuseAllCLOReduxOverlapTS32PT,FuseAll-CLO-Redux-Overlap-TS32-PT,Fusion within Tiles,Tile,32,1792,32,16,4.056704,4.20299,4.130066,4.202454,4.486972,4.215837,4.202454,4.056704,4.056704,0.163201,
miniFluxDiv-fuseAllCLOReduxOverlapTS8PT,FuseAll-CLO-Redux-Overlap-TS8-PT,Fusion within Tiles,Tile,8,224,64,16,0.459116,0.447395,0.443124,0.442274,0.499756,0.458333,0.447395,0.442274,0.442274,0.024111,0.442274
miniFluxDiv-fuseAllCLOReduxOverlapTS16PT,FuseAll-CLO-Redux-Overlap-TS16-PT,Fusion within Tiles,Tile,16,224,64,16,0.647967,0.637287,0.64614,0.61189,0.590796,0.626816,0.637287,0.590796,0.590796,0.024752,
miniFluxDiv-fuseAllCLOReduxOverlapTS32PT,FuseAll-CLO-Redux-Overlap-TS32-PT,Fusion within Tiles,Tile,32,224,64,16,1.003488,0.99302,0.967866,1.113674,1.011224,1.017854,1.003488,0.967866,0.967866,0.056007,
miniFluxDiv-fuseAllCLOReduxOverlapTS8PT,FuseAll-CLO-Redux-Overlap-TS8-PT,Fusion within Tiles,Tile,8,28,128,16,0.346027,0.376339,0.344169,0.356453,0.348707,0.354339,0.348707,0.344169,0.344169,0.01316,0.344169
miniFluxDiv-fuseAllCLOReduxOverlapTS16PT,FuseAll-CLO-Redux-Overlap-TS16-PT,Fusion within Tiles,Tile,16,28,128,16,0.506609,0.542348,0.49169,0.42135,0.596963,0.511792,0.506609,0.42135,0.42135,0.064804,
miniFluxDiv-fuseAllCLOReduxOverlapTS32PT,FuseAll-CLO-Redux-Overlap-TS32-PT,Fusion within Tiles,Tile,32,28,128,16,0.683377,0.667403,0.839368,0.840985,0.842586,0.774744,0.839368,0.667403,0.667403,0.09088,
miniFluxDiv-fuseAllCLOReduxOverlapTS8PT,FuseAll-CLO-Redux-Overlap-TS8-PT,Fusion within Tiles,Tile,8,14336,16,28,17.679846,8.504149,6.131726,23.715108,13.493119,13.90479,13.493119,6.131726,6.131726,7.075491,
miniFluxDiv-fuseAllCLOReduxOverlapTS16PT,FuseAll-CLO-Redux-Overlap-TS16-PT,Fusion within Tiles,Tile,16,14336,16,28,11.600227,14.919166,18.27838,15.601681,12.701312,14.620153,14.919166,11.600227,11.600227,2.60947,
miniFluxDiv-fuseAllCLOReduxOverlapTS32PT,FuseAll-CLO-Redux-Overlap-TS32-PT,Fusion within Tiles,Tile,32,14336,16,28,5.11251,13.163046,5.130131,5.133967,10.296884,7.767308,5.133967,5.11251,5.11251,3.756657,5.11251
miniFluxDiv-fuseAllCLOReduxOverlapTS8PT,FuseAll-CLO-Redux-Overlap-TS8-PT,Fusion within Tiles,Tile,8,1792,32,28,0.858146,0.813604,0.815633,0.819606,0.729828,0.807363,0.815633,0.729828,0.729828,0.047031,0.729828
miniFluxDiv-fuseAllCLOReduxOverlapTS16PT,FuseAll-CLO-Redux-Overlap-TS16-PT,Fusion within Tiles,Tile,16,1792,32,28,1.366966,1.407742,1.423904,1.431565,1.302298,1.386495,1.407742,1.302298,1.302298,0.053275,
miniFluxDiv-fuseAllCLOReduxOverlapTS32PT,FuseAll-CLO-Redux-Overlap-TS32-PT,Fusion within Tiles,Tile,32,1792,32,28,5.070928,4.991792,4.477103,5.009319,4.903783,4.890585,4.991792,4.477103,4.477103,0.23875,
miniFluxDiv-fuseAllCLOReduxOverlapTS8PT,FuseAll-CLO-Redux-Overlap-TS8-PT,Fusion within Tiles,Tile,8,224,64,28,0.343994,0.332163,0.353691,0.350106,0.348042,0.345599,0.348042,0.332163,0.332163,0.00829,0.332163
miniFluxDiv-fuseAllCLOReduxOverlapTS16PT,FuseAll-CLO-Redux-Overlap-TS16-PT,Fusion within Tiles,Tile,16,224,64,28,0.404329,0.457275,0.440952,0.470875,0.450577,0.444802,0.450577,0.404329,0.404329,0.025108,
miniFluxDiv-fuseAllCLOReduxOverlapTS32PT,FuseAll-CLO-Redux-Overlap-TS32-PT,Fusion within Tiles,Tile,32,224,64,28,0.985075,1.02545,1.021039,0.971619,1.021419,1.00492,1.021039,0.971619,0.971619,0.024781,
miniFluxDiv-fuseAllCLOReduxOverlapTS8PT,FuseAll-CLO-Redux-Overlap-TS8-PT,Fusion within Tiles,Tile,8,28,128,28,0.270961,0.257971,0.29104,0.268565,0.270202,0.271748,0.270202,0.257971,0.257971,0.011991,0.257971
miniFluxDiv-fuseAllCLOReduxOverlapTS16PT,FuseAll-CLO-Redux-Overlap-TS16-PT,Fusion within Tiles,Tile,16,28,128,28,0.373133,0.3389,0.335545,0.351045,0.335846,0.346894,0.3389,0.335545,0.335545,0.015972,
miniFluxDiv-fuseAllCLOReduxOverlapTS32PT,FuseAll-CLO-Redux-Overlap-TS32-PT,Fusion within Tiles,Tile,32,28,128,28,0.581889,0.586789,0.573082,0.549336,0.58466,0.575151,0.581889,0.549336,0.549336,0.015346,
miniFluxDiv-seriesCLOReduxOverlapTS8PB,Series-CLO-Redux-Overlap-TS8-PB,Fusion of Tiles,Box,8,14336,16,1,5.824113,5.822251,5.828196,5.825574,5.82599,5.825225,5.825574,5.822251,5.822251,0.002214,
miniFluxDiv-seriesCLOReduxOverlapTS16PB,Series-CLO-Redux-Overlap-TS16-PB,Fusion of Tiles,Box,16,14336,16,1,5.547641,5.54992,5.512845,5.557693,5.560965,5.545813,5.54992,5.512845,5.512845,0.019221,5.512845
miniFluxDiv-seriesCLOReduxOverlapTS32PB,Series-CLO-Redux-Overlap-TS32-PB,Fusion of Tiles,Box,32,14336,16,1,0.000241,0.00024,0.00024,0.000241,0.000241,0.000241,0.000241,0.00024,,0.000001,
miniFluxDiv-seriesCLOReduxOverlapTS8PB,Series-CLO-Redux-Overlap-TS8-PB,Fusion of Tiles,Box,8,1792,32,1,4.699807,4.693227,4.646068,4.693556,4.696288,4.685789,4.693556,4.646068,4.646068,0.022361,
miniFluxDiv-seriesCLOReduxOverlapTS16PB,Series-CLO-Redux-Overlap-TS16-PB,Fusion of Tiles,Box,16,1792,32,1,4.480851,4.299536,4.300079,5.046194,4.316039,4.48854,4.316039,4.299536,4.299536,0.320949,
miniFluxDiv-seriesCLOReduxOverlapTS32PB,Series-CLO-Redux-Overlap-TS32-PB,Fusion of Tiles,Box,32,1792,32,1,3.853652,5.388596,3.912224,3.859172,3.856829,4.174095,3.859172,3.853652,3.853652,0.679358,3.853652
miniFluxDiv-seriesCLOReduxOverlapTS8PB,Series-CLO-Redux-Overlap-TS8-PB,Fusion of Tiles,Box,8,224,64,1,4.64435,4.60983,4.598915,4.576728,4.58976,4.603917,4.598915,4.576728,4.576728,0.025664,
miniFluxDiv-seriesCLOReduxOverlapTS16PB,Series-CLO-Redux-Overlap-TS16-PB,Fusion of Tiles,Box,16,224,64,1,4.236478,4.244693,4.239447,4.236453,4.177979,4.22701,4.236478,4.177979,4.177979,0.027614,
miniFluxDiv-seriesCLOReduxOverlapTS32PB,Series-CLO-Redux-Overlap-TS32-PB,Fusion of Tiles,Box,32,224,64,1,3.80599,3.803714,3.804071,3.803549,3.802943,3.804053,3.803714,3.802943,3.802943,0.001157,3.802943
miniFluxDiv-seriesCLOReduxOverlapTS8PB,Series-CLO-Redux-Overlap-TS8-PB,Fusion of Tiles,Box,8,28,128,1,4.617902,4.669084,4.661645,4.6668,4.664409,4.655968,4.664409,4.617902,4.617902,0.021458,
miniFluxDiv-seriesCLOReduxOverlapTS16PB,Series-CLO-Redux-Overlap-TS16-PB,Fusion of Tiles,Box,16,28,128,1,4.447161,4.469431,4.449227,4.444423,4.44319,4.450686,4.447161,4.44319,4.44319,0.010739,
miniFluxDiv-seriesCLOReduxOverlapTS32PB,Series-CLO-Redux-Overlap-TS32-PB,Fusion of Tiles,Box,32,28,128,1,4.236867,4.237226,4.233513,4.239166,4.235528,4.23646,4.236867,4.233513,4.233513,0.002099,4.233513
miniFluxDiv-seriesCLOReduxOverlapTS8PB,Series-CLO-Redux-Overlap-TS8-PB,Fusion of Tiles,Box,8,14336,16,2,2.906538,2.941996,2.929398,2.921094,2.947774,2.92936,2.929398,2.906538,2.906538,0.016492,
miniFluxDiv-seriesCLOReduxOverlapTS16PB,Series-CLO-Redux-Overlap-TS16-PB,Fusion of Tiles,Box,16,14336,16,2,2.799334,2.860359,2.784716,2.793355,2.793654,2.806284,2.793654,2.784716,2.784716,0.030677,2.784716
miniFluxDiv-seriesCLOReduxOverlapTS32PB,Series-CLO-Redux-Overlap-TS32-PB,Fusion of Tiles,Box,32,14336,16,2,0.000136,0.000143,0.000139,0.000136,0.000261,0.000163,0.000139,0.000136,,0.000055,
miniFluxDiv-seriesCLOReduxOverlapTS8PB,Series-CLO-Redux-Overlap-TS8-PB,Fusion of Tiles,Box,8,1792,32,2,2.496269,2.49782,2.501782,2.496893,2.507076,2.499968,2.49782,2.496269,2.496269,0.004516,
miniFluxDiv-seriesCLOReduxOverlapTS16PB,Series-CLO-Redux-Overlap-TS16-PB,Fusion of Tiles,Box,16,1792,32,2,3.060127,2.246829,2.245882,2.254229,2.255049,2.412423,2.254229,2.245882,2.245882,0.362101,
miniFluxDiv-seriesCLOReduxOverlapTS32PB,Series-CLO-Redux-Overlap-TS32-PB,Fusion of Tiles,Box,32,1792,32,2,2.008132,2.007828,2.007731,2.044013,2.008901,2.015321,2.008132,2.007731,2.007731,0.016046,2.007731
miniFluxDiv-seriesCLOReduxOverlapTS8PB,Series-CLO-Redux-Overlap-TS8-PB,Fusion of Tiles,Box,8,224,64,2,2.537893,2.532849,2.551145,2.537311,2.577099,2.547259,2.537893,2.532849,2.532849,0.018027,
miniFluxDiv-seriesCLOReduxOverlapTS16PB,Series-CLO-Redux-Overlap-TS16-PB,Fusion of Tiles,Box,16,224,64,2,2.266021,2.267887,2.271849,2.268281,2.264389,2.267685,2.267887,2.264389,2.264389,0.0028,
miniFluxDiv-seriesCLOReduxOverlapTS32PB,Series-CLO-Redux-Overlap-TS32-PB,Fusion of Tiles,Box,32,224,64,2,2.065566,2.056583,2.054917,2.056885,2.064031,2.059596,2.056885,2.054917,2.054917,0.004838,2.054917
miniFluxDiv-seriesCLOReduxOverlapTS8PB,Series-CLO-Redux-Overlap-TS8-PB,Fusion of Tiles,Box,8,28,128,2,2.627723,2.622174,2.629707,2.61844,2.620091,2.623627,2.622174,2.61844,2.61844,0.00488,
miniFluxDiv-seriesCLOReduxOverlapTS16PB,Series-CLO-Redux-Overlap-TS16-PB,Fusion of Tiles,Box,16,28,128,2,2.44025,2.35787,2.356397,2.356645,2.355687,2.37337,2.356645,2.355687,2.355687,0.037395,
miniFluxDiv-seriesCLOReduxOverlapTS32PB,Series-CLO-Redux-Overlap-TS32-PB,Fusion of Tiles,Box,32,28,128,2,2.348494,2.326668,2.324128,2.430402,3.070331,2.500005,2.348494,2.324128,2.324128,0.321734,2.324128
miniFluxDiv-seriesCLOReduxOverlapTS8PB,Series-CLO-Redux-Overlap-TS8-PB,Fusion of Tiles,Box,8,14336,16,8,2.326196,2.273345,2.32364,2.286447,2.297689,2.301463,2.297689,2.273345,2.273345,0.023097,
miniFluxDiv-seriesCLOReduxOverlapTS16PB,Series-CLO-Redux-Overlap-TS16-PB,Fusion of Tiles,Box,16,14336,16,8,2.249005,2.274117,2.214876,2.235066,2.241851,2.242983,2.241851,2.214876,2.214876,0.021561,2.214876
miniFluxDiv-seriesCLOReduxOverlapTS32PB,Series-CLO-Redux-Overlap-TS32-PB,Fusion of Tiles,Box,32,14336,16,8,0.000168,0.000186,0.000182,0.000159,0.000114,0.000162,0.000168,0.000114,,0.000029,
miniFluxDiv-seriesCLOReduxOverlapTS8PB,Series-CLO-Redux-Overlap-TS8-PB,Fusion of Tiles,Box,8,1792,32,8,0.732209,0.757507,0.768379,0.749859,0.694537,0.740498,0.749859,0.694537,0.694537,0.028876,
miniFluxDiv-seriesCLOReduxOverlapTS16PB,Series-CLO-Redux-Overlap-TS16-PB,Fusion of Tiles,Box,16,1792,32,8,0.677537,0.691442,0.645661,0.672034,0.698385,0.677012,0.677537,0.645661,0.645661,0.020451,0.645661
miniFluxDiv-seriesCLOReduxOverlapTS32PB,Series-CLO-Redux-Overlap-TS32-PB,Fusion of Tiles,Box,32,1792,32,8,0.92111,0.93502,0.90691,0.87985,0.993356,0.927249,0.92111,0.87985,0.87985,0.042215,
miniFluxDiv-seriesCLOReduxOverlapTS8PB,Series-CLO-Redux-Overlap-TS8-PB,Fusion of Tiles,Box,8,224,64,8,0.716444,0.715618,0.718159,0.716487,0.717971,0.716936,0.716487,0.715618,0.715618,0.001089,
miniFluxDiv-seriesCLOReduxOverlapTS16PB,Series-CLO-Redux-Overlap-TS16-PB,Fusion of Tiles,Box,16,224,64,8,0.657023,0.698432,0.611016,0.634409,0.633492,0.646874,0.634409,0.611016,0.611016,0.033096,0.611016
miniFluxDiv-seriesCLOReduxOverlapTS32PB,Series-CLO-Redux-Overlap-TS32-PB,Fusion of Tiles,Box,32,224,64,8,1.234909,1.316621,1.19155,1.148735,1.2479,1.227943,1.234909,1.148735,1.148735,0.063065,
miniFluxDiv-seriesCLOReduxOverlapTS8PB,Series-CLO-Redux-Overlap-TS8-PB,Fusion of Tiles,Box,8,28,128,8,0.851349,0.867171,0.862019,0.850095,0.848893,0.855905,0.851349,0.848893,0.848893,0.008185,
miniFluxDiv-seriesCLOReduxOverlapTS16PB,Series-CLO-Redux-Overlap-TS16-PB,Fusion of Tiles,Box,16,28,128,8,0.732718,0.777278,0.77563,0.76006,0.739631,0.757063,0.76006,0.732718,0.732718,0.020365,0.732718
miniFluxDiv-seriesCLOReduxOverlapTS32PB,Series-CLO-Redux-Overlap-TS32-PB,Fusion of Tiles,Box,32,28,128,8,1.768717,1.866033,1.852141,1.868322,1.860375,1.843118,1.860375,1.768717,1.768717,0.042057,
miniFluxDiv-seriesCLOReduxOverlapTS8PB,Series-CLO-Redux-Overlap-TS8-PB,Fusion of Tiles,Box,8,14336,16,14,1.466256,1.563582,1.117378,1.451132,2.035936,1.526857,1.466256,1.117378,1.117378,0.330753,1.117378
miniFluxDiv-seriesCLOReduxOverlapTS16PB,Series-CLO-Redux-Overlap-TS16-PB,Fusion of Tiles,Box,16,14336,16,14,1.40094,1.378332,1.365774,1.350284,1.352012,1.369468,1.365774,1.350284,1.350284,0.020949,
miniFluxDiv-seriesCLOReduxOverlapTS32PB,Series-CLO-Redux-Overlap-TS32-PB,Fusion of Tiles,Box,32,14336,16,14,0.000209,0.000119,0.000139,0.00017,0.000205,0.000168,0.00017,0.000119,,0.00004,
miniFluxDiv-seriesCLOReduxOverlapTS8PB,Series-CLO-Redux-Overlap-TS8-PB,Fusion of Tiles,Box,8,1792,32,14,0.55232,0.535544,0.531897,0.567667,0.42161,0.521808,0.535544,0.42161,0.42161,0.057802,0.42161
miniFluxDiv-seriesCLOReduxOverlapTS16PB,Series-CLO-Redux-Overlap-TS16-PB,Fusion of Tiles,Box,16,1792,32,14,0.538595,0.517601,0.562484,0.591827,0.518415,0.545784,0.538595,0.517601,0.517601,0.031599,
miniFluxDiv-seriesCLOReduxOverlapTS32PB,Series-CLO-Redux-Overlap-TS32-PB,Fusion of Tiles,Box,32,1792,32,14,1.13799,1.152231,0.883879,1.04352,0.970328,1.03759,1.04352,0.883879,0.883879,0.113368,
miniFluxDiv-seriesCLOReduxOverlapTS8PB,Series-CLO-Redux-Overlap-TS8-PB,Fusion of Tiles,Box,8,224,64,14,0.413621,0.420006,0.406118,0.395641,0.445777,0.416233,0.413621,0.395641,0.395641,0.018843,0.395641
miniFluxDiv-seriesCLOReduxOverlapTS16PB,Series-CLO-Redux-Overlap-TS16-PB,Fusion of Tiles,Box,16,224,64,14,0.43947,0.45931,0.439934,0.467421,0.404648,0.442157,0.439934,0.404648,0.404648,0.024247,
miniFluxDiv-seriesCLOReduxOverlapTS32PB,Series-CLO-Redux-Overlap-TS32-PB,Fusion of Tiles,Box,32,224,64,14,1.154487,1.306008,1.171284,1.3568,1.18036,1.233788,1.18036,1.154487,1.154487,0.091375,
miniFluxDiv-seriesCLOReduxOverlapTS8PB,Series-CLO-Redux-Overlap-TS8-PB,Fusion of Tiles,Box,8,28,128,14,0.44766,0.457474,0.463465,0.453654,0.434341,0.451319,0.453654,0.434341,0.434341,0.011096,0.434341
miniFluxDiv-seriesCLOReduxOverlapTS16PB,Series-CLO-Redux-Overlap-TS16-PB,Fusion of Tiles,Box,16,28,128,14,0.494412,0.522754,0.539952,0.469815,0.535997,0.512586,0.522754,0.469815,0.469815,0.029833,
miniFluxDiv-seriesCLOReduxOverlapTS32PB,Series-CLO-Redux-Overlap-TS32-PB,Fusion of Tiles,Box,32,28,128,14,1.692186,1.621785,1.470696,1.621639,1.583438,1.597949,1.621639,1.470696,1.470696,0.081262,
miniFluxDiv-seriesCLOReduxOverlapTS8PB,Series-CLO-Redux-Overlap-TS8-PB,Fusion of Tiles,Box,8,14336,16,16,1.285538,1.361016,1.367292,1.3053,1.23435,1.310699,1.3053,1.23435,1.23435,0.055286,
miniFluxDiv-seriesCLOReduxOverlapTS16PB,Series-CLO-Redux-Overlap-TS16-PB,Fusion of Tiles,Box,16,14336,16,16,0.927998,1.220444,1.328047,1.237457,1.198987,1.182587,1.220444,0.927998,0.927998,0.150571,0.927998
miniFluxDiv-seriesCLOReduxOverlapTS32PB,Series-CLO-Redux-Overlap-TS32-PB,Fusion of Tiles,Box,32,14336,16,16,0.000172,0.00016,0.00019,0.000165,0.000195,0.000176,0.000172,0.00016,,0.000015,
miniFluxDiv-seriesCLOReduxOverlapTS8PB,Series-CLO-Redux-Overlap-TS8-PB,Fusion of Tiles,Box,8,1792,32,16,0.465731,0.493923,0.497452,0.488576,0.474447,0.484026,0.488576,0.465731,0.465731,0.013466,0.465731
miniFluxDiv-seriesCLOReduxOverlapTS16PB,Series-CLO-Redux-Overlap-TS16-PB,Fusion of Tiles,Box,16,1792,32,16,0.475198,0.479389,0.483915,0.476579,0.472383,0.477493,0.476579,0.472383,0.472383,0.004389,
miniFluxDiv-seriesCLOReduxOverlapTS32PB,Series-CLO-Redux-Overlap-TS32-PB,Fusion of Tiles,Box,32,1792,32,16,1.161543,0.91209,0.973321,1.03169,1.19246,1.054221,1.03169,0.91209,0.91209,0.120293,
miniFluxDiv-seriesCLOReduxOverlapTS8PB,Series-CLO-Redux-Overlap-TS8-PB,Fusion of Tiles,Box,8,224,64,16,0.396091,0.365229,0.357671,0.349182,0.348967,0.363428,0.357671,0.348967,0.348967,0.019464,0.348967
miniFluxDiv-seriesCLOReduxOverlapTS16PB,Series-CLO-Redux-Overlap-TS16-PB,Fusion of Tiles,Box,16,224,64,16,0.414396,0.708418,0.801647,0.560898,0.82131,0.661334,0.708418,0.414396,0.414396,0.172165,
miniFluxDiv-seriesCLOReduxOverlapTS32PB,Series-CLO-Redux-Overlap-TS32-PB,Fusion of Tiles,Box,32,224,64,16,1.193692,1.235935,1.123978,1.299452,1.33313,1.237237,1.235935,1.123978,1.123978,0.083354,
miniFluxDiv-seriesCLOReduxOverlapTS8PB,Series-CLO-Redux-Overlap-TS8-PB,Fusion of Tiles,Box,8,28,128,16,0.459838,0.457277,0.447745,0.476354,0.448675,0.457978,0.457277,0.447745,0.447745,0.011542,0.446691
miniFluxDiv-seriesCLOReduxOverlapTS16PB,Series-CLO-Redux-Overlap-TS16-PB,Fusion of Tiles,Box,16,28,128,16,0.611658,0.446691,0.485614,0.666646,0.468324,0.535787,0.485614,0.446691,0.446691,0.097323,
miniFluxDiv-seriesCLOReduxOverlapTS32PB,Series-CLO-Redux-Overlap-TS32-PB,Fusion of Tiles,Box,32,28,128,16,1.554674,1.534652,1.485316,1.468104,1.607681,1.530085,1.534652,1.468104,1.468104,0.055885,
miniFluxDiv-seriesCLOReduxOverlapTS8PB,Series-CLO-Redux-Overlap-TS8-PB,Fusion of Tiles,Box,8,14336,16,28,0.785144,0.800229,0.777455,0.738709,0.747593,0.769826,0.777455,0.738709,0.738709,0.025883,0.738709
miniFluxDiv-seriesCLOReduxOverlapTS16PB,Series-CLO-Redux-Overlap-TS16-PB,Fusion of Tiles,Box,16,14336,16,28,0.815029,0.808178,0.784359,0.770304,0.820461,0.799666,0.808178,0.770304,0.770304,0.021432,
miniFluxDiv-seriesCLOReduxOverlapTS32PB,Series-CLO-Redux-Overlap-TS32-PB,Fusion of Tiles,Box,32,14336,16,28,0.001651,0.000161,0.003064,0.003075,0.003084,0.002207,0.003064,0.000161,,0.001299,
miniFluxDiv-seriesCLOReduxOverlapTS8PB,Series-CLO-Redux-Overlap-TS8-PB,Fusion of Tiles,Box,8,1792,32,28,0.289922,0.295168,0.303518,0.327292,0.339093,0.310999,0.303518,0.289922,0.289922,0.021246,0.289922
miniFluxDiv-seriesCLOReduxOverlapTS16PB,Series-CLO-Redux-Overlap-TS16-PB,Fusion of Tiles,Box,16,1792,32,28,0.492797,0.445426,0.527089,0.520285,0.478557,0.492831,0.492797,0.445426,0.445426,0.033084,
miniFluxDiv-seriesCLOReduxOverlapTS32PB,Series-CLO-Redux-Overlap-TS32-PB,Fusion of Tiles,Box,32,1792,32,28,1.23785,1.147917,0.998958,1.080705,0.979088,1.088904,1.080705,0.979088,0.979088,0.107103,
miniFluxDiv-seriesCLOReduxOverlapTS8PB,Series-CLO-Redux-Overlap-TS8-PB,Fusion of Tiles,Box,8,224,64,28,0.243805,0.243629,0.242181,0.243386,0.260178,0.246636,0.243629,0.242181,0.242181,0.007597,0.242181
miniFluxDiv-seriesCLOReduxOverlapTS16PB,Series-CLO-Redux-Overlap-TS16-PB,Fusion of Tiles,Box,16,224,64,28,0.670487,0.642969,0.669208,0.67824,0.674365,0.667054,0.670487,0.642969,0.642969,0.01392,
miniFluxDiv-seriesCLOReduxOverlapTS32PB,Series-CLO-Redux-Overlap-TS32-PB,Fusion of Tiles,Box,32,224,64,28,1.416151,1.307183,1.336632,1.313899,1.566115,1.387996,1.336632,1.307183,1.307183,0.108603,
miniFluxDiv-seriesCLOReduxOverlapTS8PB,Series-CLO-Redux-Overlap-TS8-PB,Fusion of Tiles,Box,8,28,128,28,0.275053,0.255398,0.254757,0.278957,0.314774,0.275788,0.275053,0.254757,0.254757,0.024436,0.254757
miniFluxDiv-seriesCLOReduxOverlapTS16PB,Series-CLO-Redux-Overlap-TS16-PB,Fusion of Tiles,Box,16,28,128,28,0.709593,0.70961,0.713628,0.725207,0.676701,0.706948,0.70961,0.676701,0.676701,0.018076,
miniFluxDiv-seriesCLOReduxOverlapTS32PB,Series-CLO-Redux-Overlap-TS32-PB,Fusion of Tiles,Box,32,28,128,28,1.695813,1.687479,1.451617,1.500482,1.850255,1.637129,1.687479,1.451617,1.451617,0.161624,
miniFluxDiv-seriesCLOReduxOverlapTS8PT,Series-CLO-Redux-Overlap-TS8-PT,Fusion of Tiles,Tile,8,14336,16,1,5.905406,5.898341,5.891178,5.913605,5.885841,5.898874,5.898341,5.885841,5.885841,0.011057,
miniFluxDiv-seriesCLOReduxOverlapTS16PT,Series-CLO-Redux-Overlap-TS16-PT,Fusion of Tiles,Tile,16,14336,16,1,5.667386,5.709773,5.65345,5.658999,5.657499,5.669421,5.658999,5.65345,5.65345,0.023121,5.65345
miniFluxDiv-seriesCLOReduxOverlapTS32PT,Series-CLO-Redux-Overlap-TS32-PT,Fusion of Tiles,Tile,32,14336,16,1,0.003134,0.003144,0.003129,0.003149,0.003139,0.003139,0.003139,0.003129,,0.000008,
miniFluxDiv-seriesCLOReduxOverlapTS8PT,Series-CLO-Redux-Overlap-TS8-PT,Fusion of Tiles,Tile,8,1792,32,1,4.757472,4.743489,4.746755,4.748173,4.747242,4.748626,4.747242,4.743489,4.743489,0.00525,
miniFluxDiv-seriesCLOReduxOverlapTS16PT,Series-CLO-Redux-Overlap-TS16-PT,Fusion of Tiles,Tile,16,1792,32,1,4.388591,4.371488,5.329451,4.393207,4.401947,4.576937,4.393207,4.371488,4.371488,0.420814,
miniFluxDiv-seriesCLOReduxOverlapTS32PT,Series-CLO-Redux-Overlap-TS32-PT,Fusion of Tiles,Tile,32,1792,32,1,3.898737,3.881726,5.141401,3.887256,3.886953,4.139215,3.887256,3.881726,3.881726,0.560274,3.881726
miniFluxDiv-seriesCLOReduxOverlapTS8PT,Series-CLO-Redux-Overlap-TS8-PT,Fusion of Tiles,Tile,8,224,64,1,4.648889,4.65528,4.667542,4.657862,4.661725,4.65826,4.657862,4.648889,4.648889,0.006982,
miniFluxDiv-seriesCLOReduxOverlapTS16PT,Series-CLO-Redux-Overlap-TS16-PT,Fusion of Tiles,Tile,16,224,64,1,4.335167,4.344814,4.340724,4.341337,4.338856,4.34018,4.340724,4.335167,4.335167,0.003535,
miniFluxDiv-seriesCLOReduxOverlapTS32PT,Series-CLO-Redux-Overlap-TS32-PT,Fusion of Tiles,Tile,32,224,64,1,3.806823,3.801876,3.804979,3.803726,3.798663,3.803213,3.803726,3.798663,3.798663,0.003119,3.798663
miniFluxDiv-seriesCLOReduxOverlapTS8PT,Series-CLO-Redux-Overlap-TS8-PT,Fusion of Tiles,Tile,8,28,128,1,4.791366,4.802742,4.818144,4.799801,4.783788,4.799168,4.799801,4.783788,4.783788,0.012949,
miniFluxDiv-seriesCLOReduxOverlapTS16PT,Series-CLO-Redux-Overlap-TS16-PT,Fusion of Tiles,Tile,16,28,128,1,4.557993,4.563627,4.549234,4.553586,4.562584,4.557405,4.557993,4.549234,4.549234,0.006067,
miniFluxDiv-seriesCLOReduxOverlapTS32PT,Series-CLO-Redux-Overlap-TS32-PT,Fusion of Tiles,Tile,32,28,128,1,4.192904,4.200176,4.195087,4.193639,4.219162,4.200194,4.195087,4.192904,4.192904,0.010977,4.192904
miniFluxDiv-seriesCLOReduxOverlapTS8PT,Series-CLO-Redux-Overlap-TS8-PT,Fusion of Tiles,Tile,8,14336,16,2,7.823249,7.814899,7.764259,7.752444,7.817734,7.794517,7.814899,7.752444,7.752444,0.033413,
miniFluxDiv-seriesCLOReduxOverlapTS16PT,Series-CLO-Redux-Overlap-TS16-PT,Fusion of Tiles,Tile,16,14336,16,2,8.989646,11.374068,6.28754,11.258113,11.236602,9.829194,11.236602,6.28754,6.28754,2.216833,6.28754
miniFluxDiv-seriesCLOReduxOverlapTS32PT,Series-CLO-Redux-Overlap-TS32-PT,Fusion of Tiles,Tile,32,14336,16,2,0.031398,0.030031,0.029094,0.031171,0.031053,0.030549,0.031053,0.029094,,0.000968,
miniFluxDiv-seriesCLOReduxOverlapTS8PT,Series-CLO-Redux-Overlap-TS8-PT,Fusion of Tiles,Tile,8,1792,32,2,2.862529,2.839226,2.875911,2.84355,2.873107,2.858865,2.862529,2.839226,2.839226,0.016786,
miniFluxDiv-seriesCLOReduxOverlapTS16PT,Series-CLO-Redux-Overlap-TS16-PT,Fusion of Tiles,Tile,16,1792,32,2,2.600783,2.618085,2.568809,2.261316,2.591517,2.528102,2.591517,2.261316,2.261316,0.150194,2.261316
miniFluxDiv-seriesCLOReduxOverlapTS32PT,Series-CLO-Redux-Overlap-TS32-PT,Fusion of Tiles,Tile,32,1792,32,2,4.342214,3.878196,4.270074,3.866962,5.782022,4.427894,4.270074,3.866962,3.866962,0.787833,
miniFluxDiv-seriesCLOReduxOverlapTS8PT,Series-CLO-Redux-Overlap-TS8-PT,Fusion of Tiles,Tile,8,224,64,2,2.608916,2.580105,2.615755,2.616226,2.601108,2.604422,2.608916,2.580105,2.580105,0.014919,
miniFluxDiv-seriesCLOReduxOverlapTS16PT,Series-CLO-Redux-Overlap-TS16-PT,Fusion of Tiles,Tile,16,224,64,2,2.338815,2.34345,2.337334,2.338511,2.33941,2.339504,2.338815,2.337334,2.337334,0.002332,
miniFluxDiv-seriesCLOReduxOverlapTS32PT,Series-CLO-Redux-Overlap-TS32-PT,Fusion of Tiles,Tile,32,224,64,2,2.045851,2.045915,2.046778,2.044324,2.04674,2.045922,2.045915,2.044324,2.044324,0.000995,2.044324
miniFluxDiv-seriesCLOReduxOverlapTS8PT,Series-CLO-Redux-Overlap-TS8-PT,Fusion of Tiles,Tile,8,28,128,2,2.755073,2.758386,2.752404,2.758437,2.748098,2.75448,2.755073,2.748098,2.748098,0.004368,
miniFluxDiv-seriesCLOReduxOverlapTS16PT,Series-CLO-Redux-Overlap-TS16-PT,Fusion of Tiles,Tile,16,28,128,2,2.470985,2.469266,2.469784,2.470441,2.473222,2.47074,2.470441,2.469266,2.469266,0.001533,
miniFluxDiv-seriesCLOReduxOverlapTS32PT,Series-CLO-Redux-Overlap-TS32-PT,Fusion of Tiles,Tile,32,28,128,2,2.376572,2.36565,2.370905,2.358655,2.995303,2.493417,2.370905,2.358655,2.358655,0.280641,2.358655
miniFluxDiv-seriesCLOReduxOverlapTS8PT,Series-CLO-Redux-Overlap-TS8-PT,Fusion of Tiles,Tile,8,14336,16,8,12.634402,12.628423,9.159063,11.555626,12.573949,11.710293,12.573949,9.159063,9.159063,1.49796,9.159063
miniFluxDiv-seriesCLOReduxOverlapTS16PT,Series-CLO-Redux-Overlap-TS16-PT,Fusion of Tiles,Tile,16,14336,16,8,17.612917,14.034152,15.227125,13.842158,13.986865,14.940643,14.034152,13.842158,13.842158,1.593832,
miniFluxDiv-seriesCLOReduxOverlapTS32PT,Series-CLO-Redux-Overlap-TS32-PT,Fusion of Tiles,Tile,32,14336,16,8,0.059077,0.056213,0.064611,0.05815,0.062173,0.060045,0.059077,0.056213,,0.003339,
miniFluxDiv-seriesCLOReduxOverlapTS8PT,Series-CLO-Redux-Overlap-TS8-PT,Fusion of Tiles,Tile,8,1792,32,8,1.608164,1.598608,1.602772,1.597429,1.571021,1.595599,1.598608,1.571021,1.571021,0.014368,1.571021
miniFluxDiv-seriesCLOReduxOverlapTS16PT,Series-CLO-Redux-Overlap-TS16-PT,Fusion of Tiles,Tile,16,1792,32,8,2.864057,2.891965,2.813959,2.790206,2.769984,2.826034,2.813959,2.769984,2.769984,0.050901,
miniFluxDiv-seriesCLOReduxOverlapTS32PT,Series-CLO-Redux-Overlap-TS32-PT,Fusion of Tiles,Tile,32,1792,32,8,4.37891,5.986799,6.211034,6.232662,6.150299,5.791941,6.150299,4.37891,4.37891,0.795758,
miniFluxDiv-seriesCLOReduxOverlapTS8PT,Series-CLO-Redux-Overlap-TS8-PT,Fusion of Tiles,Tile,8,224,64,8,1.391819,1.376812,1.382378,1.389005,1.405085,1.38902,1.389005,1.376812,1.376812,0.010713,
miniFluxDiv-seriesCLOReduxOverlapTS16PT,Series-CLO-Redux-Overlap-TS16-PT,Fusion of Tiles,Tile,16,224,64,8,1.297804,1.324018,1.281207,1.317325,1.338572,1.311785,1.317325,1.281207,1.281207,0.022519,1.281207
miniFluxDiv-seriesCLOReduxOverlapTS32PT,Series-CLO-Redux-Overlap-TS32-PT,Fusion of Tiles,Tile,32,224,64,8,2.544984,2.54782,2.587566,2.586294,2.619639,2.577261,2.586294,2.544984,2.544984,0.031194,
miniFluxDiv-seriesCLOReduxOverlapTS8PT,Series-CLO-Redux-Overlap-TS8-PT,Fusion of Tiles,Tile,8,28,128,8,1.141919,1.13895,1.144626,1.134246,1.127939,1.137536,1.13895,1.127939,1.127939,0.006603,1.127939
miniFluxDiv-seriesCLOReduxOverlapTS16PT,Series-CLO-Redux-Overlap-TS16-PT,Fusion of Tiles,Tile,16,28,128,8,1.304334,1.294008,1.298302,1.306566,1.327693,1.306181,1.304334,1.294008,1.294008,0.013006,
miniFluxDiv-seriesCLOReduxOverlapTS32PT,Series-CLO-Redux-Overlap-TS32-PT,Fusion of Tiles,Tile,32,28,128,8,2.641661,2.667291,2.593562,2.966949,2.677062,2.709305,2.667291,2.593562,2.593562,0.147612,
miniFluxDiv-seriesCLOReduxOverlapTS8PT,Series-CLO-Redux-Overlap-TS8-PT,Fusion of Tiles,Tile,8,14336,16,14,7.694154,13.519924,11.594071,15.402312,14.127564,12.467605,13.519924,7.694154,7.694154,3.00101,7.694154
miniFluxDiv-seriesCLOReduxOverlapTS16PT,Series-CLO-Redux-Overlap-TS16-PT,Fusion of Tiles,Tile,16,14336,16,14,21.94426,20.078916,16.38233,10.200013,14.346582,16.59042,16.38233,10.200013,10.200013,4.656947,
miniFluxDiv-seriesCLOReduxOverlapTS32PT,Series-CLO-Redux-Overlap-TS32-PT,Fusion of Tiles,Tile,32,14336,16,14,0.082152,0.08174,0.078161,0.080139,0.077295,0.079897,0.080139,0.077295,,0.00214,
miniFluxDiv-seriesCLOReduxOverlapTS8PT,Series-CLO-Redux-Overlap-TS8-PT,Fusion of Tiles,Tile,8,1792,32,14,1.618602,1.59982,1.634132,1.432944,1.584571,1.574014,1.59982,1.432944,1.432944,0.081056,1.432944
miniFluxDiv-seriesCLOReduxOverlapTS16PT,Series-CLO-Redux-Overlap-TS16-PT,Fusion of Tiles,Tile,16,1792,32,14,2.837575,2.872639,2.886425,2.866489,2.90393,2.873412,2.872639,2.837575,2.837575,0.024665,
miniFluxDiv-seriesCLOReduxOverlapTS32PT,Series-CLO-Redux-Overlap-TS32-PT,Fusion of Tiles,Tile,32,1792,32,14,6.358438,6.333882,6.330516,6.309241,6.33383,6.333181,6.33383,6.309241,6.309241,0.017457,
miniFluxDiv-seriesCLOReduxOverlapTS8PT,Series-CLO-Redux-Overlap-TS8-PT,Fusion of Tiles,Tile,8,224,64,14,0.742222,0.742463,0.743785,0.74311,0.742552,0.742826,0.742552,0.742222,0.742222,0.000627,0.742222
miniFluxDiv-seriesCLOReduxOverlapTS16PT,Series-CLO-Redux-Overlap-TS16-PT,Fusion of Tiles,Tile,16,224,64,14,1.298232,1.327624,1.324177,1.28003,1.326119,1.311236,1.324177,1.28003,1.28003,0.021216,
miniFluxDiv-seriesCLOReduxOverlapTS32PT,Series-CLO-Redux-Overlap-TS32-PT,Fusion of Tiles,Tile,32,224,64,14,2.553509,2.595993,2.547887,2.051827,2.061859,2.362215,2.547887,2.051827,2.051827,0.279407,
miniFluxDiv-seriesCLOReduxOverlapTS8PT,Series-CLO-Redux-Overlap-TS8-PT,Fusion of Tiles,Tile,8,28,128,14,0.78581,0.784186,0.782072,0.769032,0.770108,0.778242,0.782072,0.769032,0.769032,0.008035,
miniFluxDiv-seriesCLOReduxOverlapTS16PT,Series-CLO-Redux-Overlap-TS16-PT,Fusion of Tiles,Tile,16,28,128,14,0.704763,0.690298,0.688963,0.704442,0.6819,0.694073,0.690298,0.6819,0.6819,0.010128,0.6819
miniFluxDiv-seriesCLOReduxOverlapTS32PT,Series-CLO-Redux-Overlap-TS32-PT,Fusion of Tiles,Tile,32,28,128,14,3.014661,2.954844,2.611806,2.640566,2.585705,2.761516,2.640566,2.585705,2.585705,0.205797,
miniFluxDiv-seriesCLOReduxOverlapTS8PT,Series-CLO-Redux-Overlap-TS8-PT,Fusion of Tiles,Tile,8,14336,16,16,17.83189,12.870812,17.358993,15.673496,16.530241,16.053086,16.530241,12.870812,12.870812,1.960113,
miniFluxDiv-seriesCLOReduxOverlapTS16PT,Series-CLO-Redux-Overlap-TS16-PT,Fusion of Tiles,Tile,16,14336,16,16,13.210352,12.633161,14.161465,9.583589,14.920275,12.901768,13.210352,9.583589,9.583589,2.051761,9.583589
miniFluxDiv-seriesCLOReduxOverlapTS32PT,Series-CLO-Redux-Overlap-TS32-PT,Fusion of Tiles,Tile,32,14336,16,16,0.083222,0.080884,0.081037,0.067435,0.073672,0.07725,0.080884,0.067435,,0.006564,
miniFluxDiv-seriesCLOReduxOverlapTS8PT,Series-CLO-Redux-Overlap-TS8-PT,Fusion of Tiles,Tile,8,1792,32,16,1.491591,1.648116,1.676306,1.657103,1.640424,1.622708,1.648116,1.491591,1.491591,0.07451,1.491591
miniFluxDiv-seriesCLOReduxOverlapTS16PT,Series-CLO-Redux-Overlap-TS16-PT,Fusion of Tiles,Tile,16,1792,32,16,2.918098,2.904552,2.909529,2.903283,2.614549,2.850002,2.904552,2.614549,2.614549,0.131751,
miniFluxDiv-seriesCLOReduxOverlapTS32PT,Series-CLO-Redux-Overlap-TS32-PT,Fusion of Tiles,Tile,32,1792,32,16,6.424059,6.34659,6.291838,6.339016,6.349062,6.350113,6.34659,6.291838,6.291838,0.047436,
miniFluxDiv-seriesCLOReduxOverlapTS8PT,Series-CLO-Redux-Overlap-TS8-PT,Fusion of Tiles,Tile,8,224,64,16,0.741383,0.759261,0.746236,0.745589,0.743847,0.747263,0.745589,0.741383,0.741383,0.006965,0.741383
miniFluxDiv-seriesCLOReduxOverlapTS16PT,Series-CLO-Redux-Overlap-TS16-PT,Fusion of Tiles,Tile,16,224,64,16,1.297399,1.333544,1.294728,1.328665,1.319051,1.314677,1.319051,1.294728,1.294728,0.017799,
miniFluxDiv-seriesCLOReduxOverlapTS32PT,Series-CLO-Redux-Overlap-TS32-PT,Fusion of Tiles,Tile,32,224,64,16,2.57057,2.583789,2.571455,2.104469,2.575593,2.481175,2.571455,2.104469,2.104469,0.21065,
miniFluxDiv-seriesCLOReduxOverlapTS8PT,Series-CLO-Redux-Overlap-TS8-PT,Fusion of Tiles,Tile,8,28,128,16,0.746672,0.756755,0.749021,0.741198,0.758483,0.750426,0.749021,0.741198,0.741198,0.00718,
miniFluxDiv-seriesCLOReduxOverlapTS16PT,Series-CLO-Redux-Overlap-TS16-PT,Fusion of Tiles,Tile,16,28,128,16,0.818888,0.689485,0.688628,0.690198,0.685361,0.714512,0.689485,0.685361,0.685361,0.058377,0.685361
miniFluxDiv-seriesCLOReduxOverlapTS32PT,Series-CLO-Redux-Overlap-TS32-PT,Fusion of Tiles,Tile,32,28,128,16,3.009254,3.011306,2.982769,3.019375,2.967649,2.998071,3.009254,2.967649,2.967649,0.021873,
miniFluxDiv-seriesCLOReduxOverlapTS8PT,Series-CLO-Redux-Overlap-TS8-PT,Fusion of Tiles,Tile,8,14336,16,28,13.591275,12.10805,17.233495,10.471878,10.903982,12.861736,12.10805,10.471878,10.471878,2.727488,
miniFluxDiv-seriesCLOReduxOverlapTS16PT,Series-CLO-Redux-Overlap-TS16-PT,Fusion of Tiles,Tile,16,14336,16,28,19.013069,13.581368,14.069865,21.865903,25.189018,18.743845,19.013069,13.581368,13.581368,4.99643,
miniFluxDiv-seriesCLOReduxOverlapTS32PT,Series-CLO-Redux-Overlap-TS32-PT,Fusion of Tiles,Tile,32,14336,16,28,0.127094,0.14733,0.131221,0.182208,0.12564,0.142699,0.131221,0.12564,0.12564,0.02371,0.12564
miniFluxDiv-seriesCLOReduxOverlapTS8PT,Series-CLO-Redux-Overlap-TS8-PT,Fusion of Tiles,Tile,8,1792,32,28,1.689845,1.748994,1.637115,1.633739,1.668006,1.67554,1.668006,1.633739,1.633739,0.047119,1.633739
miniFluxDiv-seriesCLOReduxOverlapTS16PT,Series-CLO-Redux-Overlap-TS16-PT,Fusion of Tiles,Tile,16,1792,32,28,4.082609,3.036382,2.893861,2.925639,2.951522,3.178003,2.951522,2.893861,2.893861,0.50845,
miniFluxDiv-seriesCLOReduxOverlapTS32PT,Series-CLO-Redux-Overlap-TS32-PT,Fusion of Tiles,Tile,32,1792,32,28,6.470082,4.536611,5.543877,6.478723,6.326149,5.871088,6.326149,4.536611,4.536611,0.840088,
miniFluxDiv-seriesCLOReduxOverlapTS8PT,Series-CLO-Redux-Overlap-TS8-PT,Fusion of Tiles,Tile,8,224,64,28,0.766618,0.763933,0.755444,0.759635,0.755653,0.760257,0.759635,0.755444,0.755444,0.004968,0.755444
miniFluxDiv-seriesCLOReduxOverlapTS16PT,Series-CLO-Redux-Overlap-TS16-PT,Fusion of Tiles,Tile,16,224,64,28,1.305321,1.289095,1.300114,1.299748,1.316687,1.302193,1.300114,1.289095,1.289095,0.010021,
miniFluxDiv-seriesCLOReduxOverlapTS32PT,Series-CLO-Redux-Overlap-TS32-PT,Fusion of Tiles,Tile,32,224,64,28,2.566892,2.583762,2.569198,2.078574,2.550447,2.469775,2.566892,2.078574,2.078574,0.219007,
miniFluxDiv-seriesCLOReduxOverlapTS8PT,Series-CLO-Redux-Overlap-TS8-PT,Fusion of Tiles,Tile,8,28,128,28,0.401057,0.407258,0.407208,0.404867,0.410428,0.406164,0.407208,0.401057,0.401057,0.003472,0.401057
miniFluxDiv-seriesCLOReduxOverlapTS16PT,Series-CLO-Redux-Overlap-TS16-PT,Fusion of Tiles,Tile,16,28,128,28,0.777192,0.764646,0.733188,0.717309,0.829178,0.764303,0.764646,0.717309,0.717309,0.04345,
miniFluxDiv-seriesCLOReduxOverlapTS32PT,Series-CLO-Redux-Overlap-TS32-PT,Fusion of Tiles,Tile,32,28,128,28,2.975003,2.958736,2.98566,2.994439,2.953618,2.973491,2.975003,2.953618,2.953618,0.017334,
miniFluxDiv-fuseAllCLOSSAOverlapTS8PB,FuseAll-CLO-SSA-Overlap-TS8-PB,Fusion within TilesSSA,Box,8,28,128,1,4.818969,4.815033,4.804083,4.808437,4.801904,4.809685,4.808437,4.801904,4.801904,0.007216,
miniFluxDiv-fuseAllCLOSSAOverlapTS8PB,FuseAll-CLO-SSA-Overlap-TS8-PB,Fusion within TilesSSA,Box,8,224,64,1,4.787594,4.792779,4.791395,4.789825,4.790173,4.790353,4.790173,4.787594,4.787594,0.00193,
miniFluxDiv-fuseAllCLOSSAOverlapTS8PB,FuseAll-CLO-SSA-Overlap-TS8-PB,Fusion within TilesSSA,Box,8,1792,32,1,4.505974,4.50032,4.498945,4.50096,4.499284,4.501097,4.50032,4.498945,4.498945,0.002843,
miniFluxDiv-fuseAllCLOSSAOverlapTS8PB,FuseAll-CLO-SSA-Overlap-TS8-PB,Fusion within TilesSSA,Box,8,14336,16,1,5.737589,5.742712,5.767966,5.736949,5.728651,5.742773,5.737589,5.728651,5.728651,0.014958,
miniFluxDiv-fuseAllCLOSSAOverlapTS8PB,FuseAll-CLO-SSA-Overlap-TS8-PB,Fusion within TilesSSA,Box,8,28,128,2,2.53145,2.527684,2.527472,2.526433,2.538781,2.530364,2.527684,2.526433,2.526433,0.005075,
miniFluxDiv-fuseAllCLOSSAOverlapTS8PB,FuseAll-CLO-SSA-Overlap-TS8-PB,Fusion within TilesSSA,Box,8,224,64,2,2.550886,2.54587,2.55013,2.428531,2.494583,2.514,2.54587,2.428531,2.428531,0.0533,
miniFluxDiv-fuseAllCLOSSAOverlapTS8PB,FuseAll-CLO-SSA-Overlap-TS8-PB,Fusion within TilesSSA,Box,8,1792,32,2,2.246989,2.246919,2.259174,2.260793,2.261247,2.255024,2.259174,2.246919,2.246919,0.007407,
miniFluxDiv-fuseAllCLOSSAOverlapTS8PB,FuseAll-CLO-SSA-Overlap-TS8-PB,Fusion within TilesSSA,Box,8,14336,16,2,2.865974,2.912769,2.854858,2.863202,2.863084,2.871977,2.863202,2.854858,2.854858,0.02318,
miniFluxDiv-fuseAllCLOSSAOverlapTS8PB,FuseAll-CLO-SSA-Overlap-TS8-PB,Fusion within TilesSSA,Box,8,28,128,8,0.788824,0.787014,0.788711,0.80979,0.807477,0.796363,0.788824,0.787014,0.787014,0.011254,
miniFluxDiv-fuseAllCLOSSAOverlapTS8PB,FuseAll-CLO-SSA-Overlap-TS8-PB,Fusion within TilesSSA,Box,8,224,64,8,0.697923,0.69705,0.696835,0.696913,0.709111,0.699566,0.69705,0.696835,0.696835,0.005353,
miniFluxDiv-fuseAllCLOSSAOverlapTS8PB,FuseAll-CLO-SSA-Overlap-TS8-PB,Fusion within TilesSSA,Box,8,1792,32,8,0.911759,0.89267,0.875658,0.878833,0.72242,0.856268,0.878833,0.72242,0.72242,0.076166,
miniFluxDiv-fuseAllCLOSSAOverlapTS8PB,FuseAll-CLO-SSA-Overlap-TS8-PB,Fusion within TilesSSA,Box,8,14336,16,8,1.846526,1.863691,1.840585,1.802082,1.846926,1.839962,1.846526,1.802082,1.802082,0.022858,
miniFluxDiv-fuseAllCLOSSAOverlapTS8PB,FuseAll-CLO-SSA-Overlap-TS8-PB,Fusion within TilesSSA,Box,8,28,128,14,0.425333,0.425282,0.42616,0.42464,0.424096,0.425102,0.425282,0.424096,0.424096,0.00078,
miniFluxDiv-fuseAllCLOSSAOverlapTS8PB,FuseAll-CLO-SSA-Overlap-TS8-PB,Fusion within TilesSSA,Box,8,224,64,14,0.415744,0.419748,0.421803,0.419055,0.417716,0.418813,0.419055,0.415744,0.415744,0.002264,
miniFluxDiv-fuseAllCLOSSAOverlapTS8PB,FuseAll-CLO-SSA-Overlap-TS8-PB,Fusion within TilesSSA,Box,8,1792,32,14,0.534876,0.533516,0.536528,0.517568,0.522016,0.528901,0.533516,0.517568,0.517568,0.00853,
miniFluxDiv-fuseAllCLOSSAOverlapTS8PB,FuseAll-CLO-SSA-Overlap-TS8-PB,Fusion within TilesSSA,Box,8,14336,16,14,1.476342,1.491698,1.529831,1.494973,1.53238,1.505045,1.494973,1.476342,1.476342,0.024824,
miniFluxDiv-fuseAllCLOSSAOverlapTS8PB,FuseAll-CLO-SSA-Overlap-TS8-PB,Fusion within TilesSSA,Box,8,28,128,16,0.43167,0.426011,0.425103,0.426813,0.4249,0.426899,0.426011,0.4249,0.4249,0.002774,
miniFluxDiv-fuseAllCLOSSAOverlapTS8PB,FuseAll-CLO-SSA-Overlap-TS8-PB,Fusion within TilesSSA,Box,8,224,64,16,0.370166,0.370427,0.370027,0.373058,0.37285,0.371306,0.370427,0.370027,0.370027,0.001513,
miniFluxDiv-fuseAllCLOSSAOverlapTS8PB,FuseAll-CLO-SSA-Overlap-TS8-PB,Fusion within TilesSSA,Box,8,1792,32,16,0.480673,0.48011,0.488161,0.487116,0.388258,0.464864,0.480673,0.388258,0.388258,0.042979,
miniFluxDiv-fuseAllCLOSSAOverlapTS8PB,FuseAll-CLO-SSA-Overlap-TS8-PB,Fusion within TilesSSA,Box,8,14336,16,16,1.327298,1.349809,1.331249,1.340477,1.339839,1.337734,1.339839,1.327298,1.327298,0.008785,
miniFluxDiv-fuseAllCLOSSAOverlapTS8PB,FuseAll-CLO-SSA-Overlap-TS8-PB,Fusion within TilesSSA,Box,8,28,128,28,0.250377,0.251004,0.249602,0.249021,0.260438,0.252088,0.250377,0.249021,0.249021,0.004728,
miniFluxDiv-fuseAllCLOSSAOverlapTS8PB,FuseAll-CLO-SSA-Overlap-TS8-PB,Fusion within TilesSSA,Box,8,224,64,28,0.233792,0.242057,0.24068,0.238574,0.236816,0.238384,0.238574,0.233792,0.233792,0.003254,
miniFluxDiv-fuseAllCLOSSAOverlapTS8PB,FuseAll-CLO-SSA-Overlap-TS8-PB,Fusion within TilesSSA,Box,8,1792,32,28,0.259664,0.271302,0.262947,0.265063,0.275108,0.266817,0.265063,0.259664,0.259664,0.006286,
miniFluxDiv-fuseAllCLOSSAOverlapTS8PB,FuseAll-CLO-SSA-Overlap-TS8-PB,Fusion within TilesSSA,Box,8,14336,16,28,0.695838,0.709475,0.705998,0.703304,0.696609,0.702245,0.703304,0.695838,0.695838,0.005922,
miniFluxDiv-fuseAllCLOSSAOverlapTS8PT,FuseAll-CLO-SSA-Overlap-TS8-PT,Fusion within TilesSSA,Tile,8,28,128,1,4.902283,4.967696,4.970143,5.025935,4.908368,4.954885,4.967696,4.902283,4.902283,0.050931,
miniFluxDiv-fuseAllCLOSSAOverlapTS8PT,FuseAll-CLO-SSA-Overlap-TS8-PT,Fusion within TilesSSA,Tile,8,224,64,1,4.906926,4.965625,4.9631,4.962568,4.904592,4.940562,4.962568,4.904592,4.904592,0.031803,
miniFluxDiv-fuseAllCLOSSAOverlapTS8PT,FuseAll-CLO-SSA-Overlap-TS8-PT,Fusion within TilesSSA,Tile,8,1792,32,1,4.626213,4.621793,4.667798,4.621227,4.599686,4.627343,4.621793,4.599686,4.599686,0.024855,
miniFluxDiv-fuseAllCLOSSAOverlapTS8PT,FuseAll-CLO-SSA-Overlap-TS8-PT,Fusion within TilesSSA,Tile,8,14336,16,1,5.998126,5.995649,5.995651,5.991198,6.003201,5.996765,5.995651,5.991198,5.991198,0.00438,
miniFluxDiv-fuseAllCLOSSAOverlapTS8PT,FuseAll-CLO-SSA-Overlap-TS8-PT,Fusion within TilesSSA,Tile,8,28,128,2,2.595613,2.630013,2.599751,2.624191,2.629311,2.615776,2.624191,2.595613,2.595613,0.016734,
miniFluxDiv-fuseAllCLOSSAOverlapTS8PT,FuseAll-CLO-SSA-Overlap-TS8-PT,Fusion within TilesSSA,Tile,8,224,64,2,2.792088,2.802904,2.805581,2.798331,2.771691,2.794119,2.798331,2.771691,2.771691,0.013541,
miniFluxDiv-fuseAllCLOSSAOverlapTS8PT,FuseAll-CLO-SSA-Overlap-TS8-PT,Fusion within TilesSSA,Tile,8,1792,32,2,3.58097,3.399457,3.579467,3.25628,3.378578,3.43895,3.399457,3.25628,3.25628,0.140078,
miniFluxDiv-fuseAllCLOSSAOverlapTS8PT,FuseAll-CLO-SSA-Overlap-TS8-PT,Fusion within TilesSSA,Tile,8,14336,16,2,8.020363,8.058925,7.921914,8.141124,7.892511,8.006967,8.020363,7.892511,7.892511,0.101503,
miniFluxDiv-fuseAllCLOSSAOverlapTS8PT,FuseAll-CLO-SSA-Overlap-TS8-PT,Fusion within TilesSSA,Tile,8,28,128,8,0.751443,0.758391,0.75,0.755899,0.754613,0.754069,0.754613,0.75,0.75,0.003383,
miniFluxDiv-fuseAllCLOSSAOverlapTS8PT,FuseAll-CLO-SSA-Overlap-TS8-PT,Fusion within TilesSSA,Tile,8,224,64,8,0.813189,0.808163,0.810876,0.826504,0.813148,0.814376,0.813148,0.808163,0.808163,0.007086,
miniFluxDiv-fuseAllCLOSSAOverlapTS8PT,FuseAll-CLO-SSA-Overlap-TS8-PT,Fusion within TilesSSA,Tile,8,1792,32,8,1.176805,1.337192,1.388798,1.338795,1.361351,1.320588,1.338795,1.176805,1.176805,0.083059,
miniFluxDiv-fuseAllCLOSSAOverlapTS8PT,FuseAll-CLO-SSA-Overlap-TS8-PT,Fusion within TilesSSA,Tile,8,14336,16,8,6.78161,6.615348,6.669885,6.295587,6.259688,6.524424,6.615348,6.259688,6.259688,0.233464,
miniFluxDiv-fuseAllCLOSSAOverlapTS8PT,FuseAll-CLO-SSA-Overlap-TS8-PT,Fusion within TilesSSA,Tile,8,28,128,14,0.45995,0.459997,0.460297,0.460494,0.464102,0.460968,0.460297,0.45995,0.45995,0.001766,
miniFluxDiv-fuseAllCLOSSAOverlapTS8PT,FuseAll-CLO-SSA-Overlap-TS8-PT,Fusion within TilesSSA,Tile,8,224,64,14,0.556521,0.549858,0.550259,0.552628,0.552661,0.552385,0.552628,0.549858,0.549858,0.002653,
miniFluxDiv-fuseAllCLOSSAOverlapTS8PT,FuseAll-CLO-SSA-Overlap-TS8-PT,Fusion within TilesSSA,Tile,8,1792,32,14,0.959747,1.082696,1.091662,1.098909,1.091698,1.064942,1.091662,0.959747,0.959747,0.059086,
miniFluxDiv-fuseAllCLOSSAOverlapTS8PT,FuseAll-CLO-SSA-Overlap-TS8-PT,Fusion within TilesSSA,Tile,8,14336,16,14,6.812393,6.948213,6.799397,6.829967,6.788969,6.835788,6.812393,6.788969,6.788969,0.064686,
miniFluxDiv-fuseAllCLOSSAOverlapTS8PT,FuseAll-CLO-SSA-Overlap-TS8-PT,Fusion within TilesSSA,Tile,8,28,128,16,0.392352,0.392244,0.393287,0.39344,0.392369,0.392738,0.392369,0.392244,0.392244,0.000575,
miniFluxDiv-fuseAllCLOSSAOverlapTS8PT,FuseAll-CLO-SSA-Overlap-TS8-PT,Fusion within TilesSSA,Tile,8,224,64,16,0.485876,0.485749,0.476281,0.47726,0.476873,0.480408,0.47726,0.476281,0.476281,0.004946,
miniFluxDiv-fuseAllCLOSSAOverlapTS8PT,FuseAll-CLO-SSA-Overlap-TS8-PT,Fusion within TilesSSA,Tile,8,1792,32,16,1.103,1.095561,1.066732,1.102912,1.141883,1.102018,1.102912,1.066732,1.066732,0.026822,
miniFluxDiv-fuseAllCLOSSAOverlapTS8PT,FuseAll-CLO-SSA-Overlap-TS8-PT,Fusion within TilesSSA,Tile,8,14336,16,16,7.161158,7.162298,7.146255,7.096938,7.171001,7.14753,7.161158,7.096938,7.096938,0.029647,
miniFluxDiv-fuseAllCLOSSAOverlapTS8PT,FuseAll-CLO-SSA-Overlap-TS8-PT,Fusion within TilesSSA,Tile,8,28,128,28,0.309089,0.307361,0.308471,0.285494,0.293706,0.300824,0.307361,0.285494,0.285494,0.010668,
miniFluxDiv-fuseAllCLOSSAOverlapTS8PT,FuseAll-CLO-SSA-Overlap-TS8-PT,Fusion within TilesSSA,Tile,8,224,64,28,0.365543,0.359284,0.361705,0.355698,0.350496,0.358545,0.359284,0.350496,0.350496,0.005753,
miniFluxDiv-fuseAllCLOSSAOverlapTS8PT,FuseAll-CLO-SSA-Overlap-TS8-PT,Fusion within TilesSSA,Tile,8,1792,32,28,1.04114,1.036831,1.032153,1.043036,0.929953,1.016623,1.036831,0.929953,0.929953,0.048631,
miniFluxDiv-fuseAllCLOSSAOverlapTS8PT,FuseAll-CLO-SSA-Overlap-TS8-PT,Fusion within TilesSSA,Tile,8,14336,16,28,11.557631,12.663894,10.949023,9.692029,9.41735,10.855985,10.949023,9.41735,9.41735,1.341078,
miniFluxDiv-fuseAllCLOSSAOverlapTS16PB,FuseAll-CLO-SSA-Overlap-TS16-PB,Fusion within TilesSSA,Box,16,28,128,1,4.21588,4.271241,4.272832,4.226382,4.26728,4.250723,4.26728,4.21588,4.21588,0.027343,
miniFluxDiv-fuseAllCLOSSAOverlapTS16PB,FuseAll-CLO-SSA-Overlap-TS16-PB,Fusion within TilesSSA,Box,16,224,64,1,4.043069,4.012511,4.011394,4.008793,3.987007,4.012555,4.011394,3.987007,3.987007,0.019996,
miniFluxDiv-fuseAllCLOSSAOverlapTS16PB,FuseAll-CLO-SSA-Overlap-TS16-PB,Fusion within TilesSSA,Box,16,1792,32,1,3.988412,3.972101,3.989487,3.988664,3.970677,3.981868,3.988412,3.970677,3.970677,0.009588,
miniFluxDiv-fuseAllCLOSSAOverlapTS16PB,FuseAll-CLO-SSA-Overlap-TS16-PB,Fusion within TilesSSA,Box,16,14336,16,1,5.068165,5.070145,5.069229,5.07477,5.054568,5.067375,5.069229,5.054568,5.054568,0.00759,
miniFluxDiv-fuseAllCLOSSAOverlapTS16PB,FuseAll-CLO-SSA-Overlap-TS16-PB,Fusion within TilesSSA,Box,16,28,128,2,2.093053,2.097239,2.092366,2.113754,2.090747,2.097432,2.093053,2.090747,2.090747,0.009434,
miniFluxDiv-fuseAllCLOSSAOverlapTS16PB,FuseAll-CLO-SSA-Overlap-TS16-PB,Fusion within TilesSSA,Box,16,224,64,2,1.980911,1.980824,1.985938,1.980685,2.007545,1.987181,1.980911,1.980685,1.980685,0.011599,
miniFluxDiv-fuseAllCLOSSAOverlapTS16PB,FuseAll-CLO-SSA-Overlap-TS16-PB,Fusion within TilesSSA,Box,16,1792,32,2,1.966325,1.956623,1.965772,1.956047,2.071534,1.98326,1.965772,1.956047,1.956047,0.049586,
miniFluxDiv-fuseAllCLOSSAOverlapTS16PB,FuseAll-CLO-SSA-Overlap-TS16-PB,Fusion within TilesSSA,Box,16,14336,16,2,2.531445,2.510678,2.454412,2.464926,2.469384,2.486169,2.469384,2.454412,2.454412,0.033137,
miniFluxDiv-fuseAllCLOSSAOverlapTS16PB,FuseAll-CLO-SSA-Overlap-TS16-PB,Fusion within TilesSSA,Box,16,28,128,8,0.684709,0.684916,0.684154,0.680434,0.672667,0.681376,0.684154,0.672667,0.672667,0.005198,
miniFluxDiv-fuseAllCLOSSAOverlapTS16PB,FuseAll-CLO-SSA-Overlap-TS16-PB,Fusion within TilesSSA,Box,16,224,64,8,0.591886,0.578992,0.576089,0.587018,0.574364,0.58167,0.578992,0.574364,0.574364,0.007494,
miniFluxDiv-fuseAllCLOSSAOverlapTS16PB,FuseAll-CLO-SSA-Overlap-TS16-PB,Fusion within TilesSSA,Box,16,1792,32,8,0.820361,0.811286,0.811139,0.815418,0.825422,0.816725,0.815418,0.811139,0.811139,0.006151,
miniFluxDiv-fuseAllCLOSSAOverlapTS16PB,FuseAll-CLO-SSA-Overlap-TS16-PB,Fusion within TilesSSA,Box,16,14336,16,8,2.168995,2.164505,2.167669,2.155288,2.146157,2.160523,2.164505,2.146157,2.146157,0.00965,
miniFluxDiv-fuseAllCLOSSAOverlapTS16PB,FuseAll-CLO-SSA-Overlap-TS16-PB,Fusion within TilesSSA,Box,16,28,128,14,0.394947,0.394668,0.396018,0.394893,0.395218,0.395149,0.394947,0.394668,0.394668,0.000524,
miniFluxDiv-fuseAllCLOSSAOverlapTS16PB,FuseAll-CLO-SSA-Overlap-TS16-PB,Fusion within TilesSSA,Box,16,224,64,14,0.355536,0.357683,0.368025,0.372746,0.372455,0.365289,0.368025,0.355536,0.355536,0.008176,
miniFluxDiv-fuseAllCLOSSAOverlapTS16PB,FuseAll-CLO-SSA-Overlap-TS16-PB,Fusion within TilesSSA,Box,16,1792,32,14,0.462366,0.351294,0.465008,0.46678,0.464643,0.442018,0.464643,0.351294,0.351294,0.050741,
miniFluxDiv-fuseAllCLOSSAOverlapTS16PB,FuseAll-CLO-SSA-Overlap-TS16-PB,Fusion within TilesSSA,Box,16,14336,16,14,1.43918,1.438438,1.376638,1.288064,1.393447,1.387153,1.393447,1.288064,1.288064,0.061858,
miniFluxDiv-fuseAllCLOSSAOverlapTS16PB,FuseAll-CLO-SSA-Overlap-TS16-PB,Fusion within TilesSSA,Box,16,28,128,16,0.396233,0.400709,0.396842,0.397713,0.401241,0.398548,0.397713,0.396233,0.396233,0.002285,
miniFluxDiv-fuseAllCLOSSAOverlapTS16PB,FuseAll-CLO-SSA-Overlap-TS16-PB,Fusion within TilesSSA,Box,16,224,64,16,0.33412,0.333545,0.341043,0.338686,0.340387,0.337556,0.338686,0.333545,0.333545,0.003512,
miniFluxDiv-fuseAllCLOSSAOverlapTS16PB,FuseAll-CLO-SSA-Overlap-TS16-PB,Fusion within TilesSSA,Box,16,1792,32,16,0.44488,0.437687,0.438257,0.437667,0.411054,0.433909,0.437687,0.411054,0.411054,0.013134,
miniFluxDiv-fuseAllCLOSSAOverlapTS16PB,FuseAll-CLO-SSA-Overlap-TS16-PB,Fusion within TilesSSA,Box,16,14336,16,16,1.104972,1.114378,1.12513,1.118368,1.118339,1.116237,1.118339,1.104972,1.104972,0.007389,
miniFluxDiv-fuseAllCLOSSAOverlapTS16PB,FuseAll-CLO-SSA-Overlap-TS16-PB,Fusion within TilesSSA,Box,16,28,128,28,0.369601,0.371291,0.375716,0.37071,0.368734,0.37121,0.37071,0.368734,0.368734,0.002706,
miniFluxDiv-fuseAllCLOSSAOverlapTS16PB,FuseAll-CLO-SSA-Overlap-TS16-PB,Fusion within TilesSSA,Box,16,224,64,28,0.267531,0.263819,0.262199,0.266501,0.264069,0.264824,0.264069,0.262199,0.262199,0.002157,
miniFluxDiv-fuseAllCLOSSAOverlapTS16PB,FuseAll-CLO-SSA-Overlap-TS16-PB,Fusion within TilesSSA,Box,16,1792,32,28,0.253628,0.257998,0.253741,0.255769,0.251151,0.254457,0.253741,0.251151,0.251151,0.002569,
miniFluxDiv-fuseAllCLOSSAOverlapTS16PB,FuseAll-CLO-SSA-Overlap-TS16-PB,Fusion within TilesSSA,Box,16,14336,16,28,0.611139,0.59942,0.606895,0.615524,0.607124,0.60802,0.607124,0.59942,0.59942,0.00596,
miniFluxDiv-fuseAllCLOSSAOverlapTS16PT,FuseAll-CLO-SSA-Overlap-TS16-PT,Fusion within TilesSSA,Tile,16,28,128,1,4.243179,4.272998,4.229212,4.276892,4.274157,4.259288,4.272998,4.229212,4.229212,0.021697,
miniFluxDiv-fuseAllCLOSSAOverlapTS16PT,FuseAll-CLO-SSA-Overlap-TS16-PT,Fusion within TilesSSA,Tile,16,224,64,1,4.014405,4.016048,4.015045,4.001703,4.118234,4.033087,4.015045,4.001703,4.001703,0.047958,
miniFluxDiv-fuseAllCLOSSAOverlapTS16PT,FuseAll-CLO-SSA-Overlap-TS16-PT,Fusion within TilesSSA,Tile,16,1792,32,1,4.016162,3.993454,3.990029,3.971708,3.988289,3.991928,3.990029,3.971708,3.971708,0.015932,
miniFluxDiv-fuseAllCLOSSAOverlapTS16PT,FuseAll-CLO-SSA-Overlap-TS16-PT,Fusion within TilesSSA,Tile,16,14336,16,1,5.11226,5.111958,5.147327,5.114082,5.111799,5.119485,5.11226,5.111799,5.111799,0.015591,
miniFluxDiv-fuseAllCLOSSAOverlapTS16PT,FuseAll-CLO-SSA-Overlap-TS16-PT,Fusion within TilesSSA,Tile,16,28,128,2,2.422277,2.435572,2.441199,2.441678,2.440571,2.436259,2.440571,2.422277,2.422277,0.00819,
miniFluxDiv-fuseAllCLOSSAOverlapTS16PT,FuseAll-CLO-SSA-Overlap-TS16-PT,Fusion within TilesSSA,Tile,16,224,64,2,2.692157,2.698336,2.679245,2.676825,2.714124,2.692137,2.692157,2.676825,2.676825,0.015186,
miniFluxDiv-fuseAllCLOSSAOverlapTS16PT,FuseAll-CLO-SSA-Overlap-TS16-PT,Fusion within TilesSSA,Tile,16,1792,32,2,4.461224,4.494002,4.503738,4.491673,4.5012,4.490367,4.494002,4.461224,4.461224,0.017032,
miniFluxDiv-fuseAllCLOSSAOverlapTS16PT,FuseAll-CLO-SSA-Overlap-TS16-PT,Fusion within TilesSSA,Tile,16,14336,16,2,6.136078,6.168438,6.107876,6.126634,6.11812,6.131429,6.126634,6.107876,6.107876,0.023163,
miniFluxDiv-fuseAllCLOSSAOverlapTS16PT,FuseAll-CLO-SSA-Overlap-TS16-PT,Fusion within TilesSSA,Tile,16,28,128,8,0.699873,0.705091,0.700441,0.678456,0.683953,0.693563,0.699873,0.678456,0.678456,0.011625,
miniFluxDiv-fuseAllCLOSSAOverlapTS16PT,FuseAll-CLO-SSA-Overlap-TS16-PT,Fusion within TilesSSA,Tile,16,224,64,8,0.997356,0.996539,0.99936,0.998757,1.026419,1.003686,0.998757,0.996539,0.996539,0.012757,
miniFluxDiv-fuseAllCLOSSAOverlapTS16PT,FuseAll-CLO-SSA-Overlap-TS16-PT,Fusion within TilesSSA,Tile,16,1792,32,8,2.30935,2.255588,2.204289,2.252361,2.220452,2.248408,2.252361,2.204289,2.204289,0.04034,
miniFluxDiv-fuseAllCLOSSAOverlapTS16PT,FuseAll-CLO-SSA-Overlap-TS16-PT,Fusion within TilesSSA,Tile,16,14336,16,8,10.738928,10.32919,9.946638,12.296989,10.645432,10.791435,10.645432,9.946638,9.946638,0.896956,
miniFluxDiv-fuseAllCLOSSAOverlapTS16PT,FuseAll-CLO-SSA-Overlap-TS16-PT,Fusion within TilesSSA,Tile,16,28,128,14,0.50484,0.506024,0.508104,0.503745,0.508117,0.506166,0.506024,0.503745,0.503745,0.001949,
miniFluxDiv-fuseAllCLOSSAOverlapTS16PT,FuseAll-CLO-SSA-Overlap-TS16-PT,Fusion within TilesSSA,Tile,16,224,64,14,0.642117,0.645121,0.658314,0.647621,0.642813,0.647197,0.645121,0.642117,0.642117,0.006578,
miniFluxDiv-fuseAllCLOSSAOverlapTS16PT,FuseAll-CLO-SSA-Overlap-TS16-PT,Fusion within TilesSSA,Tile,16,1792,32,14,1.440543,1.423277,1.416852,1.42445,1.333257,1.407676,1.423277,1.333257,1.333257,0.042507,
miniFluxDiv-fuseAllCLOSSAOverlapTS16PT,FuseAll-CLO-SSA-Overlap-TS16-PT,Fusion within TilesSSA,Tile,16,14336,16,14,8.292202,8.184804,11.246652,8.770053,8.684158,9.035574,8.684158,8.184804,8.184804,1.26088,
miniFluxDiv-fuseAllCLOSSAOverlapTS16PT,FuseAll-CLO-SSA-Overlap-TS16-PT,Fusion within TilesSSA,Tile,16,28,128,16,0.459857,0.45851,0.458318,0.436492,0.445445,0.451724,0.458318,0.436492,0.436492,0.010333,
miniFluxDiv-fuseAllCLOSSAOverlapTS16PT,FuseAll-CLO-SSA-Overlap-TS16-PT,Fusion within TilesSSA,Tile,16,224,64,16,0.656496,0.650764,0.646588,0.64755,0.646403,0.64956,0.64755,0.646403,0.646403,0.004254,
miniFluxDiv-fuseAllCLOSSAOverlapTS16PT,FuseAll-CLO-SSA-Overlap-TS16-PT,Fusion within TilesSSA,Tile,16,1792,32,16,1.426052,1.441076,1.427782,1.441598,1.434124,1.434126,1.434124,1.426052,1.426052,0.007238,
miniFluxDiv-fuseAllCLOSSAOverlapTS16PT,FuseAll-CLO-SSA-Overlap-TS16-PT,Fusion within TilesSSA,Tile,16,14336,16,16,11.191525,11.048018,8.581517,8.944458,8.632551,9.679614,8.944458,8.581517,8.581517,1.322972,
miniFluxDiv-fuseAllCLOSSAOverlapTS16PT,FuseAll-CLO-SSA-Overlap-TS16-PT,Fusion within TilesSSA,Tile,16,28,128,28,0.464373,0.422838,0.451503,0.454441,0.441034,0.446838,0.451503,0.422838,0.422838,0.015786,
miniFluxDiv-fuseAllCLOSSAOverlapTS16PT,FuseAll-CLO-SSA-Overlap-TS16-PT,Fusion within TilesSSA,Tile,16,224,64,28,0.430009,0.434397,0.439093,0.430788,0.445941,0.436046,0.434397,0.430009,0.430009,0.006596,
miniFluxDiv-fuseAllCLOSSAOverlapTS16PT,FuseAll-CLO-SSA-Overlap-TS16-PT,Fusion within TilesSSA,Tile,16,1792,32,28,1.504115,1.628966,1.384944,1.379556,1.371563,1.453829,1.384944,1.371563,1.371563,0.112061,
miniFluxDiv-fuseAllCLOSSAOverlapTS16PT,FuseAll-CLO-SSA-Overlap-TS16-PT,Fusion within TilesSSA,Tile,16,14336,16,28,9.823646,8.970607,12.345043,19.119743,9.714088,11.994625,9.823646,8.970607,8.970607,4.181769,
miniFluxDiv-fuseAllCLOSSAOverlapTS32PB,FuseAll-CLO-SSA-Overlap-TS32-PB,Fusion within TilesSSA,Box,32,28,128,1,3.827702,3.823269,3.838441,3.826618,3.821026,3.827411,3.826618,3.821026,3.821026,0.006714,
miniFluxDiv-fuseAllCLOSSAOverlapTS32PB,FuseAll-CLO-SSA-Overlap-TS32-PB,Fusion within TilesSSA,Box,32,224,64,1,3.405566,3.411657,3.405973,3.406237,3.410079,3.407902,3.406237,3.405566,3.405566,0.002774,
miniFluxDiv-fuseAllCLOSSAOverlapTS32PB,FuseAll-CLO-SSA-Overlap-TS32-PB,Fusion within TilesSSA,Box,32,1792,32,1,3.529523,3.530857,3.530306,3.526764,3.528019,3.529094,3.529523,3.526764,3.526764,0.001684,
miniFluxDiv-fuseAllCLOSSAOverlapTS32PB,FuseAll-CLO-SSA-Overlap-TS32-PB,Fusion within TilesSSA,Box,32,14336,16,1,4.331782,4.325875,4.336276,4.330981,4.331926,4.331368,4.331782,4.325875,4.325875,0.003705,
miniFluxDiv-fuseAllCLOSSAOverlapTS32PB,FuseAll-CLO-SSA-Overlap-TS32-PB,Fusion within TilesSSA,Box,32,28,128,2,2.060764,2.0497,2.047041,2.043927,2.047121,2.049711,2.047121,2.043927,2.043927,0.006509,
miniFluxDiv-fuseAllCLOSSAOverlapTS32PB,FuseAll-CLO-SSA-Overlap-TS32-PB,Fusion within TilesSSA,Box,32,224,64,2,1.772753,1.868103,1.776494,1.775542,1.736043,1.785787,1.775542,1.736043,1.736043,0.049019,
miniFluxDiv-fuseAllCLOSSAOverlapTS32PB,FuseAll-CLO-SSA-Overlap-TS32-PB,Fusion within TilesSSA,Box,32,1792,32,2,1.776201,1.767894,1.767607,1.774037,1.776657,1.772479,1.774037,1.767607,1.767607,0.00443,
miniFluxDiv-fuseAllCLOSSAOverlapTS32PB,FuseAll-CLO-SSA-Overlap-TS32-PB,Fusion within TilesSSA,Box,32,14336,16,2,2.167846,2.162123,2.167166,2.208407,2.162949,2.173698,2.167166,2.162123,2.162123,0.019565,
miniFluxDiv-fuseAllCLOSSAOverlapTS32PB,FuseAll-CLO-SSA-Overlap-TS32-PB,Fusion within TilesSSA,Box,32,28,128,8,0.801807,0.816902,0.800554,0.802707,0.800222,0.804438,0.801807,0.800222,0.800222,0.007038,
miniFluxDiv-fuseAllCLOSSAOverlapTS32PB,FuseAll-CLO-SSA-Overlap-TS32-PB,Fusion within TilesSSA,Box,32,224,64,8,0.53199,0.545635,0.53388,0.535858,0.536942,0.536861,0.535858,0.53199,0.53199,0.005259,
miniFluxDiv-fuseAllCLOSSAOverlapTS32PB,FuseAll-CLO-SSA-Overlap-TS32-PB,Fusion within TilesSSA,Box,32,1792,32,8,0.502971,0.489675,0.510089,0.490545,0.499997,0.498655,0.499997,0.489675,0.489675,0.008625,
miniFluxDiv-fuseAllCLOSSAOverlapTS32PB,FuseAll-CLO-SSA-Overlap-TS32-PB,Fusion within TilesSSA,Box,32,14336,16,8,1.629987,1.620817,1.560031,1.62044,1.618384,1.609932,1.62044,1.560031,1.560031,0.028252,
miniFluxDiv-fuseAllCLOSSAOverlapTS32PB,FuseAll-CLO-SSA-Overlap-TS32-PB,Fusion within TilesSSA,Box,32,28,128,14,0.63479,0.637825,0.637917,0.6325,0.650256,0.638658,0.637825,0.6325,0.6325,0.006867,
miniFluxDiv-fuseAllCLOSSAOverlapTS32PB,FuseAll-CLO-SSA-Overlap-TS32-PB,Fusion within TilesSSA,Box,32,224,64,14,0.387427,0.386968,0.38797,0.362476,0.389269,0.382822,0.387427,0.362476,0.362476,0.011406,
miniFluxDiv-fuseAllCLOSSAOverlapTS32PB,FuseAll-CLO-SSA-Overlap-TS32-PB,Fusion within TilesSSA,Box,32,1792,32,14,0.439503,0.480047,0.436281,0.332978,0.436891,0.42514,0.436891,0.332978,0.332978,0.05472,
miniFluxDiv-fuseAllCLOSSAOverlapTS32PB,FuseAll-CLO-SSA-Overlap-TS32-PB,Fusion within TilesSSA,Box,32,14336,16,14,1.307819,1.302888,1.312574,1.31121,1.301625,1.307223,1.307819,1.301625,1.301625,0.004874,
miniFluxDiv-fuseAllCLOSSAOverlapTS32PB,FuseAll-CLO-SSA-Overlap-TS32-PB,Fusion within TilesSSA,Box,32,28,128,16,0.641411,0.645389,0.638475,0.636412,0.645681,0.641474,0.641411,0.636412,0.636412,0.004112,
miniFluxDiv-fuseAllCLOSSAOverlapTS32PB,FuseAll-CLO-SSA-Overlap-TS32-PB,Fusion within TilesSSA,Box,32,224,64,16,0.339343,0.339011,0.340108,0.340582,0.377143,0.347237,0.340108,0.339011,0.339011,0.016729,
miniFluxDiv-fuseAllCLOSSAOverlapTS32PB,FuseAll-CLO-SSA-Overlap-TS32-PB,Fusion within TilesSSA,Box,32,1792,32,16,0.422022,0.424976,0.425289,0.425454,0.42093,0.423734,0.424976,0.42093,0.42093,0.002104,
miniFluxDiv-fuseAllCLOSSAOverlapTS32PB,FuseAll-CLO-SSA-Overlap-TS32-PB,Fusion within TilesSSA,Box,32,14336,16,16,1.132655,1.146651,1.134652,1.127682,1.160581,1.140444,1.134652,1.127682,1.127682,0.013239,
miniFluxDiv-fuseAllCLOSSAOverlapTS32PB,FuseAll-CLO-SSA-Overlap-TS32-PB,Fusion within TilesSSA,Box,32,28,128,28,0.680226,0.6768,0.745585,0.675476,0.67859,0.691335,0.67859,0.675476,0.675476,0.03038,
miniFluxDiv-fuseAllCLOSSAOverlapTS32PB,FuseAll-CLO-SSA-Overlap-TS32-PB,Fusion within TilesSSA,Box,32,224,64,28,0.441258,0.444664,0.422128,0.425974,0.441276,0.43506,0.441258,0.422128,0.422128,0.010236,
miniFluxDiv-fuseAllCLOSSAOverlapTS32PB,FuseAll-CLO-SSA-Overlap-TS32-PB,Fusion within TilesSSA,Box,32,1792,32,28,0.352381,0.350473,0.346444,0.35163,0.252208,0.330627,0.350473,0.252208,0.252208,0.043897,
miniFluxDiv-fuseAllCLOSSAOverlapTS32PB,FuseAll-CLO-SSA-Overlap-TS32-PB,Fusion within TilesSSA,Box,32,14336,16,28,0.581251,0.571781,0.574423,0.575185,0.57434,0.575396,0.574423,0.571781,0.571781,0.003516,
miniFluxDiv-fuseAllCLOSSAOverlapTS32PT,FuseAll-CLO-SSA-Overlap-TS32-PT,Fusion within TilesSSA,Tile,32,28,128,1,3.961397,3.9886,3.99777,3.987354,3.980799,3.983184,3.987354,3.961397,3.961397,0.0136,
miniFluxDiv-fuseAllCLOSSAOverlapTS32PT,FuseAll-CLO-SSA-Overlap-TS32-PT,Fusion within TilesSSA,Tile,32,224,64,1,3.526098,3.571443,3.384491,3.395895,3.396619,3.454909,3.396619,3.384491,3.384491,0.087303,
miniFluxDiv-fuseAllCLOSSAOverlapTS32PT,FuseAll-CLO-SSA-Overlap-TS32-PT,Fusion within TilesSSA,Tile,32,1792,32,1,3.495354,3.49731,3.491378,3.497327,3.491361,3.494546,3.495354,3.491361,3.491361,0.003009,
miniFluxDiv-fuseAllCLOSSAOverlapTS32PT,FuseAll-CLO-SSA-Overlap-TS32-PT,Fusion within TilesSSA,Tile,32,14336,16,1,4.383385,4.37905,4.364448,4.371102,4.405113,4.38062,4.37905,4.364448,4.364448,0.015509,
miniFluxDiv-fuseAllCLOSSAOverlapTS32PT,FuseAll-CLO-SSA-Overlap-TS32-PT,Fusion within TilesSSA,Tile,32,28,128,2,2.614372,2.605063,2.601425,2.621521,2.598544,2.608185,2.605063,2.598544,2.598544,0.009546,
miniFluxDiv-fuseAllCLOSSAOverlapTS32PT,FuseAll-CLO-SSA-Overlap-TS32-PT,Fusion within TilesSSA,Tile,32,224,64,2,3.479571,3.487635,3.494499,3.49081,3.490339,3.488571,3.490339,3.479571,3.479571,0.005594,
miniFluxDiv-fuseAllCLOSSAOverlapTS32PT,FuseAll-CLO-SSA-Overlap-TS32-PT,Fusion within TilesSSA,Tile,32,1792,32,2,3.628242,3.49306,3.473898,3.513226,3.572862,3.536258,3.513226,3.473898,3.473898,0.063416,
miniFluxDiv-fuseAllCLOSSAOverlapTS32PT,FuseAll-CLO-SSA-Overlap-TS32-PT,Fusion within TilesSSA,Tile,32,14336,16,2,4.44707,4.445126,4.445057,4.431539,4.435025,4.440763,4.445057,4.431539,4.431539,0.006987,
miniFluxDiv-fuseAllCLOSSAOverlapTS32PT,FuseAll-CLO-SSA-Overlap-TS32-PT,Fusion within TilesSSA,Tile,32,28,128,8,1.060238,1.057729,1.058558,1.06021,1.057934,1.058934,1.058558,1.057729,1.057729,0.001217,
miniFluxDiv-fuseAllCLOSSAOverlapTS32PT,FuseAll-CLO-SSA-Overlap-TS32-PT,Fusion within TilesSSA,Tile,32,224,64,8,1.697623,1.696479,1.722338,1.71898,1.744404,1.715965,1.71898,1.696479,1.696479,0.019841,
miniFluxDiv-fuseAllCLOSSAOverlapTS32PT,FuseAll-CLO-SSA-Overlap-TS32-PT,Fusion within TilesSSA,Tile,32,1792,32,8,4.338826,4.321531,4.30066,4.295012,4.319769,4.31516,4.319769,4.295012,4.295012,0.017593,
miniFluxDiv-fuseAllCLOSSAOverlapTS32PT,FuseAll-CLO-SSA-Overlap-TS32-PT,Fusion within TilesSSA,Tile,32,14336,16,8,4.992629,4.99517,4.994864,5.072865,4.990015,5.009109,4.994864,4.990015,4.990015,0.035701,
miniFluxDiv-fuseAllCLOSSAOverlapTS32PT,FuseAll-CLO-SSA-Overlap-TS32-PT,Fusion within TilesSSA,Tile,32,28,128,14,0.815277,0.816935,0.80573,0.792546,0.810622,0.808222,0.810622,0.792546,0.792546,0.00979,
miniFluxDiv-fuseAllCLOSSAOverlapTS32PT,FuseAll-CLO-SSA-Overlap-TS32-PT,Fusion within TilesSSA,Tile,32,224,64,14,1.007543,1.009754,1.008421,1.007555,1.00302,1.007259,1.007555,1.00302,1.00302,0.002535,
miniFluxDiv-fuseAllCLOSSAOverlapTS32PT,FuseAll-CLO-SSA-Overlap-TS32-PT,Fusion within TilesSSA,Tile,32,1792,32,14,4.368587,4.38313,4.393671,4.520451,4.374281,4.408024,4.38313,4.368587,4.368587,0.06356,
miniFluxDiv-fuseAllCLOSSAOverlapTS32PT,FuseAll-CLO-SSA-Overlap-TS32-PT,Fusion within TilesSSA,Tile,32,14336,16,14,5.166157,5.170615,5.167688,5.168527,5.181592,5.170916,5.168527,5.166157,5.166157,0.006181,
miniFluxDiv-fuseAllCLOSSAOverlapTS32PT,FuseAll-CLO-SSA-Overlap-TS32-PT,Fusion within TilesSSA,Tile,32,28,128,16,0.824848,0.81502,0.803753,0.818698,0.814846,0.815433,0.81502,0.803753,0.803753,0.007685,
miniFluxDiv-fuseAllCLOSSAOverlapTS32PT,FuseAll-CLO-SSA-Overlap-TS32-PT,Fusion within TilesSSA,Tile,32,224,64,16,1.002068,1.054472,1.018713,0.991595,0.990409,1.011451,1.002068,0.990409,0.990409,0.026592,
miniFluxDiv-fuseAllCLOSSAOverlapTS32PT,FuseAll-CLO-SSA-Overlap-TS32-PT,Fusion within TilesSSA,Tile,32,1792,32,16,4.122198,4.115672,4.067373,3.942815,4.024321,4.054476,4.067373,3.942815,3.942815,0.073951,
miniFluxDiv-fuseAllCLOSSAOverlapTS32PT,FuseAll-CLO-SSA-Overlap-TS32-PT,Fusion within TilesSSA,Tile,32,14336,16,16,5.074444,5.058853,5.064419,5.069057,5.065664,5.066487,5.065664,5.058853,5.058853,0.00577,
miniFluxDiv-fuseAllCLOSSAOverlapTS32PT,FuseAll-CLO-SSA-Overlap-TS32-PT,Fusion within TilesSSA,Tile,32,28,128,28,0.635692,0.65529,0.724258,0.656965,0.634427,0.661326,0.65529,0.634427,0.634427,0.036731,
miniFluxDiv-fuseAllCLOSSAOverlapTS32PT,FuseAll-CLO-SSA-Overlap-TS32-PT,Fusion within TilesSSA,Tile,32,224,64,28,1.000422,1.026267,1.006444,1.010608,1.047099,1.018168,1.010608,1.000422,1.000422,0.018789,
miniFluxDiv-fuseAllCLOSSAOverlapTS32PT,FuseAll-CLO-SSA-Overlap-TS32-PT,Fusion within TilesSSA,Tile,32,1792,32,28,4.564013,4.573613,4.569781,4.588273,4.602345,4.579605,4.573613,4.564013,4.564013,0.015554,
miniFluxDiv-fuseAllCLOSSAOverlapTS32PT,FuseAll-CLO-SSA-Overlap-TS32-PT,Fusion within TilesSSA,Tile,32,14336,16,28,5.227966,5.21438,5.250818,16.816414,5.096689,7.521253,5.227966,5.096689,5.096689,5.196495,
