Program,Legend,nBoxes,nCells,nThreads,Time0,Time1,Time2,Time3,Time4,MeanTime,MedianTime,MinTime,StdevTime
miniFluxDiv-fuseAllCLOSSAOverlapTS8PB,FuseAll-CLO-SSA-Overlap-TS8-PB,28,128,1,4.818969,4.815033,4.804083,4.808437,4.801904,4.809685,4.808437,4.801904,0.007216
miniFluxDiv-fuseAllCLOSSAOverlapTS8PB,FuseAll-CLO-SSA-Overlap-TS8-PB,224,64,1,4.787594,4.792779,4.791395,4.789825,4.790173,4.790353,4.790173,4.787594,0.001930
miniFluxDiv-fuseAllCLOSSAOverlapTS8PB,FuseAll-CLO-SSA-Overlap-TS8-PB,1792,32,1,4.505974,4.500320,4.498945,4.500960,4.499284,4.501097,4.500320,4.498945,0.002843
miniFluxDiv-fuseAllCLOSSAOverlapTS8PB,FuseAll-CLO-SSA-Overlap-TS8-PB,14336,16,1,5.737589,5.742712,5.767966,5.736949,5.728651,5.742773,5.737589,5.728651,0.014958
miniFluxDiv-fuseAllCLOSSAOverlapTS8PB,FuseAll-CLO-SSA-Overlap-TS8-PB,28,128,2,2.531450,2.527684,2.527472,2.526433,2.538781,2.530364,2.527684,2.526433,0.005075
miniFluxDiv-fuseAllCLOSSAOverlapTS8PB,FuseAll-CLO-SSA-Overlap-TS8-PB,224,64,2,2.550886,2.545870,2.550130,2.428531,2.494583,2.514000,2.545870,2.428531,0.053300
miniFluxDiv-fuseAllCLOSSAOverlapTS8PB,FuseAll-CLO-SSA-Overlap-TS8-PB,1792,32,2,2.246989,2.246919,2.259174,2.260793,2.261247,2.255024,2.259174,2.246919,0.007407
miniFluxDiv-fuseAllCLOSSAOverlapTS8PB,FuseAll-CLO-SSA-Overlap-TS8-PB,14336,16,2,2.865974,2.912769,2.854858,2.863202,2.863084,2.871977,2.863202,2.854858,0.023180
miniFluxDiv-fuseAllCLOSSAOverlapTS8PB,FuseAll-CLO-SSA-Overlap-TS8-PB,28,128,8,0.788824,0.787014,0.788711,0.809790,0.807477,0.796363,0.788824,0.787014,0.011254
miniFluxDiv-fuseAllCLOSSAOverlapTS8PB,FuseAll-CLO-SSA-Overlap-TS8-PB,224,64,8,0.697923,0.697050,0.696835,0.696913,0.709111,0.699566,0.697050,0.696835,0.005353
miniFluxDiv-fuseAllCLOSSAOverlapTS8PB,FuseAll-CLO-SSA-Overlap-TS8-PB,1792,32,8,0.911759,0.892670,0.875658,0.878833,0.722420,0.856268,0.878833,0.722420,0.076166
miniFluxDiv-fuseAllCLOSSAOverlapTS8PB,FuseAll-CLO-SSA-Overlap-TS8-PB,14336,16,8,1.846526,1.863691,1.840585,1.802082,1.846926,1.839962,1.846526,1.802082,0.022858
miniFluxDiv-fuseAllCLOSSAOverlapTS8PB,FuseAll-CLO-SSA-Overlap-TS8-PB,28,128,14,0.425333,0.425282,0.426160,0.424640,0.424096,0.425102,0.425282,0.424096,0.000780
miniFluxDiv-fuseAllCLOSSAOverlapTS8PB,FuseAll-CLO-SSA-Overlap-TS8-PB,224,64,14,0.415744,0.419748,0.421803,0.419055,0.417716,0.418813,0.419055,0.415744,0.002264
miniFluxDiv-fuseAllCLOSSAOverlapTS8PB,FuseAll-CLO-SSA-Overlap-TS8-PB,1792,32,14,0.534876,0.533516,0.536528,0.517568,0.522016,0.528901,0.533516,0.517568,0.008530
miniFluxDiv-fuseAllCLOSSAOverlapTS8PB,FuseAll-CLO-SSA-Overlap-TS8-PB,14336,16,14,1.476342,1.491698,1.529831,1.494973,1.532380,1.505045,1.494973,1.476342,0.024824
miniFluxDiv-fuseAllCLOSSAOverlapTS8PB,FuseAll-CLO-SSA-Overlap-TS8-PB,28,128,16,0.431670,0.426011,0.425103,0.426813,0.424900,0.426899,0.426011,0.424900,0.002774
miniFluxDiv-fuseAllCLOSSAOverlapTS8PB,FuseAll-CLO-SSA-Overlap-TS8-PB,224,64,16,0.370166,0.370427,0.370027,0.373058,0.372850,0.371306,0.370427,0.370027,0.001513
miniFluxDiv-fuseAllCLOSSAOverlapTS8PB,FuseAll-CLO-SSA-Overlap-TS8-PB,1792,32,16,0.480673,0.480110,0.488161,0.487116,0.388258,0.464864,0.480673,0.388258,0.042979
miniFluxDiv-fuseAllCLOSSAOverlapTS8PB,FuseAll-CLO-SSA-Overlap-TS8-PB,14336,16,16,1.327298,1.349809,1.331249,1.340477,1.339839,1.337734,1.339839,1.327298,0.008785
miniFluxDiv-fuseAllCLOSSAOverlapTS8PB,FuseAll-CLO-SSA-Overlap-TS8-PB,28,128,28,0.250377,0.251004,0.249602,0.249021,0.260438,0.252088,0.250377,0.249021,0.004728
miniFluxDiv-fuseAllCLOSSAOverlapTS8PB,FuseAll-CLO-SSA-Overlap-TS8-PB,224,64,28,0.233792,0.242057,0.240680,0.238574,0.236816,0.238384,0.238574,0.233792,0.003254
miniFluxDiv-fuseAllCLOSSAOverlapTS8PB,FuseAll-CLO-SSA-Overlap-TS8-PB,1792,32,28,0.259664,0.271302,0.262947,0.265063,0.275108,0.266817,0.265063,0.259664,0.006286
miniFluxDiv-fuseAllCLOSSAOverlapTS8PB,FuseAll-CLO-SSA-Overlap-TS8-PB,14336,16,28,0.695838,0.709475,0.705998,0.703304,0.696609,0.702245,0.703304,0.695838,0.005922
miniFluxDiv-fuseAllCLOSSAOverlapTS8PT,FuseAll-CLO-SSA-Overlap-TS8-PT,28,128,1,4.902283,4.967696,4.970143,5.025935,4.908368,4.954885,4.967696,4.902283,0.050931
miniFluxDiv-fuseAllCLOSSAOverlapTS8PT,FuseAll-CLO-SSA-Overlap-TS8-PT,224,64,1,4.906926,4.965625,4.963100,4.962568,4.904592,4.940562,4.962568,4.904592,0.031803
miniFluxDiv-fuseAllCLOSSAOverlapTS8PT,FuseAll-CLO-SSA-Overlap-TS8-PT,1792,32,1,4.626213,4.621793,4.667798,4.621227,4.599686,4.627343,4.621793,4.599686,0.024855
miniFluxDiv-fuseAllCLOSSAOverlapTS8PT,FuseAll-CLO-SSA-Overlap-TS8-PT,14336,16,1,5.998126,5.995649,5.995651,5.991198,6.003201,5.996765,5.995651,5.991198,0.004380
miniFluxDiv-fuseAllCLOSSAOverlapTS8PT,FuseAll-CLO-SSA-Overlap-TS8-PT,28,128,2,2.595613,2.630013,2.599751,2.624191,2.629311,2.615776,2.624191,2.595613,0.016734
miniFluxDiv-fuseAllCLOSSAOverlapTS8PT,FuseAll-CLO-SSA-Overlap-TS8-PT,224,64,2,2.792088,2.802904,2.805581,2.798331,2.771691,2.794119,2.798331,2.771691,0.013541
miniFluxDiv-fuseAllCLOSSAOverlapTS8PT,FuseAll-CLO-SSA-Overlap-TS8-PT,1792,32,2,3.580970,3.399457,3.579467,3.256280,3.378578,3.438950,3.399457,3.256280,0.140078
miniFluxDiv-fuseAllCLOSSAOverlapTS8PT,FuseAll-CLO-SSA-Overlap-TS8-PT,14336,16,2,8.020363,8.058925,7.921914,8.141124,7.892511,8.006967,8.020363,7.892511,0.101503
miniFluxDiv-fuseAllCLOSSAOverlapTS8PT,FuseAll-CLO-SSA-Overlap-TS8-PT,28,128,8,0.751443,0.758391,0.750000,0.755899,0.754613,0.754069,0.754613,0.750000,0.003383
miniFluxDiv-fuseAllCLOSSAOverlapTS8PT,FuseAll-CLO-SSA-Overlap-TS8-PT,224,64,8,0.813189,0.808163,0.810876,0.826504,0.813148,0.814376,0.813148,0.808163,0.007086
miniFluxDiv-fuseAllCLOSSAOverlapTS8PT,FuseAll-CLO-SSA-Overlap-TS8-PT,1792,32,8,1.176805,1.337192,1.388798,1.338795,1.361351,1.320588,1.338795,1.176805,0.083059
miniFluxDiv-fuseAllCLOSSAOverlapTS8PT,FuseAll-CLO-SSA-Overlap-TS8-PT,14336,16,8,6.781610,6.615348,6.669885,6.295587,6.259688,6.524424,6.615348,6.259688,0.233464
miniFluxDiv-fuseAllCLOSSAOverlapTS8PT,FuseAll-CLO-SSA-Overlap-TS8-PT,28,128,14,0.459950,0.459997,0.460297,0.460494,0.464102,0.460968,0.460297,0.459950,0.001766
miniFluxDiv-fuseAllCLOSSAOverlapTS8PT,FuseAll-CLO-SSA-Overlap-TS8-PT,224,64,14,0.556521,0.549858,0.550259,0.552628,0.552661,0.552385,0.552628,0.549858,0.002653
miniFluxDiv-fuseAllCLOSSAOverlapTS8PT,FuseAll-CLO-SSA-Overlap-TS8-PT,1792,32,14,0.959747,1.082696,1.091662,1.098909,1.091698,1.064942,1.091662,0.959747,0.059086
miniFluxDiv-fuseAllCLOSSAOverlapTS8PT,FuseAll-CLO-SSA-Overlap-TS8-PT,14336,16,14,6.812393,6.948213,6.799397,6.829967,6.788969,6.835788,6.812393,6.788969,0.064686
miniFluxDiv-fuseAllCLOSSAOverlapTS8PT,FuseAll-CLO-SSA-Overlap-TS8-PT,28,128,16,0.392352,0.392244,0.393287,0.393440,0.392369,0.392738,0.392369,0.392244,0.000575
miniFluxDiv-fuseAllCLOSSAOverlapTS8PT,FuseAll-CLO-SSA-Overlap-TS8-PT,224,64,16,0.485876,0.485749,0.476281,0.477260,0.476873,0.480408,0.477260,0.476281,0.004946
miniFluxDiv-fuseAllCLOSSAOverlapTS8PT,FuseAll-CLO-SSA-Overlap-TS8-PT,1792,32,16,1.103000,1.095561,1.066732,1.102912,1.141883,1.102018,1.102912,1.066732,0.026822
miniFluxDiv-fuseAllCLOSSAOverlapTS8PT,FuseAll-CLO-SSA-Overlap-TS8-PT,14336,16,16,7.161158,7.162298,7.146255,7.096938,7.171001,7.147530,7.161158,7.096938,0.029647
miniFluxDiv-fuseAllCLOSSAOverlapTS8PT,FuseAll-CLO-SSA-Overlap-TS8-PT,28,128,28,0.309089,0.307361,0.308471,0.285494,0.293706,0.300824,0.307361,0.285494,0.010668
miniFluxDiv-fuseAllCLOSSAOverlapTS8PT,FuseAll-CLO-SSA-Overlap-TS8-PT,224,64,28,0.365543,0.359284,0.361705,0.355698,0.350496,0.358545,0.359284,0.350496,0.005753
miniFluxDiv-fuseAllCLOSSAOverlapTS8PT,FuseAll-CLO-SSA-Overlap-TS8-PT,1792,32,28,1.041140,1.036831,1.032153,1.043036,0.929953,1.016623,1.036831,0.929953,0.048631
miniFluxDiv-fuseAllCLOSSAOverlapTS8PT,FuseAll-CLO-SSA-Overlap-TS8-PT,14336,16,28,11.557631,12.663894,10.949023,9.692029,9.417350,10.855985,10.949023,9.417350,1.341078
miniFluxDiv-fuseAllCLOSSAOverlapTS16PB,FuseAll-CLO-SSA-Overlap-TS16-PB,28,128,1,4.215880,4.271241,4.272832,4.226382,4.267280,4.250723,4.267280,4.215880,0.027343
miniFluxDiv-fuseAllCLOSSAOverlapTS16PB,FuseAll-CLO-SSA-Overlap-TS16-PB,224,64,1,4.043069,4.012511,4.011394,4.008793,3.987007,4.012555,4.011394,3.987007,0.019996
miniFluxDiv-fuseAllCLOSSAOverlapTS16PB,FuseAll-CLO-SSA-Overlap-TS16-PB,1792,32,1,3.988412,3.972101,3.989487,3.988664,3.970677,3.981868,3.988412,3.970677,0.009588
miniFluxDiv-fuseAllCLOSSAOverlapTS16PB,FuseAll-CLO-SSA-Overlap-TS16-PB,14336,16,1,5.068165,5.070145,5.069229,5.074770,5.054568,5.067375,5.069229,5.054568,0.007590
miniFluxDiv-fuseAllCLOSSAOverlapTS16PB,FuseAll-CLO-SSA-Overlap-TS16-PB,28,128,2,2.093053,2.097239,2.092366,2.113754,2.090747,2.097432,2.093053,2.090747,0.009434
miniFluxDiv-fuseAllCLOSSAOverlapTS16PB,FuseAll-CLO-SSA-Overlap-TS16-PB,224,64,2,1.980911,1.980824,1.985938,1.980685,2.007545,1.987181,1.980911,1.980685,0.011599
miniFluxDiv-fuseAllCLOSSAOverlapTS16PB,FuseAll-CLO-SSA-Overlap-TS16-PB,1792,32,2,1.966325,1.956623,1.965772,1.956047,2.071534,1.983260,1.965772,1.956047,0.049586
miniFluxDiv-fuseAllCLOSSAOverlapTS16PB,FuseAll-CLO-SSA-Overlap-TS16-PB,14336,16,2,2.531445,2.510678,2.454412,2.464926,2.469384,2.486169,2.469384,2.454412,0.033137
miniFluxDiv-fuseAllCLOSSAOverlapTS16PB,FuseAll-CLO-SSA-Overlap-TS16-PB,28,128,8,0.684709,0.684916,0.684154,0.680434,0.672667,0.681376,0.684154,0.672667,0.005198
miniFluxDiv-fuseAllCLOSSAOverlapTS16PB,FuseAll-CLO-SSA-Overlap-TS16-PB,224,64,8,0.591886,0.578992,0.576089,0.587018,0.574364,0.581670,0.578992,0.574364,0.007494
miniFluxDiv-fuseAllCLOSSAOverlapTS16PB,FuseAll-CLO-SSA-Overlap-TS16-PB,1792,32,8,0.820361,0.811286,0.811139,0.815418,0.825422,0.816725,0.815418,0.811139,0.006151
miniFluxDiv-fuseAllCLOSSAOverlapTS16PB,FuseAll-CLO-SSA-Overlap-TS16-PB,14336,16,8,2.168995,2.164505,2.167669,2.155288,2.146157,2.160523,2.164505,2.146157,0.009650
miniFluxDiv-fuseAllCLOSSAOverlapTS16PB,FuseAll-CLO-SSA-Overlap-TS16-PB,28,128,14,0.394947,0.394668,0.396018,0.394893,0.395218,0.395149,0.394947,0.394668,0.000524
miniFluxDiv-fuseAllCLOSSAOverlapTS16PB,FuseAll-CLO-SSA-Overlap-TS16-PB,224,64,14,0.355536,0.357683,0.368025,0.372746,0.372455,0.365289,0.368025,0.355536,0.008176
miniFluxDiv-fuseAllCLOSSAOverlapTS16PB,FuseAll-CLO-SSA-Overlap-TS16-PB,1792,32,14,0.462366,0.351294,0.465008,0.466780,0.464643,0.442018,0.464643,0.351294,0.050741
miniFluxDiv-fuseAllCLOSSAOverlapTS16PB,FuseAll-CLO-SSA-Overlap-TS16-PB,14336,16,14,1.439180,1.438438,1.376638,1.288064,1.393447,1.387153,1.393447,1.288064,0.061858
miniFluxDiv-fuseAllCLOSSAOverlapTS16PB,FuseAll-CLO-SSA-Overlap-TS16-PB,28,128,16,0.396233,0.400709,0.396842,0.397713,0.401241,0.398548,0.397713,0.396233,0.002285
miniFluxDiv-fuseAllCLOSSAOverlapTS16PB,FuseAll-CLO-SSA-Overlap-TS16-PB,224,64,16,0.334120,0.333545,0.341043,0.338686,0.340387,0.337556,0.338686,0.333545,0.003512
miniFluxDiv-fuseAllCLOSSAOverlapTS16PB,FuseAll-CLO-SSA-Overlap-TS16-PB,1792,32,16,0.444880,0.437687,0.438257,0.437667,0.411054,0.433909,0.437687,0.411054,0.013134
miniFluxDiv-fuseAllCLOSSAOverlapTS16PB,FuseAll-CLO-SSA-Overlap-TS16-PB,14336,16,16,1.104972,1.114378,1.125130,1.118368,1.118339,1.116237,1.118339,1.104972,0.007389
miniFluxDiv-fuseAllCLOSSAOverlapTS16PB,FuseAll-CLO-SSA-Overlap-TS16-PB,28,128,28,0.369601,0.371291,0.375716,0.370710,0.368734,0.371210,0.370710,0.368734,0.002706
miniFluxDiv-fuseAllCLOSSAOverlapTS16PB,FuseAll-CLO-SSA-Overlap-TS16-PB,224,64,28,0.267531,0.263819,0.262199,0.266501,0.264069,0.264824,0.264069,0.262199,0.002157
miniFluxDiv-fuseAllCLOSSAOverlapTS16PB,FuseAll-CLO-SSA-Overlap-TS16-PB,1792,32,28,0.253628,0.257998,0.253741,0.255769,0.251151,0.254457,0.253741,0.251151,0.002569
miniFluxDiv-fuseAllCLOSSAOverlapTS16PB,FuseAll-CLO-SSA-Overlap-TS16-PB,14336,16,28,0.611139,0.599420,0.606895,0.615524,0.607124,0.608020,0.607124,0.599420,0.005960
miniFluxDiv-fuseAllCLOSSAOverlapTS16PT,FuseAll-CLO-SSA-Overlap-TS16-PT,28,128,1,4.243179,4.272998,4.229212,4.276892,4.274157,4.259288,4.272998,4.229212,0.021697
miniFluxDiv-fuseAllCLOSSAOverlapTS16PT,FuseAll-CLO-SSA-Overlap-TS16-PT,224,64,1,4.014405,4.016048,4.015045,4.001703,4.118234,4.033087,4.015045,4.001703,0.047958
miniFluxDiv-fuseAllCLOSSAOverlapTS16PT,FuseAll-CLO-SSA-Overlap-TS16-PT,1792,32,1,4.016162,3.993454,3.990029,3.971708,3.988289,3.991928,3.990029,3.971708,0.015932
miniFluxDiv-fuseAllCLOSSAOverlapTS16PT,FuseAll-CLO-SSA-Overlap-TS16-PT,14336,16,1,5.112260,5.111958,5.147327,5.114082,5.111799,5.119485,5.112260,5.111799,0.015591
miniFluxDiv-fuseAllCLOSSAOverlapTS16PT,FuseAll-CLO-SSA-Overlap-TS16-PT,28,128,2,2.422277,2.435572,2.441199,2.441678,2.440571,2.436259,2.440571,2.422277,0.008190
miniFluxDiv-fuseAllCLOSSAOverlapTS16PT,FuseAll-CLO-SSA-Overlap-TS16-PT,224,64,2,2.692157,2.698336,2.679245,2.676825,2.714124,2.692137,2.692157,2.676825,0.015186
miniFluxDiv-fuseAllCLOSSAOverlapTS16PT,FuseAll-CLO-SSA-Overlap-TS16-PT,1792,32,2,4.461224,4.494002,4.503738,4.491673,4.501200,4.490367,4.494002,4.461224,0.017032
miniFluxDiv-fuseAllCLOSSAOverlapTS16PT,FuseAll-CLO-SSA-Overlap-TS16-PT,14336,16,2,6.136078,6.168438,6.107876,6.126634,6.118120,6.131429,6.126634,6.107876,0.023163
miniFluxDiv-fuseAllCLOSSAOverlapTS16PT,FuseAll-CLO-SSA-Overlap-TS16-PT,28,128,8,0.699873,0.705091,0.700441,0.678456,0.683953,0.693563,0.699873,0.678456,0.011625
miniFluxDiv-fuseAllCLOSSAOverlapTS16PT,FuseAll-CLO-SSA-Overlap-TS16-PT,224,64,8,0.997356,0.996539,0.999360,0.998757,1.026419,1.003686,0.998757,0.996539,0.012757
miniFluxDiv-fuseAllCLOSSAOverlapTS16PT,FuseAll-CLO-SSA-Overlap-TS16-PT,1792,32,8,2.309350,2.255588,2.204289,2.252361,2.220452,2.248408,2.252361,2.204289,0.040340
miniFluxDiv-fuseAllCLOSSAOverlapTS16PT,FuseAll-CLO-SSA-Overlap-TS16-PT,14336,16,8,10.738928,10.329190,9.946638,12.296989,10.645432,10.791435,10.645432,9.946638,0.896956
miniFluxDiv-fuseAllCLOSSAOverlapTS16PT,FuseAll-CLO-SSA-Overlap-TS16-PT,28,128,14,0.504840,0.506024,0.508104,0.503745,0.508117,0.506166,0.506024,0.503745,0.001949
miniFluxDiv-fuseAllCLOSSAOverlapTS16PT,FuseAll-CLO-SSA-Overlap-TS16-PT,224,64,14,0.642117,0.645121,0.658314,0.647621,0.642813,0.647197,0.645121,0.642117,0.006578
miniFluxDiv-fuseAllCLOSSAOverlapTS16PT,FuseAll-CLO-SSA-Overlap-TS16-PT,1792,32,14,1.440543,1.423277,1.416852,1.424450,1.333257,1.407676,1.423277,1.333257,0.042507
miniFluxDiv-fuseAllCLOSSAOverlapTS16PT,FuseAll-CLO-SSA-Overlap-TS16-PT,14336,16,14,8.292202,8.184804,11.246652,8.770053,8.684158,9.035574,8.684158,8.184804,1.260880
miniFluxDiv-fuseAllCLOSSAOverlapTS16PT,FuseAll-CLO-SSA-Overlap-TS16-PT,28,128,16,0.459857,0.458510,0.458318,0.436492,0.445445,0.451724,0.458318,0.436492,0.010333
miniFluxDiv-fuseAllCLOSSAOverlapTS16PT,FuseAll-CLO-SSA-Overlap-TS16-PT,224,64,16,0.656496,0.650764,0.646588,0.647550,0.646403,0.649560,0.647550,0.646403,0.004254
miniFluxDiv-fuseAllCLOSSAOverlapTS16PT,FuseAll-CLO-SSA-Overlap-TS16-PT,1792,32,16,1.426052,1.441076,1.427782,1.441598,1.434124,1.434126,1.434124,1.426052,0.007238
miniFluxDiv-fuseAllCLOSSAOverlapTS16PT,FuseAll-CLO-SSA-Overlap-TS16-PT,14336,16,16,11.191525,11.048018,8.581517,8.944458,8.632551,9.679614,8.944458,8.581517,1.322972
miniFluxDiv-fuseAllCLOSSAOverlapTS16PT,FuseAll-CLO-SSA-Overlap-TS16-PT,28,128,28,0.464373,0.422838,0.451503,0.454441,0.441034,0.446838,0.451503,0.422838,0.015786
miniFluxDiv-fuseAllCLOSSAOverlapTS16PT,FuseAll-CLO-SSA-Overlap-TS16-PT,224,64,28,0.430009,0.434397,0.439093,0.430788,0.445941,0.436046,0.434397,0.430009,0.006596
miniFluxDiv-fuseAllCLOSSAOverlapTS16PT,FuseAll-CLO-SSA-Overlap-TS16-PT,1792,32,28,1.504115,1.628966,1.384944,1.379556,1.371563,1.453829,1.384944,1.371563,0.112061
miniFluxDiv-fuseAllCLOSSAOverlapTS16PT,FuseAll-CLO-SSA-Overlap-TS16-PT,14336,16,28,9.823646,8.970607,12.345043,19.119743,9.714088,11.994625,9.823646,8.970607,4.181769
miniFluxDiv-fuseAllCLOSSAOverlapTS32PB,FuseAll-CLO-SSA-Overlap-TS32-PB,28,128,1,3.827702,3.823269,3.838441,3.826618,3.821026,3.827411,3.826618,3.821026,0.006714
miniFluxDiv-fuseAllCLOSSAOverlapTS32PB,FuseAll-CLO-SSA-Overlap-TS32-PB,224,64,1,3.405566,3.411657,3.405973,3.406237,3.410079,3.407902,3.406237,3.405566,0.002774
miniFluxDiv-fuseAllCLOSSAOverlapTS32PB,FuseAll-CLO-SSA-Overlap-TS32-PB,1792,32,1,3.529523,3.530857,3.530306,3.526764,3.528019,3.529094,3.529523,3.526764,0.001684
miniFluxDiv-fuseAllCLOSSAOverlapTS32PB,FuseAll-CLO-SSA-Overlap-TS32-PB,14336,16,1,4.331782,4.325875,4.336276,4.330981,4.331926,4.331368,4.331782,4.325875,0.003705
miniFluxDiv-fuseAllCLOSSAOverlapTS32PB,FuseAll-CLO-SSA-Overlap-TS32-PB,28,128,2,2.060764,2.049700,2.047041,2.043927,2.047121,2.049711,2.047121,2.043927,0.006509
miniFluxDiv-fuseAllCLOSSAOverlapTS32PB,FuseAll-CLO-SSA-Overlap-TS32-PB,224,64,2,1.772753,1.868103,1.776494,1.775542,1.736043,1.785787,1.775542,1.736043,0.049019
miniFluxDiv-fuseAllCLOSSAOverlapTS32PB,FuseAll-CLO-SSA-Overlap-TS32-PB,1792,32,2,1.776201,1.767894,1.767607,1.774037,1.776657,1.772479,1.774037,1.767607,0.004430
miniFluxDiv-fuseAllCLOSSAOverlapTS32PB,FuseAll-CLO-SSA-Overlap-TS32-PB,14336,16,2,2.167846,2.162123,2.167166,2.208407,2.162949,2.173698,2.167166,2.162123,0.019565
miniFluxDiv-fuseAllCLOSSAOverlapTS32PB,FuseAll-CLO-SSA-Overlap-TS32-PB,28,128,8,0.801807,0.816902,0.800554,0.802707,0.800222,0.804438,0.801807,0.800222,0.007038
miniFluxDiv-fuseAllCLOSSAOverlapTS32PB,FuseAll-CLO-SSA-Overlap-TS32-PB,224,64,8,0.531990,0.545635,0.533880,0.535858,0.536942,0.536861,0.535858,0.531990,0.005259
miniFluxDiv-fuseAllCLOSSAOverlapTS32PB,FuseAll-CLO-SSA-Overlap-TS32-PB,1792,32,8,0.502971,0.489675,0.510089,0.490545,0.499997,0.498655,0.499997,0.489675,0.008625
miniFluxDiv-fuseAllCLOSSAOverlapTS32PB,FuseAll-CLO-SSA-Overlap-TS32-PB,14336,16,8,1.629987,1.620817,1.560031,1.620440,1.618384,1.609932,1.620440,1.560031,0.028252
miniFluxDiv-fuseAllCLOSSAOverlapTS32PB,FuseAll-CLO-SSA-Overlap-TS32-PB,28,128,14,0.634790,0.637825,0.637917,0.632500,0.650256,0.638658,0.637825,0.632500,0.006867
miniFluxDiv-fuseAllCLOSSAOverlapTS32PB,FuseAll-CLO-SSA-Overlap-TS32-PB,224,64,14,0.387427,0.386968,0.387970,0.362476,0.389269,0.382822,0.387427,0.362476,0.011406
miniFluxDiv-fuseAllCLOSSAOverlapTS32PB,FuseAll-CLO-SSA-Overlap-TS32-PB,1792,32,14,0.439503,0.480047,0.436281,0.332978,0.436891,0.425140,0.436891,0.332978,0.054720
miniFluxDiv-fuseAllCLOSSAOverlapTS32PB,FuseAll-CLO-SSA-Overlap-TS32-PB,14336,16,14,1.307819,1.302888,1.312574,1.311210,1.301625,1.307223,1.307819,1.301625,0.004874
miniFluxDiv-fuseAllCLOSSAOverlapTS32PB,FuseAll-CLO-SSA-Overlap-TS32-PB,28,128,16,0.641411,0.645389,0.638475,0.636412,0.645681,0.641474,0.641411,0.636412,0.004112
miniFluxDiv-fuseAllCLOSSAOverlapTS32PB,FuseAll-CLO-SSA-Overlap-TS32-PB,224,64,16,0.339343,0.339011,0.340108,0.340582,0.377143,0.347237,0.340108,0.339011,0.016729
miniFluxDiv-fuseAllCLOSSAOverlapTS32PB,FuseAll-CLO-SSA-Overlap-TS32-PB,1792,32,16,0.422022,0.424976,0.425289,0.425454,0.420930,0.423734,0.424976,0.420930,0.002104
miniFluxDiv-fuseAllCLOSSAOverlapTS32PB,FuseAll-CLO-SSA-Overlap-TS32-PB,14336,16,16,1.132655,1.146651,1.134652,1.127682,1.160581,1.140444,1.134652,1.127682,0.013239
miniFluxDiv-fuseAllCLOSSAOverlapTS32PB,FuseAll-CLO-SSA-Overlap-TS32-PB,28,128,28,0.680226,0.676800,0.745585,0.675476,0.678590,0.691335,0.678590,0.675476,0.030380
miniFluxDiv-fuseAllCLOSSAOverlapTS32PB,FuseAll-CLO-SSA-Overlap-TS32-PB,224,64,28,0.441258,0.444664,0.422128,0.425974,0.441276,0.435060,0.441258,0.422128,0.010236
miniFluxDiv-fuseAllCLOSSAOverlapTS32PB,FuseAll-CLO-SSA-Overlap-TS32-PB,1792,32,28,0.352381,0.350473,0.346444,0.351630,0.252208,0.330627,0.350473,0.252208,0.043897
miniFluxDiv-fuseAllCLOSSAOverlapTS32PB,FuseAll-CLO-SSA-Overlap-TS32-PB,14336,16,28,0.581251,0.571781,0.574423,0.575185,0.574340,0.575396,0.574423,0.571781,0.003516
miniFluxDiv-fuseAllCLOSSAOverlapTS32PT,FuseAll-CLO-SSA-Overlap-TS32-PT,28,128,1,3.961397,3.988600,3.997770,3.987354,3.980799,3.983184,3.987354,3.961397,0.013600
miniFluxDiv-fuseAllCLOSSAOverlapTS32PT,FuseAll-CLO-SSA-Overlap-TS32-PT,224,64,1,3.526098,3.571443,3.384491,3.395895,3.396619,3.454909,3.396619,3.384491,0.087303
miniFluxDiv-fuseAllCLOSSAOverlapTS32PT,FuseAll-CLO-SSA-Overlap-TS32-PT,1792,32,1,3.495354,3.497310,3.491378,3.497327,3.491361,3.494546,3.495354,3.491361,0.003009
miniFluxDiv-fuseAllCLOSSAOverlapTS32PT,FuseAll-CLO-SSA-Overlap-TS32-PT,14336,16,1,4.383385,4.379050,4.364448,4.371102,4.405113,4.380620,4.379050,4.364448,0.015509
miniFluxDiv-fuseAllCLOSSAOverlapTS32PT,FuseAll-CLO-SSA-Overlap-TS32-PT,28,128,2,2.614372,2.605063,2.601425,2.621521,2.598544,2.608185,2.605063,2.598544,0.009546
miniFluxDiv-fuseAllCLOSSAOverlapTS32PT,FuseAll-CLO-SSA-Overlap-TS32-PT,224,64,2,3.479571,3.487635,3.494499,3.490810,3.490339,3.488571,3.490339,3.479571,0.005594
miniFluxDiv-fuseAllCLOSSAOverlapTS32PT,FuseAll-CLO-SSA-Overlap-TS32-PT,1792,32,2,3.628242,3.493060,3.473898,3.513226,3.572862,3.536258,3.513226,3.473898,0.063416
miniFluxDiv-fuseAllCLOSSAOverlapTS32PT,FuseAll-CLO-SSA-Overlap-TS32-PT,14336,16,2,4.447070,4.445126,4.445057,4.431539,4.435025,4.440763,4.445057,4.431539,0.006987
miniFluxDiv-fuseAllCLOSSAOverlapTS32PT,FuseAll-CLO-SSA-Overlap-TS32-PT,28,128,8,1.060238,1.057729,1.058558,1.060210,1.057934,1.058934,1.058558,1.057729,0.001217
miniFluxDiv-fuseAllCLOSSAOverlapTS32PT,FuseAll-CLO-SSA-Overlap-TS32-PT,224,64,8,1.697623,1.696479,1.722338,1.718980,1.744404,1.715965,1.718980,1.696479,0.019841
miniFluxDiv-fuseAllCLOSSAOverlapTS32PT,FuseAll-CLO-SSA-Overlap-TS32-PT,1792,32,8,4.338826,4.321531,4.300660,4.295012,4.319769,4.315160,4.319769,4.295012,0.017593
miniFluxDiv-fuseAllCLOSSAOverlapTS32PT,FuseAll-CLO-SSA-Overlap-TS32-PT,14336,16,8,4.992629,4.995170,4.994864,5.072865,4.990015,5.009109,4.994864,4.990015,0.035701
miniFluxDiv-fuseAllCLOSSAOverlapTS32PT,FuseAll-CLO-SSA-Overlap-TS32-PT,28,128,14,0.815277,0.816935,0.805730,0.792546,0.810622,0.808222,0.810622,0.792546,0.009790
miniFluxDiv-fuseAllCLOSSAOverlapTS32PT,FuseAll-CLO-SSA-Overlap-TS32-PT,224,64,14,1.007543,1.009754,1.008421,1.007555,1.003020,1.007259,1.007555,1.003020,0.002535
miniFluxDiv-fuseAllCLOSSAOverlapTS32PT,FuseAll-CLO-SSA-Overlap-TS32-PT,1792,32,14,4.368587,4.383130,4.393671,4.520451,4.374281,4.408024,4.383130,4.368587,0.063560
miniFluxDiv-fuseAllCLOSSAOverlapTS32PT,FuseAll-CLO-SSA-Overlap-TS32-PT,14336,16,14,5.166157,5.170615,5.167688,5.168527,5.181592,5.170916,5.168527,5.166157,0.006181
miniFluxDiv-fuseAllCLOSSAOverlapTS32PT,FuseAll-CLO-SSA-Overlap-TS32-PT,28,128,16,0.824848,0.815020,0.803753,0.818698,0.814846,0.815433,0.815020,0.803753,0.007685
miniFluxDiv-fuseAllCLOSSAOverlapTS32PT,FuseAll-CLO-SSA-Overlap-TS32-PT,224,64,16,1.002068,1.054472,1.018713,0.991595,0.990409,1.011451,1.002068,0.990409,0.026592
miniFluxDiv-fuseAllCLOSSAOverlapTS32PT,FuseAll-CLO-SSA-Overlap-TS32-PT,1792,32,16,4.122198,4.115672,4.067373,3.942815,4.024321,4.054476,4.067373,3.942815,0.073951
miniFluxDiv-fuseAllCLOSSAOverlapTS32PT,FuseAll-CLO-SSA-Overlap-TS32-PT,14336,16,16,5.074444,5.058853,5.064419,5.069057,5.065664,5.066487,5.065664,5.058853,0.005770
miniFluxDiv-fuseAllCLOSSAOverlapTS32PT,FuseAll-CLO-SSA-Overlap-TS32-PT,28,128,28,0.635692,0.655290,0.724258,0.656965,0.634427,0.661326,0.655290,0.634427,0.036731
miniFluxDiv-fuseAllCLOSSAOverlapTS32PT,FuseAll-CLO-SSA-Overlap-TS32-PT,224,64,28,1.000422,1.026267,1.006444,1.010608,1.047099,1.018168,1.010608,1.000422,0.018789
miniFluxDiv-fuseAllCLOSSAOverlapTS32PT,FuseAll-CLO-SSA-Overlap-TS32-PT,1792,32,28,4.564013,4.573613,4.569781,4.588273,4.602345,4.579605,4.573613,4.564013,0.015554
miniFluxDiv-fuseAllCLOSSAOverlapTS32PT,FuseAll-CLO-SSA-Overlap-TS32-PT,14336,16,28,5.227966,5.214380,5.250818,16.816414,5.096689,7.521253,5.227966,5.096689,5.196495
