Program,Legend,nBoxes,nCells,nThreads,Time0,Time1,Time2,Time3,Time4,MeanTime,MedianTime,StdevTime
miniFluxdiv-explainTripleCache-lc,Baseline,28,128,1,4.185959,4.187721,4.185517,4.159529,4.173061,4.178357,4.185517,0.012034
miniFluxdiv-explainTripleCache-lc,Baseline,224,64,1,3.707445,3.669514,3.692224,3.681582,3.686392,3.687431,3.686392,0.013963
miniFluxdiv-explainTripleCache-lc,Baseline,1792,32,1,3.319387,3.321314,3.309736,3.314893,3.313890,3.315844,3.314893,0.004596
miniFluxdiv-explainTripleCache-lc,Baseline,14336,16,1,3.974673,4.003525,3.974823,3.977208,3.972527,3.980551,3.974823,0.012949
miniFluxdiv-explainTripleCache-lc,Baseline,28,128,2,2.304581,2.302914,2.302989,2.307318,2.303410,2.304242,2.303410,0.001844
miniFluxdiv-explainTripleCache-lc,Baseline,224,64,2,2.042412,2.040096,2.040985,2.042660,2.041497,2.041530,2.041497,0.001050
miniFluxdiv-explainTripleCache-lc,Baseline,1792,32,2,1.717492,1.717393,1.717479,1.717558,1.719265,1.717837,1.717492,0.000800
miniFluxdiv-explainTripleCache-lc,Baseline,14336,16,2,2.067238,2.072554,2.059853,2.060493,2.072172,2.066462,2.067238,0.006116
miniFluxdiv-explainTripleCache-lc,Baseline,28,128,4,1.235403,1.248370,1.235507,1.238709,1.234621,1.238522,1.235507,0.005724
miniFluxdiv-explainTripleCache-lc,Baseline,224,64,4,1.132051,1.128619,1.133442,1.131820,1.132102,1.131607,1.132051,0.001788
miniFluxdiv-explainTripleCache-lc,Baseline,1792,32,4,0.869157,0.868900,0.869598,0.864218,0.864387,0.867252,0.868900,0.002705
miniFluxdiv-explainTripleCache-lc,Baseline,14336,16,4,2.776257,2.796184,2.767157,2.771659,2.763380,2.774927,2.771659,0.012826
miniFluxdiv-explainTripleCache-lc,Baseline,28,128,7,0.925998,0.916146,0.920154,0.919243,0.918820,0.920072,0.919243,0.003633
miniFluxdiv-explainTripleCache-lc,Baseline,224,64,7,0.887664,0.885618,0.890238,0.886008,0.882278,0.886361,0.886008,0.002919
miniFluxdiv-explainTripleCache-lc,Baseline,1792,32,7,0.540811,0.539809,0.541992,0.539869,0.541474,0.540791,0.540811,0.000965
miniFluxdiv-explainTripleCache-lc,Baseline,14336,16,7,1.677011,1.711033,1.722157,1.719346,1.712274,1.708364,1.712274,0.018140
miniFluxdiv-explainTripleCache-lc,Baseline,28,128,8,0.980541,0.967463,0.972471,0.978069,0.973948,0.974498,0.973948,0.005079
miniFluxdiv-explainTripleCache-lc,Baseline,224,64,8,0.832531,0.836728,0.827187,0.826780,0.832495,0.831144,0.832495,0.004172
miniFluxdiv-explainTripleCache-lc,Baseline,1792,32,8,0.491659,0.492576,0.493536,0.490096,0.491451,0.491864,0.491659,0.001289
miniFluxdiv-explainTripleCache-lc,Baseline,14336,16,8,1.666928,1.660576,1.663035,1.661302,1.659977,1.662364,1.661302,0.002797
miniFluxdiv-explainTripleCache-lc,Baseline,28,128,14,0.888940,0.884277,0.886744,0.894242,0.890799,0.889000,0.888940,0.003812
miniFluxdiv-explainTripleCache-lc,Baseline,224,64,14,0.792877,0.806495,0.803293,0.817106,0.780274,0.800009,0.803293,0.014013
miniFluxdiv-explainTripleCache-lc,Baseline,1792,32,14,0.610620,0.634505,0.615905,0.605174,0.603100,0.613861,0.610620,0.012571
miniFluxdiv-explainTripleCache-lc,Baseline,14336,16,14,1.247460,1.239138,1.227696,1.225140,1.269032,1.241693,1.239138,0.017728
miniFluxdiv-explainTripleCache-lc,Baseline,28,128,16,0.902214,0.901402,0.892620,0.893502,0.893034,0.896554,0.893502,0.004815
miniFluxdiv-explainTripleCache-lc,Baseline,224,64,16,0.790970,0.793408,0.787305,0.804868,0.805090,0.796328,0.793408,0.008191
miniFluxdiv-explainTripleCache-lc,Baseline,1792,32,16,0.684426,0.675997,0.610332,0.677947,0.655363,0.660813,0.675997,0.030248
miniFluxdiv-explainTripleCache-lc,Baseline,14336,16,16,1.058273,1.054349,1.103160,1.087902,1.082028,1.077142,1.082028,0.020568
miniFluxdiv-explainTripleCache-lc,Baseline,28,128,21,0.949767,0.962785,0.964065,0.966072,0.974507,0.963439,0.964065,0.008905
miniFluxdiv-explainTripleCache-lc,Baseline,224,64,21,0.838413,0.825815,0.822983,0.854400,0.811978,0.830718,0.825815,0.016241
miniFluxdiv-explainTripleCache-lc,Baseline,1792,32,21,0.703208,0.729173,0.735141,0.670335,0.721676,0.711907,0.721676,0.026159
miniFluxdiv-explainTripleCache-lc,Baseline,14336,16,21,0.795568,0.797528,0.785314,0.792839,0.793829,0.793016,0.793829,0.004661
miniFluxdiv-explainTripleCache-lc,Baseline,28,128,24,0.997618,1.015603,1.002148,1.030806,1.001584,1.009552,1.002148,0.013685
miniFluxdiv-explainTripleCache-lc,Baseline,224,64,24,0.827119,0.826767,0.825428,0.841744,0.829338,0.830079,0.827119,0.006671
miniFluxdiv-explainTripleCache-lc,Baseline,1792,32,24,0.715954,0.730351,0.720740,0.711951,0.738866,0.723572,0.720740,0.010965
miniFluxdiv-explainTripleCache-lc,Baseline,14336,16,24,0.696748,0.688111,0.693019,0.695904,0.696965,0.694149,0.695904,0.003725
miniFluxdiv-explainTripleCache-lc,Baseline,28,128,28,0.975001,0.962971,0.965648,0.969197,0.972320,0.969027,0.969197,0.004865
miniFluxdiv-explainTripleCache-lc,Baseline,224,64,28,0.873057,0.815647,0.856167,0.813301,0.857307,0.843096,0.856167,0.026980
miniFluxdiv-explainTripleCache-lc,Baseline,1792,32,28,0.763504,0.770367,0.732402,0.767592,0.776917,0.762156,0.767592,0.017335
miniFluxdiv-explainTripleCache-lc,Baseline,14336,16,28,0.605335,0.601145,0.599783,0.602597,0.612426,0.604257,0.602597,0.005009
miniFluxdiv-explain-baseline,Storage Optimized,28,128,1,4.135550,4.148581,4.112129,4.145866,4.152079,4.138841,4.145866,0.016154
miniFluxdiv-explain-baseline,Storage Optimized,224,64,1,3.274254,3.255732,3.262515,3.259031,3.258924,3.262091,3.259031,0.007210
miniFluxdiv-explain-baseline,Storage Optimized,1792,32,1,3.328166,3.314568,3.307943,3.317123,3.313064,3.316173,3.314568,0.007495
miniFluxdiv-explain-baseline,Storage Optimized,14336,16,1,3.984537,3.975622,3.975739,3.968305,3.970967,3.975034,3.975622,0.006184
miniFluxdiv-explain-baseline,Storage Optimized,28,128,2,2.275991,2.273667,2.275643,2.277928,2.274347,2.275515,2.275643,0.001647
miniFluxdiv-explain-baseline,Storage Optimized,224,64,2,1.732173,1.726581,1.727500,1.728660,1.729432,1.728869,1.728660,0.002144
miniFluxdiv-explain-baseline,Storage Optimized,1792,32,2,1.725616,1.720401,1.718609,1.726785,1.725720,1.723426,1.725616,0.003664
miniFluxdiv-explain-baseline,Storage Optimized,14336,16,2,2.071102,2.058674,2.064465,2.058052,2.068139,2.064086,2.064465,0.005734
miniFluxdiv-explain-baseline,Storage Optimized,28,128,4,1.208986,1.209067,1.206461,1.207859,1.206587,1.207792,1.207859,0.001253
miniFluxdiv-explain-baseline,Storage Optimized,224,64,4,1.072523,1.066440,1.068615,1.066283,1.076670,1.070106,1.068615,0.004450
miniFluxdiv-explain-baseline,Storage Optimized,1792,32,4,0.864828,0.869129,0.886278,0.865585,0.867823,0.870729,0.867823,0.008861
miniFluxdiv-explain-baseline,Storage Optimized,14336,16,4,2.756051,2.764004,2.773835,2.762510,2.767490,2.764778,2.764004,0.006544
miniFluxdiv-explain-baseline,Storage Optimized,28,128,7,0.890457,0.888317,0.936256,0.889898,0.894198,0.899825,0.890457,0.020479
miniFluxdiv-explain-baseline,Storage Optimized,224,64,7,0.879528,0.866650,0.870667,0.869296,0.895300,0.876288,0.870667,0.011676
miniFluxdiv-explain-baseline,Storage Optimized,1792,32,7,0.529092,0.529066,0.527848,0.527855,0.527122,0.528197,0.527855,0.000859
miniFluxdiv-explain-baseline,Storage Optimized,14336,16,7,1.662277,1.714484,1.674619,1.663767,1.664032,1.675836,1.664032,0.022158
miniFluxdiv-explain-baseline,Storage Optimized,28,128,8,0.961416,0.959257,0.949208,0.956899,0.949868,0.955330,0.956899,0.005528
miniFluxdiv-explain-baseline,Storage Optimized,224,64,8,0.814428,0.841625,0.808915,0.852491,0.821120,0.827716,0.821120,0.018580
miniFluxdiv-explain-baseline,Storage Optimized,1792,32,8,0.480900,0.481930,0.483553,0.481440,0.562700,0.498105,0.481930,0.036124
miniFluxdiv-explain-baseline,Storage Optimized,14336,16,8,1.533870,1.475820,1.484225,1.626613,1.651638,1.554433,1.533870,0.080918
miniFluxdiv-explain-baseline,Storage Optimized,28,128,14,0.851551,0.840325,0.854578,0.849402,0.849917,0.849155,0.849917,0.005333
miniFluxdiv-explain-baseline,Storage Optimized,224,64,14,0.791525,0.801272,0.784442,0.779077,0.810155,0.793294,0.791525,0.012565
miniFluxdiv-explain-baseline,Storage Optimized,1792,32,14,0.351082,0.447622,0.447800,0.458932,0.446196,0.430326,0.447622,0.044593
miniFluxdiv-explain-baseline,Storage Optimized,14336,16,14,1.231550,1.255198,1.236580,1.278043,1.266301,1.253534,1.255198,0.019604
miniFluxdiv-explain-baseline,Storage Optimized,28,128,16,0.852030,0.861191,0.853445,0.853056,0.851880,0.854320,0.853056,0.003898
miniFluxdiv-explain-baseline,Storage Optimized,224,64,16,0.777414,0.779492,0.830720,0.776699,0.817360,0.796337,0.779492,0.025747
miniFluxdiv-explain-baseline,Storage Optimized,1792,32,16,0.393241,0.476816,0.471884,0.467648,0.474447,0.456807,0.471884,0.035697
miniFluxdiv-explain-baseline,Storage Optimized,14336,16,16,1.067636,1.084849,1.081051,1.036822,1.040464,1.062164,1.067636,0.022441
miniFluxdiv-explain-baseline,Storage Optimized,28,128,21,0.879714,0.875402,0.871413,0.894693,0.905066,0.885258,0.879714,0.014150
miniFluxdiv-explain-baseline,Storage Optimized,224,64,21,0.825472,0.802180,0.822010,0.810889,0.822606,0.816631,0.822010,0.009806
miniFluxdiv-explain-baseline,Storage Optimized,1792,32,21,0.541509,0.547418,0.538763,0.538714,0.539779,0.541237,0.539779,0.003636
miniFluxdiv-explain-baseline,Storage Optimized,14336,16,21,0.797236,0.797445,0.799018,0.796240,0.798734,0.797735,0.797445,0.001142
miniFluxdiv-explain-baseline,Storage Optimized,28,128,24,0.947410,0.940213,0.944245,0.934589,0.945865,0.942464,0.944245,0.005155
miniFluxdiv-explain-baseline,Storage Optimized,224,64,24,0.783979,0.795761,0.803049,0.809738,0.808000,0.800105,0.803049,0.010520
miniFluxdiv-explain-baseline,Storage Optimized,1792,32,24,0.583238,0.578833,0.581291,0.576088,0.588564,0.581603,0.581291,0.004725
miniFluxdiv-explain-baseline,Storage Optimized,14336,16,24,0.701511,0.697342,0.703750,0.699353,0.677246,0.695840,0.699353,0.010666
miniFluxdiv-explain-baseline,Storage Optimized,28,128,28,0.888300,0.888476,0.908724,0.885750,0.892887,0.892827,0.888476,0.009250
miniFluxdiv-explain-baseline,Storage Optimized,224,64,28,0.822715,0.824159,0.831613,0.764645,0.801189,0.808864,0.822715,0.027192
miniFluxdiv-explain-baseline,Storage Optimized,1792,32,28,0.605869,0.628174,0.622011,0.617493,0.623195,0.619348,0.622011,0.008440
miniFluxdiv-explain-baseline,Storage Optimized,14336,16,28,0.600460,0.600760,0.604586,0.600946,0.607274,0.602805,0.600946,0.003012
miniFluxdiv-ts4,OverlapTiled4x4x4,28,128,1,15.062207,15.052163,15.040670,14.817449,15.031311,15.000760,15.040670,0.103135
miniFluxdiv-ts4,OverlapTiled4x4x4,224,64,1,14.252908,14.267492,14.256577,14.269661,14.259189,14.261165,14.259189,0.007165
miniFluxdiv-ts4,OverlapTiled4x4x4,1792,32,1,10.296519,9.535894,9.392319,10.367775,9.958262,9.910154,9.958262,0.438530
miniFluxdiv-ts4,OverlapTiled4x4x4,14336,16,1,12.525664,12.562300,12.581008,12.483582,12.578981,12.546307,12.562300,0.041497
miniFluxdiv-ts4,OverlapTiled4x4x4,28,128,2,8.103941,8.100684,8.397726,8.403761,8.298280,8.260878,8.298280,0.150693
miniFluxdiv-ts4,OverlapTiled4x4x4,224,64,2,7.985592,6.612908,8.016509,7.778790,7.938006,7.666361,7.938006,0.595967
miniFluxdiv-ts4,OverlapTiled4x4x4,1792,32,2,6.074043,6.144130,5.843574,6.114688,6.027009,6.040689,6.074043,0.118670
miniFluxdiv-ts4,OverlapTiled4x4x4,14336,16,2,8.587797,8.493665,8.583745,8.569628,8.547271,8.556421,8.569628,0.038495
miniFluxdiv-ts4,OverlapTiled4x4x4,28,128,4,4.473512,4.520150,4.494901,4.561145,4.509883,4.511918,4.509883,0.032634
miniFluxdiv-ts4,OverlapTiled4x4x4,224,64,4,4.467176,4.474783,4.531927,3.985322,3.852166,4.262275,4.467176,0.318099
miniFluxdiv-ts4,OverlapTiled4x4x4,1792,32,4,3.600519,3.755650,3.562130,3.739380,3.817212,3.694978,3.739380,0.108587
miniFluxdiv-ts4,OverlapTiled4x4x4,14336,16,4,5.898957,5.886513,5.996224,5.921205,5.942769,5.929134,5.921205,0.043235
miniFluxdiv-ts4,OverlapTiled4x4x4,28,128,7,2.626550,2.667429,2.670268,2.671481,2.714698,2.670085,2.670268,0.031204
miniFluxdiv-ts4,OverlapTiled4x4x4,224,64,7,3.068308,3.065982,3.020582,2.987458,3.048185,3.038103,3.048185,0.034144
miniFluxdiv-ts4,OverlapTiled4x4x4,1792,32,7,2.948830,2.831064,2.887266,2.874232,2.872424,2.882763,2.874232,0.042537
miniFluxdiv-ts4,OverlapTiled4x4x4,14336,16,7,3.788546,3.975192,3.787955,3.807628,3.751327,3.822130,3.788546,0.087959
miniFluxdiv-ts4,OverlapTiled4x4x4,28,128,8,2.534857,2.609156,2.544626,2.534162,2.510905,2.546741,2.534857,0.037026
miniFluxdiv-ts4,OverlapTiled4x4x4,224,64,8,2.871786,2.784906,2.325081,2.788239,2.747466,2.703496,2.784906,0.216369
miniFluxdiv-ts4,OverlapTiled4x4x4,1792,32,8,2.615114,2.468915,2.607723,2.389863,2.465031,2.509329,2.468915,0.098412
miniFluxdiv-ts4,OverlapTiled4x4x4,14336,16,8,3.623454,3.734269,3.918503,3.898864,3.963748,3.827768,3.898864,0.143409
miniFluxdiv-ts4,OverlapTiled4x4x4,28,128,14,1.769924,1.766954,1.811328,1.795514,1.797318,1.788208,1.795514,0.019085
miniFluxdiv-ts4,OverlapTiled4x4x4,224,64,14,2.097544,2.021000,2.136302,2.212523,2.175327,2.128539,2.136302,0.073872
miniFluxdiv-ts4,OverlapTiled4x4x4,1792,32,14,1.658144,1.672939,1.647284,1.666805,1.661278,1.661290,1.661278,0.009646
miniFluxdiv-ts4,OverlapTiled4x4x4,14336,16,14,3.984165,3.939954,3.900939,3.931401,3.830725,3.917437,3.931401,0.056890
miniFluxdiv-ts4,OverlapTiled4x4x4,28,128,16,1.769609,1.691456,1.646818,1.436986,1.781869,1.665348,1.691456,0.139303
miniFluxdiv-ts4,OverlapTiled4x4x4,224,64,16,1.956009,1.985587,2.030260,1.989407,1.911928,1.974638,1.985587,0.043907
miniFluxdiv-ts4,OverlapTiled4x4x4,1792,32,16,1.634631,1.528265,1.674411,1.459130,1.551275,1.569542,1.551275,0.085823
miniFluxdiv-ts4,OverlapTiled4x4x4,14336,16,16,3.905943,4.012160,3.954925,3.894577,3.917335,3.936988,3.917335,0.047753
miniFluxdiv-ts4,OverlapTiled4x4x4,28,128,21,1.439596,1.420055,1.427772,1.406716,1.431086,1.425045,1.427772,0.012415
miniFluxdiv-ts4,OverlapTiled4x4x4,224,64,21,1.287200,1.242250,1.304399,1.329530,1.306402,1.293956,1.304399,0.032591
miniFluxdiv-ts4,OverlapTiled4x4x4,1792,32,21,1.736797,1.757510,1.725122,1.728850,1.633248,1.716305,1.728850,0.048092
miniFluxdiv-ts4,OverlapTiled4x4x4,14336,16,21,3.963993,3.933166,3.986734,4.053139,4.088460,4.005098,3.986734,0.064145
miniFluxdiv-ts4,OverlapTiled4x4x4,28,128,24,1.613906,1.567990,1.524132,1.486727,1.498150,1.538181,1.524132,0.052608
miniFluxdiv-ts4,OverlapTiled4x4x4,224,64,24,1.286788,1.139094,1.332263,1.191455,1.286692,1.247258,1.286692,0.079305
miniFluxdiv-ts4,OverlapTiled4x4x4,1792,32,24,1.767057,1.752390,1.735307,1.709446,1.771948,1.747230,1.752390,0.025498
miniFluxdiv-ts4,OverlapTiled4x4x4,14336,16,24,3.967813,4.161711,4.025514,3.983329,3.911840,4.010041,3.983329,0.094052
miniFluxdiv-ts4,OverlapTiled4x4x4,28,128,28,1.626081,1.654083,1.638502,1.664612,1.620040,1.640664,1.638502,0.018683
miniFluxdiv-ts4,OverlapTiled4x4x4,224,64,28,1.762742,1.752249,1.751572,1.738811,1.771873,1.755449,1.752249,0.012500
miniFluxdiv-ts4,OverlapTiled4x4x4,1792,32,28,5.792281,5.809418,5.469469,5.702923,5.749643,5.704747,5.749643,0.137834
miniFluxdiv-ts4,OverlapTiled4x4x4,14336,16,28,36.765449,35.700542,31.705001,37.787298,37.328417,35.857341,36.765449,2.448467
miniFluxdiv-ts8,OverlapTiled8x8x8,28,128,1,11.026487,10.731852,10.667984,12.770604,12.918227,11.623031,11.026487,1.124348
miniFluxdiv-ts8,OverlapTiled8x8x8,224,64,1,8.713321,9.511564,9.489547,8.691876,9.405800,9.162422,9.405800,0.421678
miniFluxdiv-ts8,OverlapTiled8x8x8,1792,32,1,7.733108,7.553102,7.748369,7.341032,7.486056,7.572333,7.553102,0.171865
miniFluxdiv-ts8,OverlapTiled8x8x8,14336,16,1,9.419823,9.722354,10.472616,10.892840,10.708797,10.243286,10.472616,0.640444
miniFluxdiv-ts8,OverlapTiled8x8x8,28,128,2,7.518233,7.565156,6.867751,7.332727,7.376812,7.332136,7.376812,0.276848
miniFluxdiv-ts8,OverlapTiled8x8x8,224,64,2,6.178947,5.950179,6.021152,6.166484,5.934835,6.050319,6.021152,0.116463
miniFluxdiv-ts8,OverlapTiled8x8x8,1792,32,2,6.204028,6.137999,5.890417,5.803795,6.290712,6.065390,6.137999,0.208752
miniFluxdiv-ts8,OverlapTiled8x8x8,14336,16,2,8.808400,9.802180,9.482114,9.878142,9.828988,9.559965,9.802180,0.448104
miniFluxdiv-ts8,OverlapTiled8x8x8,28,128,4,4.160721,4.197938,4.102225,4.301288,4.352790,4.222992,4.197938,0.102552
miniFluxdiv-ts8,OverlapTiled8x8x8,224,64,4,3.296170,3.268618,3.734528,3.217022,3.576392,3.418546,3.296170,0.225181
miniFluxdiv-ts8,OverlapTiled8x8x8,1792,32,4,3.823765,3.997374,3.921533,3.915671,3.947982,3.921265,3.921533,0.063332
miniFluxdiv-ts8,OverlapTiled8x8x8,14336,16,4,5.234546,5.353251,5.134653,5.309957,4.799305,5.166342,5.234546,0.221321
miniFluxdiv-ts8,OverlapTiled8x8x8,28,128,7,2.651641,2.581298,2.813350,2.595377,2.654160,2.659165,2.651641,0.092178
miniFluxdiv-ts8,OverlapTiled8x8x8,224,64,7,2.716164,2.877845,2.657948,2.662288,2.723707,2.727590,2.716164,0.089214
miniFluxdiv-ts8,OverlapTiled8x8x8,1792,32,7,2.080451,2.129270,2.131901,2.124791,2.118664,2.117015,2.124791,0.021047
miniFluxdiv-ts8,OverlapTiled8x8x8,14336,16,7,5.366919,5.124629,5.398904,5.408447,5.434473,5.346674,5.398904,0.126458
miniFluxdiv-ts8,OverlapTiled8x8x8,28,128,8,2.533859,2.517182,2.488149,2.562440,2.154187,2.451163,2.517182,0.168183
miniFluxdiv-ts8,OverlapTiled8x8x8,224,64,8,2.660420,2.645638,2.519746,2.557161,2.590744,2.594742,2.590744,0.059069
miniFluxdiv-ts8,OverlapTiled8x8x8,1792,32,8,2.132238,2.127632,2.139266,2.140987,2.140976,2.136220,2.139266,0.006005
miniFluxdiv-ts8,OverlapTiled8x8x8,14336,16,8,5.016511,4.893454,5.119383,5.045375,5.231277,5.061200,5.045375,0.125198
miniFluxdiv-ts8,OverlapTiled8x8x8,28,128,14,2.042771,1.989983,2.063213,1.910659,1.938091,1.988943,1.989983,0.065439
miniFluxdiv-ts8,OverlapTiled8x8x8,224,64,14,1.693224,1.670718,1.667555,1.664736,1.603622,1.659971,1.667555,0.033454
miniFluxdiv-ts8,OverlapTiled8x8x8,1792,32,14,2.195882,2.149793,2.155406,2.182195,2.151564,2.166968,2.155406,0.020820
miniFluxdiv-ts8,OverlapTiled8x8x8,14336,16,14,4.917303,5.029009,4.954042,4.907570,4.962372,4.954059,4.954042,0.047955
miniFluxdiv-ts8,OverlapTiled8x8x8,28,128,16,2.064184,2.061904,2.003899,1.969233,1.829068,1.985658,2.003899,0.096310
miniFluxdiv-ts8,OverlapTiled8x8x8,224,64,16,1.504210,1.609825,1.500387,1.477036,1.486005,1.515493,1.500387,0.053857
miniFluxdiv-ts8,OverlapTiled8x8x8,1792,32,16,2.177768,2.141388,2.110983,2.138030,2.122383,2.138110,2.138030,0.025331
miniFluxdiv-ts8,OverlapTiled8x8x8,14336,16,16,4.854386,5.197583,5.183009,5.377466,5.219832,5.166455,5.197583,0.191053
miniFluxdiv-ts8,OverlapTiled8x8x8,28,128,21,1.400137,1.498690,1.377391,1.395749,1.500065,1.434406,1.400137,0.059923
miniFluxdiv-ts8,OverlapTiled8x8x8,224,64,21,1.673254,1.598222,1.679341,1.615082,1.577131,1.628606,1.615082,0.045616
miniFluxdiv-ts8,OverlapTiled8x8x8,1792,32,21,2.178217,2.166749,2.235902,2.173432,2.105012,2.171862,2.173432,0.046473
miniFluxdiv-ts8,OverlapTiled8x8x8,14336,16,21,4.873912,5.116695,5.048519,5.275740,5.136657,5.090305,5.116695,0.146461
miniFluxdiv-ts8,OverlapTiled8x8x8,28,128,24,1.392114,1.367488,1.339683,1.364320,1.344494,1.361620,1.364320,0.020893
miniFluxdiv-ts8,OverlapTiled8x8x8,224,64,24,1.744795,1.698107,1.619894,1.811137,1.643107,1.703408,1.698107,0.077391
miniFluxdiv-ts8,OverlapTiled8x8x8,1792,32,24,2.135626,2.207548,2.156115,2.140333,2.153973,2.158719,2.153973,0.028657
miniFluxdiv-ts8,OverlapTiled8x8x8,14336,16,24,5.249840,5.205914,5.265329,5.371986,5.238638,5.266341,5.249840,0.062954
miniFluxdiv-ts8,OverlapTiled8x8x8,28,128,28,1.367442,1.412716,1.391120,1.438614,1.426655,1.407309,1.412716,0.028438
miniFluxdiv-ts8,OverlapTiled8x8x8,224,64,28,2.059263,1.968728,1.969471,2.038498,2.042268,2.015646,2.038498,0.043205
miniFluxdiv-ts8,OverlapTiled8x8x8,1792,32,28,5.437372,5.499860,5.500975,5.428942,5.418025,5.457035,5.437372,0.040194
miniFluxdiv-ts8,OverlapTiled8x8x8,14336,16,28,39.170868,45.162580,45.333528,45.007246,45.179529,43.970750,45.162580,2.685701
miniFluxdiv-ts16,OverlapTiled16x16x16,28,128,1,9.479512,9.596726,9.119156,9.020995,9.292374,9.301753,9.292374,0.240241
miniFluxdiv-ts16,OverlapTiled16x16x16,224,64,1,7.069748,8.006230,7.645887,7.333860,7.470876,7.505320,7.470876,0.350349
miniFluxdiv-ts16,OverlapTiled16x16x16,1792,32,1,6.806914,6.329124,6.147578,6.981376,6.312659,6.515530,6.329124,0.358193
miniFluxdiv-ts16,OverlapTiled16x16x16,14336,16,1,10.741013,7.563032,7.849228,7.444277,7.946967,8.308903,7.849228,1.374896
miniFluxdiv-ts16,OverlapTiled16x16x16,28,128,2,5.960615,6.482146,6.050142,5.941162,5.912451,6.069303,5.960615,0.236454
miniFluxdiv-ts16,OverlapTiled16x16x16,224,64,2,5.673228,5.471663,5.687300,5.705267,5.815566,5.670605,5.687300,0.124578
miniFluxdiv-ts16,OverlapTiled16x16x16,1792,32,2,6.426249,6.496137,6.049574,6.484385,6.829546,6.457178,6.484385,0.277495
miniFluxdiv-ts16,OverlapTiled16x16x16,14336,16,2,7.479975,6.907420,6.806976,7.533569,7.409284,7.227445,7.409284,0.342695
miniFluxdiv-ts16,OverlapTiled16x16x16,28,128,4,3.369841,3.768935,3.259137,3.514589,3.343325,3.451165,3.369841,0.200074
miniFluxdiv-ts16,OverlapTiled16x16x16,224,64,4,3.939922,3.827709,3.836254,3.727528,3.933002,3.852883,3.836254,0.087491
miniFluxdiv-ts16,OverlapTiled16x16x16,1792,32,4,3.593947,3.504792,3.414109,3.589233,3.560885,3.532593,3.560885,0.075140
miniFluxdiv-ts16,OverlapTiled16x16x16,14336,16,4,8.663595,9.646305,7.232366,7.219623,6.912817,7.934941,7.232366,1.173641
miniFluxdiv-ts16,OverlapTiled16x16x16,28,128,7,2.903488,2.367493,2.816861,2.721127,2.926061,2.747006,2.816861,0.227006
miniFluxdiv-ts16,OverlapTiled16x16x16,224,64,7,2.018353,1.991007,2.130063,1.992975,2.076703,2.041820,2.018353,0.060254
miniFluxdiv-ts16,OverlapTiled16x16x16,1792,32,7,3.480007,3.400018,3.570174,3.936486,3.862299,3.649797,3.570174,0.237121
miniFluxdiv-ts16,OverlapTiled16x16x16,14336,16,7,8.040256,8.207855,9.653097,7.775370,7.751890,8.285694,8.040256,0.787634
miniFluxdiv-ts16,OverlapTiled16x16x16,28,128,8,3.321142,2.674883,2.989905,3.553561,3.090231,3.125944,3.090231,0.333240
miniFluxdiv-ts16,OverlapTiled16x16x16,224,64,8,2.005154,2.023251,2.017374,1.998595,2.017416,2.012358,2.017374,0.010133
miniFluxdiv-ts16,OverlapTiled16x16x16,1792,32,8,3.969105,3.898969,3.520378,3.687893,3.402091,3.695687,3.687893,0.241388
miniFluxdiv-ts16,OverlapTiled16x16x16,14336,16,8,7.728390,8.301324,8.418730,8.527720,8.276996,8.250632,8.301324,0.308641
miniFluxdiv-ts16,OverlapTiled16x16x16,28,128,14,2.608295,2.507934,1.678973,2.227903,2.291005,2.262822,2.291005,0.361360
miniFluxdiv-ts16,OverlapTiled16x16x16,224,64,14,2.936335,2.006097,2.001198,1.997869,2.095036,2.207307,2.006097,0.409548
miniFluxdiv-ts16,OverlapTiled16x16x16,1792,32,14,3.753892,3.859365,3.854564,3.953433,3.990701,3.882391,3.859365,0.092998
miniFluxdiv-ts16,OverlapTiled16x16x16,14336,16,14,9.525219,7.524034,8.540121,8.131545,8.545642,8.453312,8.540121,0.730092
miniFluxdiv-ts16,OverlapTiled16x16x16,28,128,16,2.247127,2.274795,2.377945,2.456357,1.713970,2.214039,2.274795,0.291735
miniFluxdiv-ts16,OverlapTiled16x16x16,224,64,16,1.984304,2.043484,2.039229,2.159707,1.989701,2.043285,2.039229,0.070570
miniFluxdiv-ts16,OverlapTiled16x16x16,1792,32,16,4.960424,4.458259,3.655695,3.440006,3.656302,4.034137,3.656302,0.647467
miniFluxdiv-ts16,OverlapTiled16x16x16,14336,16,16,7.555614,10.051638,12.093776,7.434290,7.432973,8.913658,7.555614,2.099607
miniFluxdiv-ts16,OverlapTiled16x16x16,28,128,21,3.540123,2.607751,2.045174,2.078841,1.856165,2.425611,2.078841,0.682745
miniFluxdiv-ts16,OverlapTiled16x16x16,224,64,21,2.078811,2.073196,2.199147,2.009276,2.001417,2.072369,2.073196,0.079262
miniFluxdiv-ts16,OverlapTiled16x16x16,1792,32,21,4.379264,4.841148,4.193384,4.492042,3.756564,4.332480,4.379264,0.399193
miniFluxdiv-ts16,OverlapTiled16x16x16,14336,16,21,8.156893,8.569085,8.694776,8.889253,10.503600,8.962721,8.694776,0.902193
miniFluxdiv-ts16,OverlapTiled16x16x16,28,128,24,2.158663,2.095058,1.795521,2.016650,1.827791,1.978737,2.016650,0.161008
miniFluxdiv-ts16,OverlapTiled16x16x16,224,64,24,2.103596,2.056733,2.115249,2.072180,2.121356,2.093823,2.103596,0.028092
miniFluxdiv-ts16,OverlapTiled16x16x16,1792,32,24,3.529149,3.531398,3.522650,3.604083,3.836693,3.604795,3.531398,0.133823
miniFluxdiv-ts16,OverlapTiled16x16x16,14336,16,24,8.301157,24.223312,10.387765,7.545972,10.058860,12.103413,10.058860,6.878281
miniFluxdiv-ts16,OverlapTiled16x16x16,28,128,28,2.228455,2.132768,2.311284,2.203542,1.873072,2.149824,2.203542,0.167347
miniFluxdiv-ts16,OverlapTiled16x16x16,224,64,28,2.551887,2.573314,2.578220,2.515841,2.555429,2.554938,2.555429,0.024586
miniFluxdiv-ts16,OverlapTiled16x16x16,1792,32,28,6.667268,6.509206,7.187889,7.528630,6.260137,6.830626,6.667268,0.517277
miniFluxdiv-ts16,OverlapTiled16x16x16,14336,16,28,42.046914,42.193152,43.822618,43.590472,45.270288,43.384689,43.590472,1.322783
miniFluxdiv-ts32,OverlapTiled32x32x32,28,128,1,10.741113,10.602228,9.532581,10.168927,10.252573,10.259484,10.252573,0.470658
miniFluxdiv-ts32,OverlapTiled32x32x32,224,64,1,6.609570,6.891755,5.955099,6.581186,6.262250,6.459972,6.581186,0.359687
miniFluxdiv-ts32,OverlapTiled32x32x32,1792,32,1,5.672568,5.688823,5.574844,5.762147,6.462738,5.832224,5.688823,0.358733
miniFluxdiv-ts32,OverlapTiled32x32x32,14336,16,1,6.541800,6.469960,6.542187,6.420013,7.287874,6.652367,6.541800,0.358990
miniFluxdiv-ts32,OverlapTiled32x32x32,28,128,2,8.332483,7.697037,7.485872,6.968275,8.950158,7.886765,7.697037,0.769709
miniFluxdiv-ts32,OverlapTiled32x32x32,224,64,2,5.976298,5.716688,6.628271,5.902355,6.405069,6.125736,5.976298,0.377531
miniFluxdiv-ts32,OverlapTiled32x32x32,1792,32,2,6.018540,5.702186,5.744809,5.627348,6.127230,5.844023,5.744809,0.216548
miniFluxdiv-ts32,OverlapTiled32x32x32,14336,16,2,6.509329,7.465461,6.619203,6.859132,6.633752,6.817375,6.633752,0.383940
miniFluxdiv-ts32,OverlapTiled32x32x32,28,128,4,6.243089,5.252828,5.833068,5.906893,5.515753,5.750326,5.833068,0.379705
miniFluxdiv-ts32,OverlapTiled32x32x32,224,64,4,3.081583,3.087762,3.833425,3.910609,3.361703,3.455016,3.361703,0.398056
miniFluxdiv-ts32,OverlapTiled32x32x32,1792,32,4,5.851356,5.608829,5.842645,5.838925,6.194448,5.867241,5.842645,0.209464
miniFluxdiv-ts32,OverlapTiled32x32x32,14336,16,4,7.441548,6.995305,6.924953,6.960563,9.535000,7.571474,6.995305,1.117529
miniFluxdiv-ts32,OverlapTiled32x32x32,28,128,7,3.926514,4.603450,3.342224,3.124978,3.153699,3.630173,3.342224,0.632505
miniFluxdiv-ts32,OverlapTiled32x32x32,224,64,7,3.987410,3.792228,3.083223,3.140543,3.188400,3.438361,3.188400,0.419516
miniFluxdiv-ts32,OverlapTiled32x32x32,1792,32,7,6.160576,5.829510,6.019972,6.226131,6.223683,6.091974,6.160576,0.168911
miniFluxdiv-ts32,OverlapTiled32x32x32,14336,16,7,7.691691,7.151822,7.922294,8.025236,10.245686,8.207346,7.922294,1.188411
miniFluxdiv-ts32,OverlapTiled32x32x32,28,128,8,4.928066,6.005906,3.211211,3.204367,3.774011,4.224712,3.774011,1.218480
miniFluxdiv-ts32,OverlapTiled32x32x32,224,64,8,3.815009,3.117178,3.111390,3.099083,3.052342,3.239000,3.111390,0.323005
miniFluxdiv-ts32,OverlapTiled32x32x32,1792,32,8,6.072035,6.788730,5.842776,5.847651,6.035587,6.117356,6.035587,0.389749
miniFluxdiv-ts32,OverlapTiled32x32x32,14336,16,8,7.894269,9.260351,7.131157,7.176768,7.990723,7.890654,7.894269,0.862057
miniFluxdiv-ts32,OverlapTiled32x32x32,28,128,14,3.953956,2.960918,3.035678,3.743315,3.336913,3.406156,3.336913,0.434179
miniFluxdiv-ts32,OverlapTiled32x32x32,224,64,14,3.142916,3.112723,3.143097,3.122743,3.037173,3.111730,3.122743,0.043696
miniFluxdiv-ts32,OverlapTiled32x32x32,1792,32,14,5.984248,6.353703,6.410859,6.055518,6.255369,6.211939,6.255369,0.185650
miniFluxdiv-ts32,OverlapTiled32x32x32,14336,16,14,7.292097,9.528295,7.143947,7.620986,7.216573,7.760380,7.292097,1.004982
miniFluxdiv-ts32,OverlapTiled32x32x32,28,128,16,3.570352,3.750352,3.549096,3.287925,3.478310,3.527207,3.549096,0.167168
miniFluxdiv-ts32,OverlapTiled32x32x32,224,64,16,3.579759,3.509889,3.592265,3.705276,3.497146,3.576867,3.579759,0.083030
miniFluxdiv-ts32,OverlapTiled32x32x32,1792,32,16,6.104774,5.906228,6.058804,5.918834,5.993099,5.996348,5.993099,0.086310
miniFluxdiv-ts32,OverlapTiled32x32x32,14336,16,16,10.771023,12.139344,7.203923,7.213299,7.230119,8.911542,7.230119,2.371895
miniFluxdiv-ts32,OverlapTiled32x32x32,28,128,21,4.463777,3.677925,3.129976,3.356589,3.293094,3.584272,3.356589,0.530403
miniFluxdiv-ts32,OverlapTiled32x32x32,224,64,21,3.189716,3.847240,3.355433,3.515306,3.802954,3.542130,3.515306,0.283237
miniFluxdiv-ts32,OverlapTiled32x32x32,1792,32,21,6.207579,6.638274,6.280563,7.245172,5.959332,6.466184,6.280563,0.498665
miniFluxdiv-ts32,OverlapTiled32x32x32,14336,16,21,23.956896,7.765104,7.276736,11.571455,7.281033,11.570245,7.765104,7.154365
miniFluxdiv-ts32,OverlapTiled32x32x32,28,128,24,3.555022,3.225881,3.536223,3.051022,3.388641,3.351358,3.388641,0.213887
miniFluxdiv-ts32,OverlapTiled32x32x32,224,64,24,3.942091,3.884134,3.472691,3.347564,3.842530,3.697802,3.842530,0.268647
miniFluxdiv-ts32,OverlapTiled32x32x32,1792,32,24,5.920544,6.239588,6.168651,5.925699,5.918076,6.034512,5.925699,0.156872
miniFluxdiv-ts32,OverlapTiled32x32x32,14336,16,24,7.297777,7.288572,9.927863,7.288275,7.295494,7.819596,7.295494,1.178564
miniFluxdiv-ts32,OverlapTiled32x32x32,28,128,28,3.578421,3.970929,3.593256,3.578165,3.592051,3.662564,3.592051,0.172531
miniFluxdiv-ts32,OverlapTiled32x32x32,224,64,28,3.972319,4.208544,3.912024,3.370188,3.440687,3.780752,3.912024,0.360951
miniFluxdiv-ts32,OverlapTiled32x32x32,1792,32,28,9.290198,8.958950,7.385047,9.857889,8.837215,8.865860,8.958950,0.917398
miniFluxdiv-ts32,OverlapTiled32x32x32,14336,16,28,12.603159,9.653838,27.595686,8.043398,8.698703,13.318957,9.653838,8.169283
miniFluxdiv-ts64,OverlapTiled64x64x64,28,128,1,8.454617,7.667741,7.524477,7.902551,8.698518,8.049581,7.902551,0.507032
miniFluxdiv-ts64,OverlapTiled64x64x64,224,64,1,6.135028,6.125114,6.510397,6.425847,6.469660,6.333209,6.425847,0.187867
miniFluxdiv-ts64,OverlapTiled64x64x64,1792,32,1,5.080088,5.048417,4.987308,5.278310,5.254398,5.129704,5.080088,0.129401
miniFluxdiv-ts64,OverlapTiled64x64x64,14336,16,1,8.238272,7.147410,6.696740,6.500706,6.484540,7.013534,6.696740,0.735033
miniFluxdiv-ts64,OverlapTiled64x64x64,28,128,2,9.418902,7.507379,8.360498,7.711931,7.705628,8.140868,7.711931,0.783635
miniFluxdiv-ts64,OverlapTiled64x64x64,224,64,2,6.079054,5.882854,6.010141,6.135365,6.044890,6.030461,6.044890,0.094571
miniFluxdiv-ts64,OverlapTiled64x64x64,1792,32,2,5.097364,5.380252,5.197583,5.108512,5.226745,5.202091,5.197583,0.114121
miniFluxdiv-ts64,OverlapTiled64x64x64,14336,16,2,6.480631,6.445058,9.206750,6.448218,6.495526,7.015237,6.480631,1.225280
miniFluxdiv-ts64,OverlapTiled64x64x64,28,128,4,5.371867,5.182194,6.193221,3.960946,3.905220,4.922690,5.182194,0.980248
miniFluxdiv-ts64,OverlapTiled64x64x64,224,64,4,6.319791,6.134540,6.269859,6.104161,6.090810,6.183832,6.134540,0.104062
miniFluxdiv-ts64,OverlapTiled64x64x64,1792,32,4,6.455811,6.352965,5.547429,5.510834,5.223626,5.818133,5.547429,0.550870
miniFluxdiv-ts64,OverlapTiled64x64x64,14336,16,4,6.479115,7.550135,6.890712,11.688172,6.909222,7.903471,6.909222,2.150105
miniFluxdiv-ts64,OverlapTiled64x64x64,28,128,7,4.168009,4.547748,4.153365,3.886006,3.969169,4.144859,4.153365,0.255343
miniFluxdiv-ts64,OverlapTiled64x64x64,224,64,7,5.924307,6.088906,5.896991,6.143398,6.178338,6.046388,6.088906,0.128309
miniFluxdiv-ts64,OverlapTiled64x64x64,1792,32,7,5.423899,5.541974,5.555299,5.284731,7.108643,5.782909,5.541974,0.749082
miniFluxdiv-ts64,OverlapTiled64x64x64,14336,16,7,7.010363,7.080127,9.393043,7.739124,7.141674,7.672866,7.141674,1.004467
miniFluxdiv-ts64,OverlapTiled64x64x64,28,128,8,4.324188,4.412384,4.393562,4.225518,4.440946,4.359320,4.393562,0.086296
miniFluxdiv-ts64,OverlapTiled64x64x64,224,64,8,6.160026,6.171604,5.715791,5.661174,6.108280,5.963375,6.108280,0.252810
miniFluxdiv-ts64,OverlapTiled64x64x64,1792,32,8,5.497322,6.193743,5.760136,7.136842,6.264343,6.170477,6.193743,0.625446
miniFluxdiv-ts64,OverlapTiled64x64x64,14336,16,8,7.173551,16.290279,7.231567,13.436979,7.254929,10.277461,7.254929,4.306506
miniFluxdiv-ts64,OverlapTiled64x64x64,28,128,14,4.410541,4.531904,4.429787,4.040852,4.471706,4.376958,4.429787,0.193566
miniFluxdiv-ts64,OverlapTiled64x64x64,224,64,14,6.111745,5.932546,5.800556,6.127540,6.175354,6.029548,6.111745,0.157690
miniFluxdiv-ts64,OverlapTiled64x64x64,1792,32,14,5.515591,5.521674,5.529566,6.252126,7.531574,6.070106,5.529566,0.875995
miniFluxdiv-ts64,OverlapTiled64x64x64,14336,16,14,7.240123,12.963274,7.256519,7.331712,7.257971,8.409920,7.257971,2.545649
miniFluxdiv-ts64,OverlapTiled64x64x64,28,128,16,4.491199,4.236621,4.115182,4.390000,4.405032,4.327607,4.390000,0.150044
miniFluxdiv-ts64,OverlapTiled64x64x64,224,64,16,5.832848,5.699409,5.681935,5.904722,6.144388,5.852660,5.832848,0.187644
miniFluxdiv-ts64,OverlapTiled64x64x64,1792,32,16,5.520785,6.905624,6.171561,5.517629,6.833535,6.189827,6.171561,0.675745
miniFluxdiv-ts64,OverlapTiled64x64x64,14336,16,16,7.282125,7.344748,7.286123,11.822905,7.299219,8.207024,7.299219,2.021492
miniFluxdiv-ts64,OverlapTiled64x64x64,28,128,21,4.377815,4.434818,4.079485,4.044267,4.498379,4.286953,4.377815,0.210214
miniFluxdiv-ts64,OverlapTiled64x64x64,224,64,21,6.810265,6.481741,6.394090,6.807758,6.721084,6.642988,6.721084,0.193119
miniFluxdiv-ts64,OverlapTiled64x64x64,1792,32,21,5.956616,5.965958,6.258760,6.549229,6.453731,6.236859,6.258760,0.272494
miniFluxdiv-ts64,OverlapTiled64x64x64,14336,16,21,9.545320,12.226334,7.530946,11.665965,8.355282,9.864769,9.545320,2.040136
miniFluxdiv-ts64,OverlapTiled64x64x64,28,128,24,4.769632,5.431194,5.128490,4.194823,5.477103,5.000248,5.128490,0.531847
miniFluxdiv-ts64,OverlapTiled64x64x64,224,64,24,6.443902,6.094602,6.193080,6.077323,6.496083,6.260998,6.193080,0.196695
miniFluxdiv-ts64,OverlapTiled64x64x64,1792,32,24,6.187633,6.195930,5.693410,6.011927,5.825867,5.982953,6.011927,0.221700
miniFluxdiv-ts64,OverlapTiled64x64x64,14336,16,24,8.081040,16.513251,8.672071,7.876767,7.851895,9.799005,8.081040,3.767915
miniFluxdiv-ts64,OverlapTiled64x64x64,28,128,28,4.457276,5.424894,4.452661,4.651982,6.836661,5.164695,4.651982,1.016548
miniFluxdiv-ts64,OverlapTiled64x64x64,224,64,28,7.138485,7.776473,6.815167,7.429163,7.056437,7.243145,7.138485,0.370142
miniFluxdiv-ts64,OverlapTiled64x64x64,1792,32,28,8.911090,8.074188,9.133565,8.822037,9.006939,8.789564,8.911090,0.416285
miniFluxdiv-ts64,OverlapTiled64x64x64,14336,16,28,40.661525,8.224893,22.306631,10.027290,24.792420,21.202552,22.306631,13.096411
