Program,Legend,nBoxes,nCells,nThreads,Time0,Time1,Time2,Time3,Time4,MeanTime,MedianTime,StdevTime
miniFluxDiv-overlapVelDupReduce,OverlapVelDupeReduce8x8x8,28,128,1,9.657948,9.639462,9.756916,9.636051,9.645892,9.667254,9.645892,0.050814
miniFluxDiv-overlapVelDupReduce,OverlapVelDupeReduce8x8x8,28,128,2,5.42944,5.423935,5.426407,5.432041,5.419308,5.426226,5.426407,0.004932
miniFluxDiv-overlapVelDupReduce,OverlapVelDupeReduce8x8x8,28,128,4,2.992854,2.997444,2.996061,2.978644,2.992968,2.991594,2.992968,0.007506
miniFluxDiv-overlapVelDupReduce,OverlapVelDupeReduce8x8x8,28,128,7,2.26721,2.262958,2.177009,2.263624,2.273586,2.248877,2.263624,0.040396
miniFluxDiv-overlapVelDupReduce,OverlapVelDupeReduce8x8x8,28,128,8,1.791697,1.781643,1.784158,1.791093,1.789476,1.787613,1.789476,0.004468
miniFluxDiv-overlapVelDupReduce,OverlapVelDupeReduce8x8x8,28,128,14,1.506432,1.494131,1.496512,1.512355,1.478957,1.497677,1.496512,0.012811
miniFluxDiv-overlapVelDupReduce,OverlapVelDupeReduce8x8x8,28,128,16,1.213918,1.216557,1.213715,1.209273,1.18228,1.207149,1.213715,0.014146
miniFluxDiv-overlapVelDupReduce,OverlapVelDupeReduce8x8x8,28,128,21,0.802159,0.785411,0.796708,0.790307,0.80845,0.796607,0.796708,0.009167
miniFluxDiv-overlapVelDupReduce,OverlapVelDupeReduce8x8x8,28,128,24,0.802215,0.812524,0.797415,0.789835,0.798649,0.800128,0.798649,0.008269
miniFluxDiv-overlapVelDupReduce,OverlapVelDupeReduce8x8x8,28,128,28,0.798606,0.796893,0.796997,0.798577,0.801693,0.798553,0.798577,0.001939
miniFluxDiv-series-cli-reduce-temp,Series-CLI-Reduce,28,128,1,4.1707,4.170077,4.171696,4.142725,4.14338,4.159716,4.170077,0.015224
miniFluxDiv-series-cli-reduce-temp,Series-CLI-Reduce,28,128,2,2.289954,2.29126,2.272932,2.276108,2.271249,2.280301,2.276108,0.00958
miniFluxDiv-series-cli-reduce-temp,Series-CLI-Reduce,28,128,4,1.268211,1.251562,1.250046,1.245048,1.25003,1.252979,1.250046,0.008863
miniFluxDiv-series-cli-reduce-temp,Series-CLI-Reduce,28,128,7,1.002543,0.99026,1.001963,0.994584,0.995797,0.997029,0.995797,0.005198
miniFluxDiv-series-cli-reduce-temp,Series-CLI-Reduce,28,128,8,1.035149,1.026469,1.027961,1.021931,1.026482,1.027598,1.026482,0.00479
miniFluxDiv-series-cli-reduce-temp,Series-CLI-Reduce,28,128,14,1.03871,1.047298,0.851876,1.053809,1.043556,1.00705,1.043556,0.08692
miniFluxDiv-series-cli-reduce-temp,Series-CLI-Reduce,28,128,16,0.95145,0.970557,0.958938,0.991886,0.990792,0.972725,0.970557,0.01831
miniFluxDiv-series-cli-reduce-temp,Series-CLI-Reduce,28,128,21,0.893615,0.950266,0.92276,0.94372,0.886828,0.919438,0.92276,0.028641
miniFluxDiv-series-cli-reduce-temp,Series-CLI-Reduce,28,128,24,1.009582,0.996161,0.987053,0.990234,0.969468,0.9905,0.990234,0.014581
miniFluxDiv-series-cli-reduce-temp,Series-CLI-Reduce,28,128,28,0.854855,0.855624,0.845863,0.857171,0.857975,0.854298,0.855624,0.004873
