Program,Legend,Schedule,Storage,Abbrev,nBoxes,nCells,nThreads,Time0,Time1,Time2,Time3,Time4,MeanTime,MedianTime,StdevTime,MinTime
miniFluxDiv-seriesSSACLO,Series of Loops (SA),Series of Loops,SSA,Series,28,128,1,4.733714,4.701997,4.697442,4.688949,4.703633,4.705147,4.701997,0.016956,4.688949
miniFluxDiv-seriesSSACLO,Series of Loops (SA),Series of Loops,SSA,Series,28,128,8,1.194238,1.205535,1.184658,1.188974,1.183972,1.191475,1.188974,0.008865,1.183972
miniFluxDiv-seriesSSACLO,Series of Loops (SA),Series of Loops,SSA,Series,28,128,16,1.081575,0.922522,1.148892,0.890779,1.12947,1.034648,1.081575,0.119912,0.890779
miniFluxDiv-seriesSSACLO,Series of Loops (SA),Series of Loops,SSA,Series,28,128,28,0.843771,0.902442,0.89563,0.963496,0.968882,0.914844,0.902442,0.052109,0.843771
miniFluxDiv-fuseWithinDirsCLOSSA,Fuse Within Directions (SA),Fuse Within Directions,SSA,Fuse Within,28,128,1,6.269066,6.265718,6.280403,6.258255,6.267838,6.268256,6.267838,0.007982,6.258255
miniFluxDiv-fuseWithinDirsCLOSSA,Fuse Within Directions (SA),Fuse Within Directions,SSA,Fuse Within,28,128,8,1.140094,1.301666,1.138134,1.135034,1.136784,1.170342,1.138134,0.073435,1.135034
miniFluxDiv-fuseWithinDirsCLOSSA,Fuse Within Directions (SA),Fuse Within Directions,SSA,Fuse Within,28,128,16,0.877839,1.035062,0.834744,0.790379,0.824738,0.872552,0.834744,0.096054,0.790379
miniFluxDiv-fuseWithinDirsCLOSSA,Fuse Within Directions (SA),Fuse Within Directions,SSA,Fuse Within,28,128,28,0.93477,0.939422,0.924935,0.955455,0.926911,0.936299,0.93477,0.01221,0.924935
miniFluxDiv-fuseAllCLOSSA,Fuse All Levels (SA),Fuse All Levels,SSA,Fuse All,28,128,1,6.646382,6.642299,6.641883,6.645135,6.638844,6.642909,6.642299,0.002957,6.638844
miniFluxDiv-fuseAllCLOSSA,Fuse All Levels (SA),Fuse All Levels,SSA,Fuse All,28,128,8,1.193342,1.177734,1.189264,1.186131,1.173329,1.18396,1.186131,0.008256,1.173329
miniFluxDiv-fuseAllCLOSSA,Fuse All Levels (SA),Fuse All Levels,SSA,Fuse All,28,128,16,0.845861,0.834163,0.870584,0.811618,0.873712,0.847188,0.845861,0.025921,0.811618
miniFluxDiv-fuseAllCLOSSA,Fuse All Levels (SA),Fuse All Levels,SSA,Fuse All,28,128,28,0.739234,0.782238,0.869104,0.868685,0.92465,0.836782,0.868685,0.074622,0.739234
miniFluxDiv-fuseAmongDirsSSA,Fuse Among Directions (SA),Fuse Among Directions,SSA,Fuse Among,28,128,1,4.254283,4.238272,4.245801,4.248361,4.247234,4.24679,4.247234,0.005752,4.238272
miniFluxDiv-fuseAmongDirsSSA,Fuse Among Directions (SA),Fuse Among Directions,SSA,Fuse Among,28,128,8,1.155157,1.593259,1.53685,1.143627,1.591041,1.403987,1.53685,0.233543,1.143627
miniFluxDiv-fuseAmongDirsSSA,Fuse Among Directions (SA),Fuse Among Directions,SSA,Fuse Among,28,128,16,1.131791,1.418347,1.739673,1.563161,1.664848,1.503564,1.563161,0.240202,1.131791
miniFluxDiv-fuseAmongDirsSSA,Fuse Among Directions (SA),Fuse Among Directions,SSA,Fuse Among,28,128,28,1.656553,1.689445,1.670107,1.756056,1.78184,1.7108,1.689445,0.055112,1.656553
miniFluxDiv-seriesReduceCLO,Series of Loops (Reduced),Series of Loops,Reduced,Series,28,128,1,4.00452,3.958332,3.963178,3.967653,3.972536,3.973244,3.967653,0.01826,3.958332
miniFluxDiv-seriesReduceCLO,Series of Loops (Reduced),Series of Loops,Reduced,Series,28,128,8,1.060037,1.051083,1.022046,1.056449,1.016681,1.041259,1.051083,0.020329,1.016681
miniFluxDiv-seriesReduceCLO,Series of Loops (Reduced),Series of Loops,Reduced,Series,28,128,16,0.940554,0.905316,0.936859,0.928037,0.911106,0.924374,0.928037,0.015575,0.905316
miniFluxDiv-seriesReduceCLO,Series of Loops (Reduced),Series of Loops,Reduced,Series,28,128,28,0.742271,0.71831,0.82013,0.789981,0.859987,0.786136,0.789981,0.057334,0.71831
miniFluxDiv-fuseWithinDirsCLOREDUX,Fuse Within Directions (Reduced),Fuse Within Directions,Reduced,Fuse Within,28,128,1,6.557787,6.546781,6.552002,6.550979,6.55611,6.552732,6.552002,0.004358,6.546781
miniFluxDiv-fuseWithinDirsCLOREDUX,Fuse Within Directions (Reduced),Fuse Within Directions,Reduced,Fuse Within,28,128,8,1.08497,1.084396,1.081985,1.090304,1.083433,1.085018,1.084396,0.003164,1.081985
miniFluxDiv-fuseWithinDirsCLOREDUX,Fuse Within Directions (Reduced),Fuse Within Directions,Reduced,Fuse Within,28,128,16,0.676708,0.640133,0.61085,0.684152,0.682586,0.658886,0.676708,0.032314,0.61085
miniFluxDiv-fuseWithinDirsCLOREDUX,Fuse Within Directions (Reduced),Fuse Within Directions,Reduced,Fuse Within,28,128,28,0.52855,0.550079,0.513649,0.517045,0.515773,0.525019,0.517045,0.015156,0.513649
miniFluxDiv-fuseAllCLOREDUX,Fuse All Levels (Reduced),Fuse All Levels,Reduced,Fuse All,28,128,1,7.456669,7.459284,7.607184,7.604047,7.601975,7.545832,7.601975,0.080227,7.456669
miniFluxDiv-fuseAllCLOREDUX,Fuse All Levels (Reduced),Fuse All Levels,Reduced,Fuse All,28,128,8,1.298024,1.308358,1.299809,1.25344,1.258422,1.283611,1.298024,0.025629,1.25344
miniFluxDiv-fuseAllCLOREDUX,Fuse All Levels (Reduced),Fuse All Levels,Reduced,Fuse All,28,128,16,0.726835,0.727455,0.722828,0.687513,0.744512,0.721829,0.726835,0.020915,0.687513
miniFluxDiv-fuseAllCLOREDUX,Fuse All Levels (Reduced),Fuse All Levels,Reduced,Fuse All,28,128,28,0.499898,0.448451,0.437849,0.524495,0.475204,0.477179,0.475204,0.035816,0.437849
