Program,Legend,Schedule,Storage,Abbrev,TileSize,nBoxes,nCells,nThreads,Time0,Time1,Time2,Time3,Time4,MeanTime,MedianTime,StdevTime,MinTime
miniFluxDiv-seriesSSACLO,Series of Loops (SA),Series of Loops ,SSA,Series,,28,128,1,4.733714,4.701997,4.697442,4.688949,4.703633,4.705147,4.701997,0.016956,4.688949
miniFluxDiv-seriesSSACLO,Series of Loops (SA),Series of Loops ,SSA,Series,,14336,16,1,4.094477,4.094351,4.082038,4.094633,4.109067,4.094913,4.094477,0.009575,4.082038
miniFluxDiv-seriesSSACLO,Series of Loops (SA),Series of Loops ,SSA,Series,,28,128,8,1.194238,1.205535,1.184658,1.188974,1.183972,1.191475,1.188974,0.008865,1.183972
miniFluxDiv-seriesSSACLO,Series of Loops (SA),Series of Loops ,SSA,Series,,14336,16,8,2.018678,2.092423,2.034723,2.096329,1.521347,1.9527,2.034723,0.243566,1.521347
miniFluxDiv-seriesSSACLO,Series of Loops (SA),Series of Loops ,SSA,Series,,28,128,16,1.081575,0.922522,1.148892,0.890779,1.12947,1.034648,1.081575,0.119912,0.890779
miniFluxDiv-seriesSSACLO,Series of Loops (SA),Series of Loops ,SSA,Series,,14336,16,16,0.917752,0.988459,0.911496,1.170721,0.917137,0.981113,0.917752,0.110634,0.911496
miniFluxDiv-seriesSSACLO,Series of Loops (SA),Series of Loops ,SSA,Series,,28,128,28,0.843771,0.902442,0.89563,0.963496,0.968882,0.914844,0.902442,0.052109,0.843771
miniFluxDiv-seriesSSACLO,Series of Loops (SA),Series of Loops ,SSA,Series,,14336,16,28,0.65723,0.617104,0.616678,0.667402,0.623122,0.636307,0.623122,0.024148,0.616678
miniFluxDiv-fuseWithinDirsCLOSSA,Fuse Within Directions (SA),Fuse Within Directions ,SSA,Fuse Within,,28,128,1,6.269066,6.265718,6.280403,6.258255,6.267838,6.268256,6.267838,0.007982,6.258255
miniFluxDiv-fuseWithinDirsCLOSSA,Fuse Within Directions (SA),Fuse Within Directions ,SSA,Fuse Within,,14336,16,1,7.231857,7.269401,7.23076,7.239408,7.237059,7.241697,7.237059,0.015896,7.23076
miniFluxDiv-fuseWithinDirsCLOSSA,Fuse Within Directions (SA),Fuse Within Directions ,SSA,Fuse Within,,28,128,8,1.140094,1.301666,1.138134,1.135034,1.136784,1.170342,1.138134,0.073435,1.135034
miniFluxDiv-fuseWithinDirsCLOSSA,Fuse Within Directions (SA),Fuse Within Directions ,SSA,Fuse Within,,14336,16,8,2.561701,2.108591,2.678757,2.553245,2.081603,2.396779,2.553245,0.279991,2.081603
miniFluxDiv-fuseWithinDirsCLOSSA,Fuse Within Directions (SA),Fuse Within Directions ,SSA,Fuse Within,,28,128,16,0.877839,1.035062,0.834744,0.790379,0.824738,0.872552,0.834744,0.096054,0.790379
miniFluxDiv-fuseWithinDirsCLOSSA,Fuse Within Directions (SA),Fuse Within Directions ,SSA,Fuse Within,,14336,16,16,1.502639,1.515548,1.633057,1.398752,1.334671,1.476933,1.502639,0.114975,1.334671
miniFluxDiv-fuseWithinDirsCLOSSA,Fuse Within Directions (SA),Fuse Within Directions ,SSA,Fuse Within,,28,128,28,0.93477,0.939422,0.924935,0.955455,0.926911,0.936299,0.93477,0.01221,0.924935
miniFluxDiv-fuseWithinDirsCLOSSA,Fuse Within Directions (SA),Fuse Within Directions ,SSA,Fuse Within,,14336,16,28,0.910835,1.024875,0.902817,0.941228,1.001588,0.956269,0.941228,0.054562,0.902817
miniFluxDiv-fuseAllCLOSSA,Fuse All Levels (SA),Fuse All Levels ,SSA,Fuse All,,28,128,1,6.646382,6.642299,6.641883,6.645135,6.638844,6.642909,6.642299,0.002957,6.638844
miniFluxDiv-fuseAllCLOSSA,Fuse All Levels (SA),Fuse All Levels ,SSA,Fuse All,,14336,16,1,7.579725,7.566281,7.566862,7.566636,7.5817,7.572241,7.566862,0.007768,7.566281
miniFluxDiv-fuseAllCLOSSA,Fuse All Levels (SA),Fuse All Levels ,SSA,Fuse All,,28,128,8,1.193342,1.177734,1.189264,1.186131,1.173329,1.18396,1.186131,0.008256,1.173329
miniFluxDiv-fuseAllCLOSSA,Fuse All Levels (SA),Fuse All Levels ,SSA,Fuse All,,14336,16,8,2.828129,2.890367,2.17985,2.841237,2.839752,2.715867,2.839752,0.300596,2.17985
miniFluxDiv-fuseAllCLOSSA,Fuse All Levels (SA),Fuse All Levels ,SSA,Fuse All,,28,128,16,0.845861,0.834163,0.870584,0.811618,0.873712,0.847188,0.845861,0.025921,0.811618
miniFluxDiv-fuseAllCLOSSA,Fuse All Levels (SA),Fuse All Levels ,SSA,Fuse All,,14336,16,16,1.377964,1.42826,1.565483,1.602817,1.456699,1.486245,1.456699,0.094641,1.377964
miniFluxDiv-fuseAllCLOSSA,Fuse All Levels (SA),Fuse All Levels ,SSA,Fuse All,,28,128,28,0.739234,0.782238,0.869104,0.868685,0.92465,0.836782,0.868685,0.074622,0.739234
miniFluxDiv-fuseAllCLOSSA,Fuse All Levels (SA),Fuse All Levels ,SSA,Fuse All,,14336,16,28,0.981841,0.882372,0.89843,0.907727,0.857629,0.9056,0.89843,0.046662,0.857629
miniFluxDiv-fuseAmongDirsSSA,Fuse Among Directions (SA),Fuse Among Directions ,SSA,Fuse Among,,28,128,1,4.254283,4.238272,4.245801,4.248361,4.247234,4.24679,4.247234,0.005752,4.238272
miniFluxDiv-fuseAmongDirsSSA,Fuse Among Directions (SA),Fuse Among Directions ,SSA,Fuse Among,,14336,16,1,4.9469,5.00745,5.02097,5.009167,5.09074,5.015045,5.009167,0.051237,4.9469
miniFluxDiv-fuseAmongDirsSSA,Fuse Among Directions (SA),Fuse Among Directions ,SSA,Fuse Among,,28,128,8,1.155157,1.593259,1.53685,1.143627,1.591041,1.403987,1.53685,0.233543,1.143627
miniFluxDiv-fuseAmongDirsSSA,Fuse Among Directions (SA),Fuse Among Directions ,SSA,Fuse Among,,14336,16,8,0.727077,0.709299,1.037519,0.725968,1.039258,0.847824,0.727077,0.174104,0.709299
miniFluxDiv-fuseAmongDirsSSA,Fuse Among Directions (SA),Fuse Among Directions ,SSA,Fuse Among,,28,128,16,1.131791,1.418347,1.739673,1.563161,1.664848,1.503564,1.563161,0.240202,1.131791
miniFluxDiv-fuseAmongDirsSSA,Fuse Among Directions (SA),Fuse Among Directions ,SSA,Fuse Among,,14336,16,16,0.579824,0.427711,0.391136,0.405168,0.410239,0.442816,0.410239,0.077699,0.391136
miniFluxDiv-fuseAmongDirsSSA,Fuse Among Directions (SA),Fuse Among Directions ,SSA,Fuse Among,,28,128,28,1.656553,1.689445,1.670107,1.756056,1.78184,1.7108,1.689445,0.055112,1.656553
miniFluxDiv-fuseAmongDirsSSA,Fuse Among Directions (SA),Fuse Among Directions ,SSA,Fuse Among,,14336,16,28,0.334991,0.331356,0.339179,0.349734,0.443121,0.359676,0.339179,0.047152,0.331356
miniFluxDiv-seriesReduceCLO,Series of Loops (Reduced),Series of Loops ,Reduced,Series,,28,128,1,4.00452,3.958332,3.963178,3.967653,3.972536,3.973244,3.967653,0.01826,3.958332
miniFluxDiv-seriesReduceCLO,Series of Loops (Reduced),Series of Loops ,Reduced,Series,,14336,16,1,4.042869,4.046877,4.038358,4.038164,4.044263,4.042106,4.042869,0.003794,4.038164
miniFluxDiv-seriesReduceCLO,Series of Loops (Reduced),Series of Loops ,Reduced,Series,,28,128,8,1.060037,1.051083,1.022046,1.056449,1.016681,1.041259,1.051083,0.020329,1.016681
miniFluxDiv-seriesReduceCLO,Series of Loops (Reduced),Series of Loops ,Reduced,Series,,14336,16,8,2.041965,2.006547,2.074382,2.012607,2.019839,2.031068,2.019839,0.027672,2.006547
miniFluxDiv-seriesReduceCLO,Series of Loops (Reduced),Series of Loops ,Reduced,Series,,28,128,16,0.940554,0.905316,0.936859,0.928037,0.911106,0.924374,0.928037,0.015575,0.905316
miniFluxDiv-seriesReduceCLO,Series of Loops (Reduced),Series of Loops ,Reduced,Series,,14336,16,16,1.044619,0.996129,1.09327,0.876925,0.775487,0.957286,0.996129,0.129553,0.775487
miniFluxDiv-seriesReduceCLO,Series of Loops (Reduced),Series of Loops ,Reduced,Series,,28,128,28,0.742271,0.71831,0.82013,0.789981,0.859987,0.786136,0.789981,0.057334,0.71831
miniFluxDiv-seriesReduceCLO,Series of Loops (Reduced),Series of Loops ,Reduced,Series,,14336,16,28,0.689708,0.591325,0.559011,0.600091,0.574215,0.60287,0.591325,0.051055,0.559011
miniFluxDiv-fuseWithinDirsCLOREDUX,Fuse Within Directions (Reduced),Fuse Within Directions ,Reduced,Fuse Within,,28,128,1,6.557787,6.546781,6.552002,6.550979,6.55611,6.552732,6.552002,0.004358,6.546781
miniFluxDiv-fuseWithinDirsCLOREDUX,Fuse Within Directions (Reduced),Fuse Within Directions ,Reduced,Fuse Within,,14336,16,1,7.994629,9.955709,7.973919,8.045163,7.980822,8.390048,7.994629,0.875675,7.973919
miniFluxDiv-fuseWithinDirsCLOREDUX,Fuse Within Directions (Reduced),Fuse Within Directions ,Reduced,Fuse Within,,28,128,8,1.08497,1.084396,1.081985,1.090304,1.083433,1.085018,1.084396,0.003164,1.081985
miniFluxDiv-fuseWithinDirsCLOREDUX,Fuse Within Directions (Reduced),Fuse Within Directions ,Reduced,Fuse Within,,14336,16,8,2.665702,2.610069,2.171252,2.632128,2.611393,2.538109,2.611393,0.206308,2.171252
miniFluxDiv-fuseWithinDirsCLOREDUX,Fuse Within Directions (Reduced),Fuse Within Directions ,Reduced,Fuse Within,,28,128,16,0.676708,0.640133,0.61085,0.684152,0.682586,0.658886,0.676708,0.032314,0.61085
miniFluxDiv-fuseWithinDirsCLOREDUX,Fuse Within Directions (Reduced),Fuse Within Directions ,Reduced,Fuse Within,,14336,16,16,1.521951,1.530496,1.546443,1.520943,1.52803,1.529573,1.52803,0.010252,1.520943
miniFluxDiv-fuseWithinDirsCLOREDUX,Fuse Within Directions (Reduced),Fuse Within Directions ,Reduced,Fuse Within,,28,128,28,0.52855,0.550079,0.513649,0.517045,0.515773,0.525019,0.517045,0.015156,0.513649
miniFluxDiv-fuseWithinDirsCLOREDUX,Fuse Within Directions (Reduced),Fuse Within Directions ,Reduced,Fuse Within,,14336,16,28,0.962145,0.996333,1.096185,1.034115,0.978941,1.013544,0.996333,0.053358,0.962145
miniFluxDiv-fuseAllCLOREDUX,Fuse All Levels (Reduced),Fuse All Levels ,Reduced,Fuse All,,28,128,1,7.456669,7.459284,7.607184,7.604047,7.601975,7.545832,7.601975,0.080227,7.456669
miniFluxDiv-fuseAllCLOREDUX,Fuse All Levels (Reduced),Fuse All Levels ,Reduced,Fuse All,,14336,16,1,11.053784,9.505241,9.494184,9.505488,9.54866,9.821471,9.505488,0.6892,9.494184
miniFluxDiv-fuseAllCLOREDUX,Fuse All Levels (Reduced),Fuse All Levels ,Reduced,Fuse All,,28,128,8,1.298024,1.308358,1.299809,1.25344,1.258422,1.283611,1.298024,0.025629,1.25344
miniFluxDiv-fuseAllCLOREDUX,Fuse All Levels (Reduced),Fuse All Levels ,Reduced,Fuse All,,14336,16,8,2.944361,3.015973,3.441746,2.969542,3.012263,3.076777,3.012263,0.206213,2.944361
miniFluxDiv-fuseAllCLOREDUX,Fuse All Levels (Reduced),Fuse All Levels ,Reduced,Fuse All,,28,128,16,0.726835,0.727455,0.722828,0.687513,0.744512,0.721829,0.726835,0.020915,0.687513
miniFluxDiv-fuseAllCLOREDUX,Fuse All Levels (Reduced),Fuse All Levels ,Reduced,Fuse All,,14336,16,16,1.668703,1.695197,1.684632,1.665738,1.703138,1.683482,1.684632,0.016265,1.665738
miniFluxDiv-fuseAllCLOREDUX,Fuse All Levels (Reduced),Fuse All Levels ,Reduced,Fuse All,,28,128,28,0.499898,0.448451,0.437849,0.524495,0.475204,0.477179,0.475204,0.035816,0.437849
miniFluxDiv-fuseAllCLOREDUX,Fuse All Levels (Reduced),Fuse All Levels ,Reduced,Fuse All,,14336,16,28,0.99481,1.001009,1.035866,1.035441,1.002713,1.013968,1.002713,0.020014,0.99481
miniFluxDiv-fuseAllCLOReduxOverlapTS32PB,FuseAll-CLO-Redux-OverlapTiling,Fusion within Tiles,Box,,32,14336,16,1,4.403474,4.403466,4.394957,4.394957,0.007142,,,,4.394957
miniFluxDiv-fuseAllCLOReduxOverlapTS32PB,FuseAll-CLO-Redux-OverlapTiling,Fusion within Tiles,Box,,32,28,128,1,3.625414,3.623656,3.621746,3.621746,0.004313,,,,3.621746
miniFluxDiv-fuseAllCLOReduxOverlapTS32PB,FuseAll-CLO-Redux-OverlapTiling,Fusion within Tiles,Box,,32,14336,16,2,2.209977,2.207631,2.205844,2.205844,0.00495,,,,2.205844
miniFluxDiv-fuseAllCLOReduxOverlapTS32PB,FuseAll-CLO-Redux-OverlapTiling,Fusion within Tiles,Box,,32,28,128,2,1.953465,1.948817,1.945708,1.945708,0.008092,,,,1.945708
miniFluxDiv-fuseAllCLOReduxOverlapTS8PB,FuseAll-CLO-Redux-OverlapTiling,Fusion within Tiles,Box,,8,14336,16,8,2.191165,2.269398,1.735766,1.735766,0.260771,,,,1.735766
miniFluxDiv-fuseAllCLOReduxOverlapTS16PB,FuseAll-CLO-Redux-OverlapTiling,Fusion within Tiles,Box,,16,28,128,8,0.652993,0.648555,0.629849,0.629849,0.017177,,,,0.629849
miniFluxDiv-fuseAllCLOReduxOverlapTS32PB,FuseAll-CLO-Redux-OverlapTiling,Fusion within Tiles,Box,,32,14336,16,14,1.140943,1.195204,0.971443,0.971443,0.103464,,,,0.971443
miniFluxDiv-fuseAllCLOReduxOverlapTS16PB,FuseAll-CLO-Redux-OverlapTiling,Fusion within Tiles,Box,,16,28,128,14,0.350305,0.348547,0.340206,0.340206,0.008962,,,,0.340206
miniFluxDiv-fuseAllCLOReduxOverlapTS32PB,FuseAll-CLO-Redux-OverlapTiling,Fusion within Tiles,Box,,32,14336,16,16,0.965729,0.967102,0.878454,0.878454,0.063962,,,,0.878454
miniFluxDiv-fuseAllCLOReduxOverlapTS16PB,FuseAll-CLO-Redux-OverlapTiling,Fusion within Tiles,Box,,16,28,128,16,0.44144,0.471801,0.361561,0.361561,0.072284,,,,0.361561
miniFluxDiv-fuseAllCLOReduxOverlapTS32PB,FuseAll-CLO-Redux-OverlapTiling,Fusion within Tiles,Box,,32,14336,16,28,0.58986,0.592852,0.565724,0.565724,0.014033,,,,0.565724
miniFluxDiv-fuseAllCLOReduxOverlapTS8PB,FuseAll-CLO-Redux-OverlapTiling,Fusion within Tiles,Box,,8,28,128,28,0.238566,0.217428,0.21179,0.21179,0.038448,,,,0.21179
