Program,Legend,nBoxes,nCells,nThreads,Original,Redo,TotalCells,%Diff,Original-Norm,Redo-Norm,Diff
miniFluxdiv-explainTripleCache-lc,Baseline,28,128,1,3.718365,4.178357,58720256,12.3708135161556,6.3323378563E-08,7.1156995637E-08,0.459992
miniFluxdiv-explainTripleCache-lc,Baseline,224,64,1,3.072899,3.687431,58720256,19.9984444656333,5.2331158093E-08,6.2796575683E-08,0.614532
miniFluxdiv-explainTripleCache-lc,Baseline,1792,32,1,2.960323,3.315844,58720256,12.0095340947593,5.0414000239E-08,5.6468486786E-08,0.355521
miniFluxdiv-explainTripleCache-lc,Baseline,14336,16,1,2.641292,3.980551,58720256,50.7046930063015,4.4980934688E-08,6.7788379533E-08,1.339259
miniFluxdiv-explainTripleCache-lc,Baseline,28,128,2,1.911044,2.304242,58720256,20.575036472211,3.2544885363E-08,3.9241007396E-08,0.393198
miniFluxdiv-explainTripleCache-lc,Baseline,224,64,2,1.555971,2.04153,58720256,31.2061728656896,2.649802821E-08,3.47670487E-08,0.485559
miniFluxdiv-explainTripleCache-lc,Baseline,1792,32,2,1.496463,1.717837,58720256,14.7931489118007,2.548461301E-08,2.9254589762E-08,0.221374
miniFluxdiv-explainTripleCache-lc,Baseline,14336,16,2,1.434891,2.066462,58720256,44.0152596956842,2.4436048099E-08,3.5191638129E-08,0.631571
miniFluxdiv-explainTripleCache-lc,Baseline,28,128,4,1.010672,1.238522,58720256,22.5444060981208,1.7211641584E-08,2.1091903959E-08,0.22785
miniFluxdiv-explainTripleCache-lc,Baseline,224,64,4,0.843901,1.131607,58720256,34.092387614187,1.437154838E-08,1.927115236E-08,0.287706
miniFluxdiv-explainTripleCache-lc,Baseline,1792,32,4,0.765711,0.867252,58720256,13.2610083961181,1.3039980616E-08,1.476921354E-08,0.101541
miniFluxdiv-explainTripleCache-lc,Baseline,14336,16,4,0.732736,2.774927,58720256,278.707610926718,1.2478419713E-08,4.7256725175E-08,2.042191
miniFluxdiv-explainTripleCache-lc,Baseline,28,128,7,0.73826,0.920072,58720256,24.6270961449896,1.2572492872E-08,1.5668732779E-08,0.181812
miniFluxdiv-explainTripleCache-lc,Baseline,224,64,7,0.67163,0.886361,58720256,31.9716212795736,1.1437790734E-08,1.5094637871E-08,0.214731
miniFluxdiv-explainTripleCache-lc,Baseline,1792,32,7,0.468558,0.540791,58720256,15.4160210688965,7.979495185E-09,9.209615844E-09,0.072233
miniFluxdiv-explainTripleCache-lc,Baseline,14336,16,7,0.445186,1.708364,58720256,283.741627095192,7.581472397E-09,2.9093265533E-08,1.263178
miniFluxdiv-explainTripleCache-lc,Baseline,28,128,8,0.719007,0.974498,58720256,35.5338682377223,1.2244616236E-08,1.6595602036E-08,0.255491
miniFluxdiv-explainTripleCache-lc,Baseline,224,64,8,0.603871,0.831144,58720256,37.6360182886742,1.0283861841E-08,1.4154297965E-08,0.227273
miniFluxdiv-explainTripleCache-lc,Baseline,1792,32,8,0.412572,0.491864,58720256,19.2189484502099,7.026059287E-09,8.376393999E-09,0.079292
miniFluxdiv-explainTripleCache-lc,Baseline,14336,16,8,0.398986,1.662364,58720256,316.647200653657,6.794691086E-09,2.8309890202E-08,1.263378
miniFluxdiv-explainTripleCache-lc,Baseline,28,128,14,0.640822,0.889,58720256,38.7280711336377,1.0913133621E-08,1.5139579773E-08,0.248178
miniFluxdiv-explainTripleCache-lc,Baseline,224,64,14,0.577882,0.800009,58720256,38.4381240460855,9.841271809E-09,1.3624072075E-08,0.222127
miniFluxdiv-explainTripleCache-lc,Baseline,1792,32,14,0.260976,0.613861,58720256,135.217414628165,4.444394793E-09,1.0453990528E-08,0.352885
miniFluxdiv-explainTripleCache-lc,Baseline,14336,16,14,0.250428,1.241693,58720256,395.828341878704,4.264763423E-09,2.1145905767E-08,0.991265
miniFluxdiv-explainTripleCache-lc,Baseline,28,128,16,0.626973,0.896554,58720256,42.9972263558399,1.0677286557E-08,1.5268223626E-08,0.269581
miniFluxdiv-explainTripleCache-lc,Baseline,224,64,16,0.549827,0.796328,58720256,44.8324654845979,9.363498007E-09,1.3561385018E-08,0.246501
miniFluxdiv-explainTripleCache-lc,Baseline,1792,32,16,0.243456,0.660813,58720256,171.430155757098,4.146030971E-09,1.1253578322E-08,0.417357
miniFluxdiv-explainTripleCache-lc,Baseline,14336,16,16,0.232717,1.077142,58720256,362.854883828857,3.963146891E-09,1.8343618938E-08,0.844425
miniFluxdiv-explainTripleCache-lc,Baseline,28,128,21,0.71981,0.963439,58720256,33.8462927717036,1.2258291245E-08,1.6407268388E-08,0.243629
miniFluxdiv-explainTripleCache-lc,Baseline,224,64,21,0.563589,0.830718,58720256,47.3978377860462,9.59786347E-09,1.4147043228E-08,0.267129
miniFluxdiv-explainTripleCache-lc,Baseline,1792,32,21,0.283584,0.711907,58720256,151.039198262243,4.829406738E-09,1.2123703957E-08,0.428323
miniFluxdiv-explainTripleCache-lc,Baseline,14336,16,21,0.188865,0.793016,58720256,319.885103115982,3.216351782E-09,1.3504981995E-08,0.604151
miniFluxdiv-explainTripleCache-lc,Baseline,28,128,24,0.774359,1.009552,58720256,30.3726049545495,1.3187255178E-08,1.7192568098E-08,0.235193
miniFluxdiv-explainTripleCache-lc,Baseline,224,64,24,0.587645,0.830079,58720256,41.2551795727012,1.0007534708E-08,1.4136161123E-08,0.242434
miniFluxdiv-explainTripleCache-lc,Baseline,1792,32,24,0.311771,0.723572,58720256,132.084446597022,5.309428488E-09,1.2322357723E-08,0.411801
miniFluxdiv-explainTripleCache-lc,Baseline,14336,16,24,0.209665,0.694149,58720256,231.075286766985,3.570573671E-09,1.1821287019E-08,0.484484
miniFluxdiv-explainTripleCache-lc,Baseline,28,128,28,0.71539,0.969027,58720256,35.4543675477711,1.2183019093E-08,1.6502431461E-08,0.253637
miniFluxdiv-explainTripleCache-lc,Baseline,224,64,28,0.577677,0.843096,58720256,45.9459178745216,9.83778068E-09,1.4357839312E-08,0.265419
miniFluxdiv-explainTripleCache-lc,Baseline,1792,32,28,0.379624,0.762156,58720256,100.76602111563,6.464958191E-09,1.2979439327E-08,0.382532
miniFluxdiv-explainTripleCache-lc,Baseline,14336,16,28,0.205752,0.604257,58720256,193.682199930013,3.503935678E-09,1.0290435382E-08,0.398505
miniFluxdiv-explain-baseline,Storage Optimized,28,128,1,3.658231,4.138841,58720256,13.1377706875263,6.2299302646E-08,7.0484042168E-08,0.48061
miniFluxdiv-explain-baseline,Storage Optimized,224,64,1,3.027266,3.262091,58720256,7.75699921975802,5.1554032734E-08,5.5553078651E-08,0.234825
miniFluxdiv-explain-baseline,Storage Optimized,1792,32,1,2.965221,3.316173,58720256,11.8356102293893,5.0497412682E-08,5.6474089622E-08,0.350952
miniFluxdiv-explain-baseline,Storage Optimized,14336,16,1,2.630018,3.975034,58720256,51.1409427616085,4.4788939612E-08,6.7694425583E-08,1.345016
miniFluxdiv-explain-baseline,Storage Optimized,28,128,2,1.893163,2.275515,58720256,20.196464858018,3.2240373748E-08,3.8751789502E-08,0.382352
miniFluxdiv-explain-baseline,Storage Optimized,224,64,2,1.536236,1.728869,58720256,12.5392843287099,2.6161943163E-08,2.9442463602E-08,0.192633
miniFluxdiv-explain-baseline,Storage Optimized,1792,32,2,1.502359,1.723426,58720256,14.7146587466777,2.5585021291E-08,2.9349769865E-08,0.221067
miniFluxdiv-explain-baseline,Storage Optimized,14336,16,2,1.424761,2.064086,58720256,44.8724382545564,2.4263535227E-08,3.515117509E-08,0.639325
miniFluxdiv-explain-baseline,Storage Optimized,28,128,4,0.962555,1.207792,58720256,25.4777129618567,1.6392213958E-08,2.0568575178E-08,0.245237
miniFluxdiv-explain-baseline,Storage Optimized,224,64,4,0.778116,1.070106,58720256,37.5252533041346,1.3251236507E-08,1.8223796572E-08,0.29199
miniFluxdiv-explain-baseline,Storage Optimized,1792,32,4,0.752069,0.870729,58720256,15.7778076213752,1.280765874E-08,1.4828426497E-08,0.11866
miniFluxdiv-explain-baseline,Storage Optimized,14336,16,4,0.714868,2.764778,58720256,286.753638433949,1.2174129486E-08,4.7083888735E-08,2.04991
miniFluxdiv-explain-baseline,Storage Optimized,28,128,7,0.625398,0.899825,58720256,43.8803769759417,1.0650464467E-08,1.5323928424E-08,0.274427
miniFluxdiv-explain-baseline,Storage Optimized,224,64,7,0.587807,0.876288,58720256,49.0775033301747,1.0010293552E-08,1.4923095703E-08,0.288481
miniFluxdiv-explain-baseline,Storage Optimized,1792,32,7,0.468914,0.528197,58720256,12.6426167698128,7.985557829E-09,8.995141302E-09,0.059283
miniFluxdiv-explain-baseline,Storage Optimized,14336,16,7,0.447155,1.675836,58720256,274.777426172133,7.615004267E-09,2.8539316995E-08,1.228681
miniFluxdiv-explain-baseline,Storage Optimized,28,128,8,0.605555,0.95533,58720256,57.7610621661121,1.0312540191E-08,1.6269172941E-08,0.349775
miniFluxdiv-explain-baseline,Storage Optimized,224,64,8,0.518332,0.827716,58720256,59.6883850505082,8.827141353E-09,1.4095919473E-08,0.309384
miniFluxdiv-explain-baseline,Storage Optimized,1792,32,8,0.416361,0.498105,58720256,19.6329627414671,7.090585572E-09,8.482677596E-09,0.081744
miniFluxdiv-explain-baseline,Storage Optimized,14336,16,8,0.400096,1.554433,58720256,288.515006398464,6.813594273E-09,2.6471836226E-08,1.154337
miniFluxdiv-explain-baseline,Storage Optimized,28,128,14,0.449184,0.849155,58720256,89.0439107359122,7.649557931E-09,1.4461023467E-08,0.399971
miniFluxdiv-explain-baseline,Storage Optimized,224,64,14,0.432967,0.793294,58720256,83.2227398392949,7.373384067E-09,1.3509716306E-08,0.360327
miniFluxdiv-explain-baseline,Storage Optimized,1792,32,14,0.248638,0.430326,58720256,73.0733033566872,4.234279905E-09,7.328408105E-09,0.181688
miniFluxdiv-explain-baseline,Storage Optimized,14336,16,14,0.24653,1.253534,58720256,408.471179978096,4.198380879E-09,2.1347556795E-08,1.007004
miniFluxdiv-explain-baseline,Storage Optimized,28,128,16,0.453856,0.85432,58720256,88.2359162377494,7.729121617E-09,1.4548982893E-08,0.400464
miniFluxdiv-explain-baseline,Storage Optimized,224,64,16,0.425167,0.796337,58720256,87.2998139554575,7.240550859E-09,1.3561538288E-08,0.37117
miniFluxdiv-explain-baseline,Storage Optimized,1792,32,16,0.221777,0.456807,58720256,105.9758225605,3.776839801E-09,7.779376847E-09,0.23503
miniFluxdiv-explain-baseline,Storage Optimized,14336,16,16,0.220937,1.062164,58720256,380.75424215953,3.762534686E-09,1.8088545118E-08,0.841227
miniFluxdiv-explain-baseline,Storage Optimized,28,128,21,0.50648,0.885258,58720256,74.7863686621387,8.625302996E-09,1.5075853893E-08,0.378778
miniFluxdiv-explain-baseline,Storage Optimized,224,64,21,0.421684,0.816631,58720256,93.6594701245482,7.181235722E-09,1.3907143048E-08,0.394947
miniFluxdiv-explain-baseline,Storage Optimized,1792,32,21,0.167248,0.541237,58720256,223.613436334067,2.848216466E-09,9.217211178E-09,0.373989
miniFluxdiv-explain-baseline,Storage Optimized,14336,16,21,0.207688,0.797735,58720256,284.102596201995,3.536905561E-09,1.3585346086E-08,0.590047
miniFluxdiv-explain-baseline,Storage Optimized,28,128,24,0.54939,0.942464,58720256,71.5473525182475,9.356055941E-09,1.6050066267E-08,0.393074
miniFluxdiv-explain-baseline,Storage Optimized,224,64,24,0.431459,0.800105,58720256,85.4417221566823,7.34770298E-09,1.3625706945E-08,0.368646
miniFluxdiv-explain-baseline,Storage Optimized,1792,32,24,0.162685,0.581603,58720256,257.502535574884,2.770509039E-09,9.904640062E-09,0.418918
miniFluxdiv-explain-baseline,Storage Optimized,14336,16,24,0.207277,0.69584,58720256,235.705360459675,3.529906273E-09,1.1850084577E-08,0.488563
miniFluxdiv-explain-baseline,Storage Optimized,28,128,28,0.465751,0.892827,58720256,91.6962067714294,7.93169226E-09,1.5204753195E-08,0.427076
miniFluxdiv-explain-baseline,Storage Optimized,224,64,28,0.410841,0.808864,58720256,96.8800582220372,6.996580533E-09,1.3774871826E-08,0.398023
miniFluxdiv-explain-baseline,Storage Optimized,1792,32,28,0.147397,0.619348,58720256,320.190370224631,2.51015595E-09,1.0547433581E-08,0.471951
miniFluxdiv-explain-baseline,Storage Optimized,14336,16,28,0.198489,0.602805,58720256,203.696930308481,3.380247525E-09,1.026570797E-08,0.404316
miniFluxdiv-explainTripleCache-lc-post-fuse,Shift and Fuse,28,128,1,6.626617,8.275022,58720256,24.8755134029928,1.12850614956E-07,1.40922784805E-07,1.648405
miniFluxdiv-explainTripleCache-lc-post-fuse,Shift and Fuse,224,64,1,5.522912,7.12881,58720256,29.0770158930651,9.4054630824E-08,1.21402910778E-07,1.605898
miniFluxdiv-explainTripleCache-lc-post-fuse,Shift and Fuse,1792,32,1,4.362911,4.832657,58720256,10.7668022565668,7.4299931526E-08,8.229965823E-08,0.469746
miniFluxdiv-explainTripleCache-lc-post-fuse,Shift and Fuse,14336,16,1,3.364574,5.067971,58720256,50.6274196971147,5.729835374E-08,8.6307031768E-08,1.703397
miniFluxdiv-explainTripleCache-lc-post-fuse,Shift and Fuse,28,128,2,3.356426,4.537353,58720256,35.1840618562721,5.7159594127E-08,7.7270661082E-08,1.180927
miniFluxdiv-explainTripleCache-lc-post-fuse,Shift and Fuse,224,64,2,2.753586,3.927171,58720256,42.6202413870495,4.6893290111E-08,6.6879323551E-08,1.173585
miniFluxdiv-explainTripleCache-lc-post-fuse,Shift and Fuse,1792,32,2,2.182199,2.83873,58720256,30.085752949204,3.7162627493E-08,4.8343283789E-08,0.656531
miniFluxdiv-explainTripleCache-lc-post-fuse,Shift and Fuse,14336,16,2,1.718895,2.537769,58720256,47.6395591353748,2.9272607395E-08,4.3217948505E-08,0.818874
miniFluxdiv-explainTripleCache-lc-post-fuse,Shift and Fuse,28,128,4,1.689987,2.28049,58720256,34.9412746961959,2.8780307089E-08,3.8836513247E-08,0.590503
miniFluxdiv-explainTripleCache-lc-post-fuse,Shift and Fuse,224,64,4,1.450024,2.039041,58720256,40.6211897182392,2.4693761553E-08,3.4724661282E-08,0.589017
miniFluxdiv-explainTripleCache-lc-post-fuse,Shift and Fuse,1792,32,4,1.094086,1.442711,58720256,31.8644969408255,1.8632173538E-08,2.4569221905E-08,0.348625
miniFluxdiv-explainTripleCache-lc-post-fuse,Shift and Fuse,14336,16,4,0.860203,3.248381,58720256,277.629582784529,1.4649169786E-08,5.5319598743E-08,2.388178
miniFluxdiv-explainTripleCache-lc-post-fuse,Shift and Fuse,28,128,7,1.082644,1.380421,58720256,27.5046090866435,1.8437317439E-08,2.3508429527E-08,0.297777
miniFluxdiv-explainTripleCache-lc-post-fuse,Shift and Fuse,224,64,7,0.902484,1.216216,58720256,34.7631647763284,1.5369210924E-08,2.0712035043E-08,0.313732
miniFluxdiv-explainTripleCache-lc-post-fuse,Shift and Fuse,1792,32,7,0.703692,0.86354,58720256,22.7156199018889,1.198380334E-08,1.4705998557E-08,0.159848
miniFluxdiv-explainTripleCache-lc-post-fuse,Shift and Fuse,14336,16,7,0.538063,1.990547,58720256,269.946827787824,9.163158281E-09,3.3898813384E-08,1.452484
miniFluxdiv-explainTripleCache-lc-post-fuse,Shift and Fuse,28,128,8,1.070579,1.413126,58720256,31.9964243647596,1.8231851714E-08,2.4065392358E-08,0.342547
miniFluxdiv-explainTripleCache-lc-post-fuse,Shift and Fuse,224,64,8,0.815642,1.115323,58720256,36.7417322796031,1.3890300478E-08,1.8993837493E-08,0.299681
miniFluxdiv-explainTripleCache-lc-post-fuse,Shift and Fuse,1792,32,8,0.597792,0.801805,58720256,34.1277568117339,1.0180337088E-08,1.3654657773E-08,0.204013
miniFluxdiv-explainTripleCache-lc-post-fuse,Shift and Fuse,14336,16,8,0.483526,1.7785,58720256,267.818897018981,8.234398706E-09,3.0287674495E-08,1.294974
miniFluxdiv-explainTripleCache-lc-post-fuse,Shift and Fuse,28,128,14,0.60712,0.874693,58720256,44.0725062590591,1.0339191982E-08,1.4895933015E-08,0.267573
miniFluxdiv-explainTripleCache-lc-post-fuse,Shift and Fuse,224,64,14,0.488651,0.658795,58720256,34.81912448762,8.321676935E-09,1.1219211987E-08,0.170144
miniFluxdiv-explainTripleCache-lc-post-fuse,Shift and Fuse,1792,32,14,0.366102,0.646092,58720256,76.4786862677614,6.234679903E-09,1.1002881186E-08,0.27999
miniFluxdiv-explainTripleCache-lc-post-fuse,Shift and Fuse,14336,16,14,0.283454,1.41456,58720256,399.043936582303,4.827192851E-09,2.4089813232E-08,1.131106
miniFluxdiv-explainTripleCache-lc-post-fuse,Shift and Fuse,28,128,16,0.614784,0.861817,58720256,40.1820802102852,1.0469709124E-08,1.4676656042E-08,0.247033
miniFluxdiv-explainTripleCache-lc-post-fuse,Shift and Fuse,224,64,16,0.436132,0.586128,58720256,34.3923399337815,7.427283696E-09,9.981700352E-09,0.149996
miniFluxdiv-explainTripleCache-lc-post-fuse,Shift and Fuse,1792,32,16,0.326048,0.588983,58720256,80.6430341544803,5.552564348E-09,1.0030320712E-08,0.262935
miniFluxdiv-explainTripleCache-lc-post-fuse,Shift and Fuse,14336,16,16,0.247467,1.274735,58720256,415.113126194604,4.214337894E-09,2.1708607674E-08,1.027268
miniFluxdiv-explainTripleCache-lc-post-fuse,Shift and Fuse,28,128,21,0.63866,0.843103,58720256,32.0112422885416,1.0876314981E-08,1.4357958521E-08,0.204443
miniFluxdiv-explainTripleCache-lc-post-fuse,Shift and Fuse,224,64,21,0.350329,0.48155,58720256,37.4565051708537,5.966067314E-09,8.200747626E-09,0.131221
miniFluxdiv-explainTripleCache-lc-post-fuse,Shift and Fuse,1792,32,21,0.29778,0.482729,58720256,62.1092753039156,5.071163177E-09,8.220825877E-09,0.184949
miniFluxdiv-explainTripleCache-lc-post-fuse,Shift and Fuse,14336,16,21,0.191408,0.934863,58720256,388.413754910975,3.259658813E-09,1.5920622008E-08,0.743455
miniFluxdiv-explainTripleCache-lc-post-fuse,Shift and Fuse,28,128,24,0.686141,0.844472,58720256,23.0755777602563,1.1684911592E-08,1.4381272452E-08,0.158331
miniFluxdiv-explainTripleCache-lc-post-fuse,Shift and Fuse,224,64,24,0.319226,0.447409,58720256,40.1543107391002,5.436386381E-09,7.619329861E-09,0.128183
miniFluxdiv-explainTripleCache-lc-post-fuse,Shift and Fuse,1792,32,24,0.252247,0.446567,58720256,77.035603991326,4.295740809E-09,7.604990687E-09,0.19432
miniFluxdiv-explainTripleCache-lc-post-fuse,Shift and Fuse,14336,16,24,0.167375,0.818892,58720256,389.255862584018,2.850379263E-09,1.3945647648E-08,0.651517
miniFluxdiv-explainTripleCache-lc-post-fuse,Shift and Fuse,28,128,28,0.448206,0.59459,58720256,32.6599822403091,7.63290269E-09,1.0125807353E-08,0.146384
miniFluxdiv-explainTripleCache-lc-post-fuse,Shift and Fuse,224,64,28,0.28229,0.418338,58720256,48.1944100038967,4.80737005E-09,7.124253682E-09,0.136048
miniFluxdiv-explainTripleCache-lc-post-fuse,Shift and Fuse,1792,32,28,0.246146,0.421036,58720256,71.0513272610565,4.191841398E-09,7.170200348E-09,0.17489
miniFluxdiv-explainTripleCache-lc-post-fuse,Shift and Fuse,14336,16,28,0.147675,0.698389,58720256,372.922972744202,2.514890262E-09,1.1893493789E-08,0.550714
miniFluxdiv-explainTripleCache-lc-post-fuse-tile888,Tiled 8x8x8,28,128,1,8.492516,10.010257,58720256,17.8715118111052,1.44626685551E-07,1.70473660742E-07,1.517741
miniFluxdiv-explainTripleCache-lc-post-fuse-tile888,Tiled 8x8x8,224,64,1,6.951051,9.112687,58720256,31.0979735294706,1.18375693049E-07,1.55188134738E-07,2.161636
miniFluxdiv-explainTripleCache-lc-post-fuse-tile888,Tiled 8x8x8,1792,32,1,5.724326,6.635764,58720256,15.9221889179617,9.7484690802E-08,1.13006387438E-07,0.911438
miniFluxdiv-explainTripleCache-lc-post-fuse-tile888,Tiled 8x8x8,14336,16,1,4.494548,7.080889,58720256,57.5439621514777,7.6541696276E-08,1.20586821011E-07,2.586341
miniFluxdiv-explainTripleCache-lc-post-fuse-tile888,Tiled 8x8x8,28,128,2,4.353464,5.289588,58720256,21.5029686704656,7.4139050075E-08,9.0081146785E-08,0.936124
miniFluxdiv-explainTripleCache-lc-post-fuse-tile888,Tiled 8x8x8,224,64,2,3.559046,4.603014,58720256,29.3328043526271,6.0610192163E-08,7.8388861247E-08,1.043968
miniFluxdiv-explainTripleCache-lc-post-fuse-tile888,Tiled 8x8x8,1792,32,2,2.867095,3.494731,58720256,21.8910081458759,4.8826336861E-08,5.951491424E-08,0.627636
miniFluxdiv-explainTripleCache-lc-post-fuse-tile888,Tiled 8x8x8,14336,16,2,2.34265,3.298788,58720256,40.8143768808828,3.9895091738E-08,5.6178024837E-08,0.956138
miniFluxdiv-explainTripleCache-lc-post-fuse-tile888,Tiled 8x8x8,28,128,4,2.224015,2.720131,58720256,22.3072236473225,3.7874749729E-08,4.6323554856E-08,0.496116
miniFluxdiv-explainTripleCache-lc-post-fuse-tile888,Tiled 8x8x8,224,64,4,1.922052,2.463926,58720256,28.1924734606556,3.2732350486E-08,4.1960409709E-08,0.541874
miniFluxdiv-explainTripleCache-lc-post-fuse-tile888,Tiled 8x8x8,1792,32,4,1.444574,1.741198,58720256,20.5336659804205,2.4600948606E-08,2.9652425221E-08,0.296624
miniFluxdiv-explainTripleCache-lc-post-fuse-tile888,Tiled 8x8x8,14336,16,4,1.1702,3.536235,58720256,202.19065117074,1.9928387233E-08,6.0221723148E-08,2.366035
miniFluxdiv-explainTripleCache-lc-post-fuse-tile888,Tiled 8x8x8,28,128,7,1.377635,1.686164,58720256,22.3955547006283,2.346098423E-08,2.8715201787E-08,0.308529
miniFluxdiv-explainTripleCache-lc-post-fuse-tile888,Tiled 8x8x8,224,64,7,1.195307,1.488075,58720256,24.4931218507045,2.0355956895E-08,2.5341766221E-08,0.292768
miniFluxdiv-explainTripleCache-lc-post-fuse-tile888,Tiled 8x8x8,1792,32,7,0.899319,1.056966,58720256,17.5295973953625,1.5315311296E-08,1.8000023706E-08,0.157647
miniFluxdiv-explainTripleCache-lc-post-fuse-tile888,Tiled 8x8x8,14336,16,7,0.72015,2.190755,58720256,204.208151079636,1.226408141E-08,3.7308335304E-08,1.470605
miniFluxdiv-explainTripleCache-lc-post-fuse-tile888,Tiled 8x8x8,28,128,8,1.344641,1.54507,58720256,14.9057629508545,2.2899099759E-08,2.6312385287E-08,0.200429
miniFluxdiv-explainTripleCache-lc-post-fuse-tile888,Tiled 8x8x8,224,64,8,1.081376,1.29389,58720256,19.6521838842364,1.8415723528E-08,2.203481538E-08,0.212514
miniFluxdiv-explainTripleCache-lc-post-fuse-tile888,Tiled 8x8x8,1792,32,8,0.790732,0.97822,58720256,23.7106883242363,1.3466085706E-08,1.6658987318E-08,0.187488
miniFluxdiv-explainTripleCache-lc-post-fuse-tile888,Tiled 8x8x8,14336,16,8,0.651726,1.984784,58720256,204.542706597558,1.1098827635E-08,3.3800670079E-08,1.333058
miniFluxdiv-explainTripleCache-lc-post-fuse-tile888,Tiled 8x8x8,28,128,14,0.755544,0.899708,58720256,19.0808212360895,1.2866837638E-08,1.5321935926E-08,0.144164
miniFluxdiv-explainTripleCache-lc-post-fuse-tile888,Tiled 8x8x8,224,64,14,0.65777,0.803276,58720256,22.1211061617282,1.1201756341E-08,1.3679708753E-08,0.145506
miniFluxdiv-explainTripleCache-lc-post-fuse-tile888,Tiled 8x8x8,1792,32,14,0.476959,0.752215,58720256,57.710620829044,8.122563362E-09,1.2810145106E-08,0.275256
miniFluxdiv-explainTripleCache-lc-post-fuse-tile888,Tiled 8x8x8,14336,16,14,0.380331,1.614485,58720256,324.49471644436,6.476998329E-09,2.7494515691E-08,1.234154
miniFluxdiv-explainTripleCache-lc-post-fuse-tile888,Tiled 8x8x8,28,128,16,0.750937,0.884152,58720256,17.7398370302702,1.2788380895E-08,1.5057018825E-08,0.133215
miniFluxdiv-explainTripleCache-lc-post-fuse-tile888,Tiled 8x8x8,224,64,16,0.580098,0.69395,58720256,19.6263389978934,9.879010064E-09,1.1817898069E-08,0.113852
miniFluxdiv-explainTripleCache-lc-post-fuse-tile888,Tiled 8x8x8,1792,32,16,0.420514,0.680796,58720256,61.8961556571244,7.161310741E-09,1.1593886784E-08,0.260282
miniFluxdiv-explainTripleCache-lc-post-fuse-tile888,Tiled 8x8x8,14336,16,16,0.33477,1.422659,58720256,324.966096125698,5.701099123E-09,2.422773838E-08,1.087889
miniFluxdiv-explainTripleCache-lc-post-fuse-tile888,Tiled 8x8x8,28,128,21,0.745945,0.985593,58720256,32.1267653781445,1.2703367642E-08,1.6784548759E-08,0.239648
miniFluxdiv-explainTripleCache-lc-post-fuse-tile888,Tiled 8x8x8,224,64,21,0.467501,0.603533,58720256,29.0976917696433,7.961494582E-09,1.0278105736E-08,0.136032
miniFluxdiv-explainTripleCache-lc-post-fuse-tile888,Tiled 8x8x8,1792,32,21,0.359527,0.567471,58720256,57.8382152105405,6.122708321E-09,9.663973536E-09,0.207944
miniFluxdiv-explainTripleCache-lc-post-fuse-tile888,Tiled 8x8x8,14336,16,21,0.257731,1.070523,58720256,315.364469155825,4.389132772E-09,1.823089804E-08,0.812792
miniFluxdiv-explainTripleCache-lc-post-fuse-tile888,Tiled 8x8x8,28,128,24,0.741968,0.848401,58720256,14.3446887197292,1.2635639736E-08,1.4448182923E-08,0.106433
miniFluxdiv-explainTripleCache-lc-post-fuse-tile888,Tiled 8x8x8,224,64,24,0.424674,0.514331,58720256,21.1119588201774,7.232155119E-09,8.759004729E-09,0.089657
miniFluxdiv-explainTripleCache-lc-post-fuse-tile888,Tiled 8x8x8,1792,32,24,0.299343,0.503091,58720256,68.0650624868462,5.097780909E-09,8.56758867E-09,0.203748
miniFluxdiv-explainTripleCache-lc-post-fuse-tile888,Tiled 8x8x8,14336,16,24,0.227085,0.917721,58720256,304.131052249158,3.867234503E-09,1.5628695488E-08,0.690636
miniFluxdiv-explainTripleCache-lc-post-fuse-tile888,Tiled 8x8x8,28,128,28,0.480455,0.738139,58720256,53.6333267423588,8.182099887E-09,1.2570432254E-08,0.257684
miniFluxdiv-explainTripleCache-lc-post-fuse-tile888,Tiled 8x8x8,224,64,28,0.382037,0.458595,58720256,20.0394202655764,6.506051336E-09,7.809826306E-09,0.076558
miniFluxdiv-explainTripleCache-lc-post-fuse-tile888,Tiled 8x8x8,1792,32,28,0.275714,0.472244,58720256,71.2803847465127,4.695381437E-09,8.042267391E-09,0.19653
miniFluxdiv-explainTripleCache-lc-post-fuse-tile888,Tiled 8x8x8,14336,16,28,0.198417,0.790423,58720256,298.364555456438,3.379021372E-09,1.3460823468E-08,0.592006
miniFluxdiv-explainTripleCache-lc-post-fuse-tile161616,Tiled 16x16x16,28,128,1,7.959573,9.444001,58720256,18.6495933889921,1.35550720351E-07,1.60830378532E-07,1.484428
miniFluxdiv-explainTripleCache-lc-post-fuse-tile161616,Tiled 16x16x16,224,64,1,6.521844,8.466676,58720256,29.8202778232659,1.110663414E-07,1.44186632974E-07,1.944832
miniFluxdiv-explainTripleCache-lc-post-fuse-tile161616,Tiled 16x16x16,1792,32,1,5.464499,6.109575,58720256,11.8048516433071,9.3059863363E-08,1.04045442172E-07,0.645076
miniFluxdiv-explainTripleCache-lc-post-fuse-tile161616,Tiled 16x16x16,14336,16,1,4.290964,6.050001,58720256,40.9939817719282,7.3074681418E-08,1.03030902999E-07,1.759037
miniFluxdiv-explainTripleCache-lc-post-fuse-tile161616,Tiled 16x16x16,28,128,2,4.071361,5.204591,58720256,27.8341812479905,6.9334864616E-08,8.8633656502E-08,1.13323
miniFluxdiv-explainTripleCache-lc-post-fuse-tile161616,Tiled 16x16x16,224,64,2,3.319722,4.653509,58720256,40.1776715038187,5.6534528732E-08,7.9248785973E-08,1.333787
miniFluxdiv-explainTripleCache-lc-post-fuse-tile161616,Tiled 16x16x16,1792,32,2,2.734903,3.328923,58720256,21.7199659366347,4.6575120517E-08,5.6691220828E-08,0.59402
miniFluxdiv-explainTripleCache-lc-post-fuse-tile161616,Tiled 16x16x16,14336,16,2,2.180829,3.036274,58720256,39.2256797759017,3.7139296532E-08,5.170743806E-08,0.855445
miniFluxdiv-explainTripleCache-lc-post-fuse-tile161616,Tiled 16x16x16,28,128,4,2.075864,2.610493,58720256,25.7545291984446,3.5351753235E-08,4.4456430844E-08,0.534629
miniFluxdiv-explainTripleCache-lc-post-fuse-tile161616,Tiled 16x16x16,224,64,4,1.823935,2.435523,58720256,33.5312387776977,3.1061427934E-08,4.1476709502E-08,0.611588
miniFluxdiv-explainTripleCache-lc-post-fuse-tile161616,Tiled 16x16x16,1792,32,4,1.369871,1.662582,58720256,21.3677784258518,2.3328764098E-08,2.831360272E-08,0.292711
miniFluxdiv-explainTripleCache-lc-post-fuse-tile161616,Tiled 16x16x16,14336,16,4,1.107474,3.562772,58720256,221.70254109803,1.8860169819E-08,6.0673645564E-08,2.455298
miniFluxdiv-explainTripleCache-lc-post-fuse-tile161616,Tiled 16x16x16,28,128,7,1.307701,1.538424,58720256,17.6434062526526,2.2270015308E-08,2.6199204581E-08,0.230723
miniFluxdiv-explainTripleCache-lc-post-fuse-tile161616,Tiled 16x16x16,224,64,7,1.105797,1.458309,58720256,31.8785455196569,1.883161068E-08,2.4834854262E-08,0.352512
miniFluxdiv-explainTripleCache-lc-post-fuse-tile161616,Tiled 16x16x16,1792,32,7,0.857583,1.016136,58720256,18.4883562290764,1.4604551452E-08,1.730469295E-08,0.158553
miniFluxdiv-explainTripleCache-lc-post-fuse-tile161616,Tiled 16x16x16,14336,16,7,0.689325,2.196968,58720256,218.712943821855,1.1739134789E-08,3.7414142064E-08,1.507643
miniFluxdiv-explainTripleCache-lc-post-fuse-tile161616,Tiled 16x16x16,28,128,8,1.288361,1.545302,58720256,19.9432457207258,2.1940657071E-08,2.6316336223E-08,0.256941
miniFluxdiv-explainTripleCache-lc-post-fuse-tile161616,Tiled 16x16x16,224,64,8,1.006251,1.293019,58720256,28.498654908169,1.7136352403E-08,2.2019982338E-08,0.286768
miniFluxdiv-explainTripleCache-lc-post-fuse-tile161616,Tiled 16x16x16,1792,32,8,0.755706,0.9577,58720256,26.7291777490188,1.2869596481E-08,1.63095338E-08,0.201994
miniFluxdiv-explainTripleCache-lc-post-fuse-tile161616,Tiled 16x16x16,14336,16,8,0.609445,2.001623,58720256,228.433738893583,1.0378786496E-08,3.408743654E-08,1.392178
miniFluxdiv-explainTripleCache-lc-post-fuse-tile161616,Tiled 16x16x16,28,128,14,0.744818,0.896545,58720256,20.3710168121608,1.2684174946E-08,1.5268070357E-08,0.151727
miniFluxdiv-explainTripleCache-lc-post-fuse-tile161616,Tiled 16x16x16,224,64,14,0.608524,0.798709,58720256,31.2534920561884,1.0363101959E-08,1.3601933207E-08,0.190185
miniFluxdiv-explainTripleCache-lc-post-fuse-tile161616,Tiled 16x16x16,1792,32,14,0.45478,0.709268,58720256,55.9584854215225,7.744857243E-09,1.2078762054E-08,0.254488
miniFluxdiv-explainTripleCache-lc-post-fuse-tile161616,Tiled 16x16x16,14336,16,14,0.35996,1.520183,58720256,322.319979997777,6.130082267E-09,2.5888562202E-08,1.160223
miniFluxdiv-explainTripleCache-lc-post-fuse-tile161616,Tiled 16x16x16,28,128,16,0.749408,0.899502,58720256,20.0283423715786,1.2762342181E-08,1.5318427767E-08,0.150094
miniFluxdiv-explainTripleCache-lc-post-fuse-tile161616,Tiled 16x16x16,224,64,16,0.537184,0.706521,58720256,31.5230907845356,9.148189E-09,1.2031980923E-08,0.169337
miniFluxdiv-explainTripleCache-lc-post-fuse-tile161616,Tiled 16x16x16,1792,32,16,0.408558,0.658531,58720256,61.1842137468854,6.957701274E-09,1.1214716094E-08,0.249973
miniFluxdiv-explainTripleCache-lc-post-fuse-tile161616,Tiled 16x16x16,14336,16,16,0.316664,1.416251,58720256,347.240924134098,5.392755781E-09,2.4118610791E-08,1.099587
miniFluxdiv-explainTripleCache-lc-post-fuse-tile161616,Tiled 16x16x16,28,128,21,0.768282,0.905567,58720256,17.8690897352795,1.3083764485E-08,1.5421714102E-08,0.137285
miniFluxdiv-explainTripleCache-lc-post-fuse-tile161616,Tiled 16x16x16,224,64,21,0.44091,0.601845,58720256,36.5006463904198,7.508652551E-09,1.0249359267E-08,0.160935
miniFluxdiv-explainTripleCache-lc-post-fuse-tile161616,Tiled 16x16x16,1792,32,21,0.331295,0.553191,58720256,66.9783727493624,5.641920226E-09,9.420786585E-09,0.221896
miniFluxdiv-explainTripleCache-lc-post-fuse-tile161616,Tiled 16x16x16,14336,16,21,0.244356,1.073684,58720256,339.393344137242,4.16135788E-09,1.8284729549E-08,0.829328
miniFluxdiv-explainTripleCache-lc-post-fuse-tile161616,Tiled 16x16x16,28,128,24,0.782726,0.939222,58720256,19.9937142754936,1.3329744339E-08,1.5994855336E-08,0.156496
miniFluxdiv-explainTripleCache-lc-post-fuse-tile161616,Tiled 16x16x16,224,64,24,0.410186,0.578668,58720256,41.0745369173984,6.985425949E-09,9.854657309E-09,0.168482
miniFluxdiv-explainTripleCache-lc-post-fuse-tile161616,Tiled 16x16x16,1792,32,24,0.316395,0.500607,58720256,58.2221590100982,5.388174738E-09,8.525286402E-09,0.184212
miniFluxdiv-explainTripleCache-lc-post-fuse-tile161616,Tiled 16x16x16,14336,16,24,0.215578,0.939048,58720256,335.595468925401,3.67127146E-09,1.5991892133E-08,0.72347
miniFluxdiv-explainTripleCache-lc-post-fuse-tile161616,Tiled 16x16x16,28,128,28,0.555632,0.660954,58720256,18.9553517436001,9.462356567E-09,1.1255979538E-08,0.105322
miniFluxdiv-explainTripleCache-lc-post-fuse-tile161616,Tiled 16x16x16,224,64,28,0.37343,0.534609,58720256,43.1617706129663,6.359475E-09,9.104337011E-09,0.161179
miniFluxdiv-explainTripleCache-lc-post-fuse-tile161616,Tiled 16x16x16,1792,32,28,0.279083,0.471417,58720256,68.9164155466295,4.752755165E-09,8.028183665E-09,0.192334
miniFluxdiv-explainTripleCache-lc-post-fuse-tile161616,Tiled 16x16x16,14336,16,28,0.190139,0.794957,58720256,318.092553342555,3.238047872E-09,1.3538037028E-08,0.604818
miniFluxdiv-explainTripleCache-lc-post-fuse-tile323232,Tiled 32x32x32,28,128,1,8.190462,10.044554,58720256,22.6372089877225,1.39482736588E-07,1.71057735171E-07,1.854092
miniFluxdiv-explainTripleCache-lc-post-fuse-tile323232,Tiled 32x32x32,224,64,1,6.340919,8.701957,58720256,37.2349496973546,1.07985207013E-07,1.48193444524E-07,2.361038
miniFluxdiv-explainTripleCache-lc-post-fuse-tile323232,Tiled 32x32x32,1792,32,1,5.377146,6.241741,58720256,16.0790687104274,9.1572250639E-08,1.06296215739E-07,0.864595
miniFluxdiv-explainTripleCache-lc-post-fuse-tile323232,Tiled 32x32x32,14336,16,1,4.116681,5.764167,58720256,40.0197634939409,7.0106659617E-08,9.8163178989E-08,1.647486
miniFluxdiv-explainTripleCache-lc-post-fuse-tile323232,Tiled 32x32x32,28,128,2,4.152518,5.517006,58720256,32.8592916394342,7.071696009E-08,9.3954052244E-08,1.364488
miniFluxdiv-explainTripleCache-lc-post-fuse-tile323232,Tiled 32x32x32,224,64,2,3.306922,4.799572,58720256,45.1371396120017,5.6316546031E-08,8.1736224038E-08,1.49265
miniFluxdiv-explainTripleCache-lc-post-fuse-tile323232,Tiled 32x32x32,1792,32,2,2.686451,3.660875,58720256,36.2717950187813,4.5749987875E-08,6.2344329698E-08,0.974424
miniFluxdiv-explainTripleCache-lc-post-fuse-tile323232,Tiled 32x32x32,14336,16,2,2.085876,2.891077,58720256,38.6025343788413,3.5522256579E-08,4.9234747887E-08,0.805201
miniFluxdiv-explainTripleCache-lc-post-fuse-tile323232,Tiled 32x32x32,28,128,4,2.202021,2.900361,58720256,31.7135940120462,3.7500194141E-08,4.9392853464E-08,0.69834
miniFluxdiv-explainTripleCache-lc-post-fuse-tile323232,Tiled 32x32x32,224,64,4,1.732337,2.551194,58720256,47.268920539133,2.950152329E-08,4.3446574892E-08,0.818857
miniFluxdiv-explainTripleCache-lc-post-fuse-tile323232,Tiled 32x32x32,1792,32,4,1.345075,1.810026,58720256,34.5669200602197,2.2906490735E-08,3.0824559075E-08,0.464951
miniFluxdiv-explainTripleCache-lc-post-fuse-tile323232,Tiled 32x32x32,14336,16,4,1.053491,3.447101,58720256,227.207446480321,1.7940844808E-08,5.8703780174E-08,2.39361
miniFluxdiv-explainTripleCache-lc-post-fuse-tile323232,Tiled 32x32x32,28,128,7,1.40317,1.752675,58720256,24.9082434772693,2.3895842688E-08,2.9847877366E-08,0.349505
miniFluxdiv-explainTripleCache-lc-post-fuse-tile323232,Tiled 32x32x32,224,64,7,1.093775,1.615976,58720256,47.7430001599963,1.862687724E-08,2.751990727E-08,0.522201
miniFluxdiv-explainTripleCache-lc-post-fuse-tile323232,Tiled 32x32x32,1792,32,7,0.84675,1.087885,58720256,28.4777088869206,1.4420066561E-08,1.8526571138E-08,0.241135
miniFluxdiv-explainTripleCache-lc-post-fuse-tile323232,Tiled 32x32x32,14336,16,7,0.657896,2.123273,58720256,222.736876345197,1.1203902108E-08,3.6159123693E-08,1.465377
miniFluxdiv-explainTripleCache-lc-post-fuse-tile323232,Tiled 32x32x32,28,128,8,1.370074,1.750047,58720256,27.7337574466781,2.3332221167E-08,2.9803122793E-08,0.379973
miniFluxdiv-explainTripleCache-lc-post-fuse-tile323232,Tiled 32x32x32,224,64,8,0.983976,1.477232,58720256,50.128864931665,1.6757011414E-08,2.5157111032E-08,0.493256
miniFluxdiv-explainTripleCache-lc-post-fuse-tile323232,Tiled 32x32x32,1792,32,8,0.743346,1.022173,58720256,37.5097195653168,1.2659106936E-08,1.7407502447E-08,0.278827
miniFluxdiv-explainTripleCache-lc-post-fuse-tile323232,Tiled 32x32x32,14336,16,8,0.58069,2.02753,58720256,249.158759406912,9.889091764E-09,3.452863012E-08,1.44684
miniFluxdiv-explainTripleCache-lc-post-fuse-tile323232,Tiled 32x32x32,28,128,14,0.79578,0.985451,58720256,23.834602528337,1.3552052634E-08,1.6782130514E-08,0.189671
miniFluxdiv-explainTripleCache-lc-post-fuse-tile323232,Tiled 32x32x32,224,64,14,0.62077,0.922252,58720256,48.5658134252622,1.0571650096E-08,1.5705857958E-08,0.301482
miniFluxdiv-explainTripleCache-lc-post-fuse-tile323232,Tiled 32x32x32,1792,32,14,0.452213,0.760858,58720256,68.2521289746204,7.701141494E-09,1.2957334518E-08,0.308645
miniFluxdiv-explainTripleCache-lc-post-fuse-tile323232,Tiled 32x32x32,14336,16,14,0.345252,1.549229,58720256,348.72412035267,5.879606519E-09,2.6383212634E-08,1.203977
miniFluxdiv-explainTripleCache-lc-post-fuse-tile323232,Tiled 32x32x32,28,128,16,0.792461,0.990962,58720256,25.0486774743489,1.3495530401E-08,1.6875982285E-08,0.198501
miniFluxdiv-explainTripleCache-lc-post-fuse-tile323232,Tiled 32x32x32,224,64,16,0.549914,0.809164,58720256,47.1437352022316,9.364979608E-09,1.3779980796E-08,0.25925
miniFluxdiv-explainTripleCache-lc-post-fuse-tile323232,Tiled 32x32x32,1792,32,16,0.417015,0.705441,58720256,69.1644185460955,7.101723126E-09,1.2013588633E-08,0.288426
miniFluxdiv-explainTripleCache-lc-post-fuse-tile323232,Tiled 32x32x32,14336,16,16,0.302721,1.392328,58720256,359.937698408766,5.155307906E-09,2.3711204529E-08,1.089607
miniFluxdiv-explainTripleCache-lc-post-fuse-tile323232,Tiled 32x32x32,28,128,21,0.780042,0.986763,58720256,26.5012653164829,1.3284036091E-08,1.6804473741E-08,0.206721
miniFluxdiv-explainTripleCache-lc-post-fuse-tile323232,Tiled 32x32x32,224,64,21,0.444033,0.666563,58720256,50.1156445579495,7.561836924E-09,1.1351500239E-08,0.22253
miniFluxdiv-explainTripleCache-lc-post-fuse-tile323232,Tiled 32x32x32,1792,32,21,0.326911,0.577057,58720256,76.5180737264882,5.567261151E-09,9.827222143E-09,0.250146
miniFluxdiv-explainTripleCache-lc-post-fuse-tile323232,Tiled 32x32x32,14336,16,21,0.233084,1.016436,58720256,336.081412709581,3.969396864E-09,1.7309801919E-08,0.783352
miniFluxdiv-explainTripleCache-lc-post-fuse-tile323232,Tiled 32x32x32,28,128,24,0.796916,0.969168,58720256,21.6148251509569,1.3571398599E-08,1.6504832676E-08,0.172252
miniFluxdiv-explainTripleCache-lc-post-fuse-tile323232,Tiled 32x32x32,224,64,24,0.414313,0.633242,58720256,52.8414507872068,7.05570834E-09,1.0784046991E-08,0.218929
miniFluxdiv-explainTripleCache-lc-post-fuse-tile323232,Tiled 32x32x32,1792,32,24,0.311914,0.536743,58720256,72.0804452509346,5.311863763E-09,9.140678814E-09,0.224829
miniFluxdiv-explainTripleCache-lc-post-fuse-tile323232,Tiled 32x32x32,14336,16,24,0.205579,0.896502,58720256,336.086370689613,3.500989505E-09,1.5267338072E-08,0.690923
miniFluxdiv-explainTripleCache-lc-post-fuse-tile323232,Tiled 32x32x32,28,128,28,0.518814,0.650578,58720256,25.3971558207758,8.835349764E-09,1.1079277311E-08,0.131764
miniFluxdiv-explainTripleCache-lc-post-fuse-tile323232,Tiled 32x32x32,224,64,28,0.377913,0.594253,58720256,57.2459798948435,6.435820035E-09,1.0120068278E-08,0.21634
miniFluxdiv-explainTripleCache-lc-post-fuse-tile323232,Tiled 32x32x32,1792,32,28,0.296187,0.489386,58720256,65.2287237454716,5.044034549E-09,8.334193911E-09,0.193199
miniFluxdiv-explainTripleCache-lc-post-fuse-tile323232,Tiled 32x32x32,14336,16,28,0.181585,0.765489,58720256,321.55960018724,3.09237412E-09,1.3036199978E-08,0.583904
