Program,Legend,nBoxes,nCells,nThreads,Time0,Time1,Time2,Time3,Time4,MeanTime,MedianTime,StdevTime
miniFluxDiv-series-cli-reduce-temp,Series-CLI-Reduce,28,128,1,4.170619,4.157748,4.160658,7.636339,7.716728,5.568418,4.170619,1.924653
miniFluxDiv-series-cli-reduce-temp,Series-CLI-Reduce,224,64,1,3.274935,3.277286,3.272260,3.643546,3.697046,3.433015,3.277286,0.217439
miniFluxDiv-series-cli-reduce-temp,Series-CLI-Reduce,1792,32,1,3.492625,3.543150,3.594699,3.587362,3.590064,3.561580,3.587362,0.043782
miniFluxDiv-series-cli-reduce-temp,Series-CLI-Reduce,14336,16,1,4.307432,4.323709,4.310718,4.331637,7.876001,5.029899,4.323709,1.591049
miniFluxDiv-series-cli-reduce-temp,Series-CLI-Reduce,28,128,2,2.320705,2.337915,2.340223,2.319442,2.330297,2.329716,2.330297,0.009549
miniFluxDiv-series-cli-reduce-temp,Series-CLI-Reduce,224,64,2,2.190687,2.198272,2.203459,2.209432,2.187184,2.197807,2.198272,0.009095
miniFluxDiv-series-cli-reduce-temp,Series-CLI-Reduce,1792,32,2,1.771299,1.766629,1.764871,1.763119,1.770715,1.767327,1.766629,0.003588
miniFluxDiv-series-cli-reduce-temp,Series-CLI-Reduce,14336,16,2,2.152004,2.149353,2.211679,2.168328,2.164622,2.169197,2.164622,0.025079
miniFluxDiv-series-cli-reduce-temp,Series-CLI-Reduce,28,128,4,1.589886,1.714355,1.591064,1.938696,1.492550,1.665310,1.591064,0.171896
miniFluxDiv-series-cli-reduce-temp,Series-CLI-Reduce,224,64,4,1.519546,1.431490,1.457170,1.447752,1.437790,1.458750,1.447752,0.035363
miniFluxDiv-series-cli-reduce-temp,Series-CLI-Reduce,1792,32,4,0.928086,0.928745,0.929632,0.929118,0.927697,0.928656,0.928745,0.000778
miniFluxDiv-series-cli-reduce-temp,Series-CLI-Reduce,14336,16,4,1.121382,1.120371,3.403993,1.116222,1.115602,1.575514,1.120371,1.022154
miniFluxDiv-series-cli-reduce-temp,Series-CLI-Reduce,28,128,7,1.150932,1.218335,1.151122,1.225769,1.151970,1.179626,1.151970,0.038821
miniFluxDiv-series-cli-reduce-temp,Series-CLI-Reduce,224,64,7,1.247323,1.111726,1.116607,1.117842,1.133181,1.145336,1.117842,0.057576
miniFluxDiv-series-cli-reduce-temp,Series-CLI-Reduce,1792,32,7,0.579474,0.581621,0.582196,0.612238,0.684123,0.607930,0.582196,0.044688
miniFluxDiv-series-cli-reduce-temp,Series-CLI-Reduce,14336,16,7,2.000220,0.661440,0.662688,0.663731,0.669020,0.931420,0.663731,0.597484
miniFluxDiv-series-cli-reduce-temp,Series-CLI-Reduce,28,128,8,1.570479,1.184118,1.242509,1.180740,1.258377,1.287245,1.242509,0.162045
miniFluxDiv-series-cli-reduce-temp,Series-CLI-Reduce,224,64,8,1.111862,1.108562,1.305969,1.221750,1.062816,1.162192,1.111862,0.099378
miniFluxDiv-series-cli-reduce-temp,Series-CLI-Reduce,1792,32,8,0.520408,0.754563,0.652498,0.774797,0.651264,0.670706,0.652498,0.101447
miniFluxDiv-series-cli-reduce-temp,Series-CLI-Reduce,14336,16,8,1.745574,2.276421,1.109844,0.585187,2.429029,1.629211,1.745574,0.779721
miniFluxDiv-series-cli-reduce-temp,Series-CLI-Reduce,28,128,14,1.171544,1.197931,1.214092,1.073926,1.197765,1.171052,1.197765,0.056396
miniFluxDiv-series-cli-reduce-temp,Series-CLI-Reduce,224,64,14,1.164448,1.070472,0.987417,0.983399,1.084296,1.058006,1.070472,0.075375
miniFluxDiv-series-cli-reduce-temp,Series-CLI-Reduce,1792,32,14,0.611461,0.651083,0.689422,0.650932,0.580732,0.636726,0.650932,0.041709
miniFluxDiv-series-cli-reduce-temp,Series-CLI-Reduce,14336,16,14,1.042776,1.058992,1.768743,1.068493,0.381964,1.064194,1.058992,0.490492
miniFluxDiv-series-cli-reduce-temp,Series-CLI-Reduce,28,128,16,1.087131,1.128314,1.107089,1.013137,1.046773,1.076489,1.087131,0.046454
miniFluxDiv-series-cli-reduce-temp,Series-CLI-Reduce,224,64,16,1.090002,1.003162,1.013422,1.018924,1.016802,1.028462,1.016802,0.034930
miniFluxDiv-series-cli-reduce-temp,Series-CLI-Reduce,1792,32,16,0.704551,0.680120,0.683098,0.711278,0.647106,0.685231,0.683098,0.025179
miniFluxDiv-series-cli-reduce-temp,Series-CLI-Reduce,14336,16,16,1.419512,1.309487,1.284406,1.436041,1.203537,1.330597,1.309487,0.097144
miniFluxDiv-series-cli-reduce-temp,Series-CLI-Reduce,28,128,21,1.087006,1.140888,1.316104,1.187966,1.306134,1.207620,1.187966,0.101070
miniFluxDiv-series-cli-reduce-temp,Series-CLI-Reduce,224,64,21,0.965356,1.101680,1.120666,1.118954,1.103383,1.082008,1.103383,0.065786
miniFluxDiv-series-cli-reduce-temp,Series-CLI-Reduce,1792,32,21,0.687784,0.630865,0.630570,0.648549,0.726938,0.664941,0.648549,0.041763
miniFluxDiv-series-cli-reduce-temp,Series-CLI-Reduce,14336,16,21,1.060610,0.982159,1.123479,0.906624,0.865041,0.987583,0.982159,0.106538
miniFluxDiv-series-cli-reduce-temp,Series-CLI-Reduce,28,128,24,1.037712,1.202652,1.289558,1.155298,1.249078,1.186860,1.202652,0.097351
miniFluxDiv-series-cli-reduce-temp,Series-CLI-Reduce,224,64,24,1.010753,1.188727,1.051546,1.077465,1.026723,1.071043,1.051546,0.070481
miniFluxDiv-series-cli-reduce-temp,Series-CLI-Reduce,1792,32,24,0.692119,0.665224,0.661238,0.709926,0.668551,0.679412,0.668551,0.020869
miniFluxDiv-series-cli-reduce-temp,Series-CLI-Reduce,14336,16,24,0.822942,0.759635,1.016143,0.915007,1.025215,0.907788,0.915007,0.116972
miniFluxDiv-series-cli-reduce-temp,Series-CLI-Reduce,28,128,28,1.150364,1.227887,1.057954,1.158968,0.982111,1.115457,1.150364,0.095969
miniFluxDiv-series-cli-reduce-temp,Series-CLI-Reduce,224,64,28,0.974936,0.956926,1.032539,0.968033,1.106557,1.007798,0.974936,0.062479
miniFluxDiv-series-cli-reduce-temp,Series-CLI-Reduce,1792,32,28,0.645312,0.678550,0.697038,0.687165,0.655249,0.672663,0.678550,0.021740
miniFluxDiv-series-cli-reduce-temp,Series-CLI-Reduce,14336,16,28,1.051166,1.250629,0.677583,0.689696,0.884839,0.910783,0.884839,0.244508
