Program,Legend,nBoxes,nCells,nThreads,Time0,Time1,Time2,Time3,Time4,MeanTime,MedianTime,StdevTime
miniFluxdiv-explain-baseline,Baseline,28,128,1,3.666721,3.66713,3.647525,3.657901,3.65188,3.658231,3.657901,0.008751
miniFluxdiv-explain-baseline,Baseline,224,64,1,3.028484,3.028278,3.025327,3.024791,3.029452,3.027266,3.028278,0.002072
miniFluxdiv-explain-baseline,Baseline,1792,32,1,2.961895,2.961715,2.961422,2.970956,2.970116,2.965221,2.961895,0.004864
miniFluxdiv-explain-baseline,Baseline,14336,16,1,2.629569,2.632029,2.630971,2.629619,2.627903,2.630018,2.629619,0.001564
miniFluxdiv-explain-baseline,Baseline,28,128,2,1.875543,1.886495,1.876505,1.946783,1.88049,1.893163,1.88049,0.030283
miniFluxdiv-explain-baseline,Baseline,224,64,2,1.531776,1.536608,1.553785,1.529504,1.529506,1.536236,1.531776,0.01023
miniFluxdiv-explain-baseline,Baseline,1792,32,2,1.501924,1.501594,1.500588,1.506678,1.501012,1.502359,1.501594,0.002469
miniFluxdiv-explain-baseline,Baseline,14336,16,2,1.418581,1.43078,1.424408,1.432615,1.41742,1.424761,1.424408,0.006894
miniFluxdiv-explain-baseline,Baseline,28,128,4,0.963949,0.963497,0.962392,0.96046,0.962476,0.962555,0.962476,0.001347
miniFluxdiv-explain-baseline,Baseline,224,64,4,0.771287,0.770129,0.808073,0.770515,0.770575,0.778116,0.770575,0.016752
miniFluxdiv-explain-baseline,Baseline,1792,32,4,0.751519,0.751196,0.753818,0.751831,0.751982,0.752069,0.751831,0.001023
miniFluxdiv-explain-baseline,Baseline,14336,16,4,0.712364,0.713214,0.715872,0.717673,0.715217,0.714868,0.715217,0.002122
miniFluxdiv-explain-baseline,Baseline,28,128,7,0.627315,0.625822,0.624296,0.625575,0.623983,0.625398,0.625575,0.001333
miniFluxdiv-explain-baseline,Baseline,224,64,7,0.583204,0.58793,0.587887,0.593672,0.586341,0.587807,0.587887,0.0038
miniFluxdiv-explain-baseline,Baseline,1792,32,7,0.466212,0.472213,0.467142,0.469437,0.469565,0.468914,0.469437,0.002346
miniFluxdiv-explain-baseline,Baseline,14336,16,7,0.461044,0.444896,0.440785,0.449324,0.439728,0.447155,0.444896,0.008638
miniFluxdiv-explain-baseline,Baseline,28,128,8,0.607681,0.605142,0.605719,0.605641,0.603591,0.605555,0.605641,0.001465
miniFluxdiv-explain-baseline,Baseline,224,64,8,0.514668,0.515882,0.517431,0.52288,0.520801,0.518332,0.517431,0.003429
miniFluxdiv-explain-baseline,Baseline,1792,32,8,0.412799,0.412407,0.428901,0.412482,0.415217,0.416361,0.412799,0.007105
miniFluxdiv-explain-baseline,Baseline,14336,16,8,0.392644,0.398647,0.398556,0.408492,0.402139,0.400096,0.398647,0.005802
miniFluxdiv-explain-baseline,Baseline,28,128,14,0.447305,0.453705,0.44452,0.452975,0.447415,0.449184,0.447415,0.003976
miniFluxdiv-explain-baseline,Baseline,224,64,14,0.43072,0.432081,0.439781,0.428768,0.433487,0.432967,0.432081,0.004188
miniFluxdiv-explain-baseline,Baseline,1792,32,14,0.245406,0.244983,0.246489,0.245467,0.260845,0.248638,0.245467,0.006846
miniFluxdiv-explain-baseline,Baseline,14336,16,14,0.240676,0.246569,0.242274,0.264762,0.23837,0.24653,0.242274,0.010623
miniFluxdiv-explain-baseline,Baseline,28,128,16,0.452893,0.455429,0.450932,0.456777,0.453248,0.453856,0.453248,0.002283
miniFluxdiv-explain-baseline,Baseline,224,64,16,0.428482,0.425969,0.424086,0.423152,0.424146,0.425167,0.424146,0.002116
miniFluxdiv-explain-baseline,Baseline,1792,32,16,0.21553,0.24746,0.215171,0.215495,0.21523,0.221777,0.215495,0.014358
miniFluxdiv-explain-baseline,Baseline,14336,16,16,0.216319,0.218056,0.231722,0.214944,0.223645,0.220937,0.218056,0.006877
miniFluxdiv-explain-baseline,Baseline,28,128,21,0.502238,0.513649,0.506886,0.5075,0.502127,0.50648,0.506886,0.004731
miniFluxdiv-explain-baseline,Baseline,224,64,21,0.419448,0.419994,0.420038,0.421754,0.427186,0.421684,0.420038,0.003195
miniFluxdiv-explain-baseline,Baseline,1792,32,21,0.167751,0.166706,0.167074,0.167554,0.167155,0.167248,0.167155,0.000412
miniFluxdiv-explain-baseline,Baseline,14336,16,21,0.180008,0.18553,0.179581,0.251731,0.241589,0.207688,0.18553,0.035834
miniFluxdiv-explain-baseline,Baseline,28,128,24,0.550751,0.550685,0.547477,0.551854,0.546185,0.54939,0.550685,0.002426
miniFluxdiv-explain-baseline,Baseline,224,64,24,0.430386,0.430674,0.433264,0.431256,0.431715,0.431459,0.431256,0.001133
miniFluxdiv-explain-baseline,Baseline,1792,32,24,0.148218,0.147676,0.150969,0.149333,0.217231,0.162685,0.149333,0.030518
miniFluxdiv-explain-baseline,Baseline,14336,16,24,0.182424,0.221194,0.192336,0.218121,0.22231,0.207277,0.218121,0.018562
miniFluxdiv-explain-baseline,Baseline,28,128,28,0.466587,0.474092,0.464433,0.463038,0.460606,0.465751,0.464433,0.005144
miniFluxdiv-explain-baseline,Baseline,224,64,28,0.414743,0.413229,0.405254,0.411581,0.409399,0.410841,0.411581,0.0037
miniFluxdiv-explain-baseline,Baseline,1792,32,28,0.131417,0.138726,0.140334,0.14097,0.185536,0.147397,0.140334,0.021658
miniFluxdiv-explain-baseline,Baseline,14336,16,28,0.191222,0.178644,0.223375,0.176907,0.222296,0.198489,0.191222,0.022905
miniFluxdiv-explainTripleCache-lc-post,explainTripleCache-lc-post,28,128,1,7.323919,7.332094,7.256896,7.291223,7.340469,7.30892,7.323919,0.034558
miniFluxdiv-explainTripleCache-lc-post,explainTripleCache-lc-post,224,64,1,6.291098,6.237991,6.278604,6.272742,6.288234,6.273734,6.278604,0.021296
miniFluxdiv-explainTripleCache-lc-post,explainTripleCache-lc-post,1792,32,1,4.918359,4.931447,4.954884,4.944582,4.992142,4.948283,4.944582,0.028106
miniFluxdiv-explainTripleCache-lc-post,explainTripleCache-lc-post,14336,16,1,4.133714,4.118503,4.115699,4.116936,4.127789,4.122528,4.118503,0.007857
miniFluxdiv-explainTripleCache-lc-post,explainTripleCache-lc-post,28,128,2,3.726548,3.740709,3.711742,3.733742,3.694727,3.721494,3.726548,0.018414
miniFluxdiv-explainTripleCache-lc-post,explainTripleCache-lc-post,224,64,2,3.237054,3.427207,3.126991,3.234968,3.233574,3.251959,3.234968,0.108602
miniFluxdiv-explainTripleCache-lc-post,explainTripleCache-lc-post,1792,32,2,2.461281,2.464335,2.461893,2.447803,2.459385,2.458939,2.461281,0.006472
miniFluxdiv-explainTripleCache-lc-post,explainTripleCache-lc-post,14336,16,2,2.119464,2.105626,2.115727,2.128081,2.118906,2.117561,2.118906,0.008092
miniFluxdiv-explainTripleCache-lc-post,explainTripleCache-lc-post,28,128,4,1.902318,1.905538,1.900349,1.914954,1.89868,1.904368,1.902318,0.006445
miniFluxdiv-explainTripleCache-lc-post,explainTripleCache-lc-post,224,64,4,1.70363,1.6672,1.691417,1.665022,1.67041,1.679536,1.67041,0.017087
miniFluxdiv-explainTripleCache-lc-post,explainTripleCache-lc-post,1792,32,4,1.272683,1.255551,1.25927,1.265949,1.254447,1.26158,1.25927,0.007664
miniFluxdiv-explainTripleCache-lc-post,explainTripleCache-lc-post,14336,16,4,1.062273,1.056875,1.056947,1.048427,1.063025,1.057509,1.056947,0.005838
miniFluxdiv-explainTripleCache-lc-post,explainTripleCache-lc-post,28,128,7,1.257608,1.203802,1.250485,1.265089,1.212146,1.237826,1.250485,0.027892
miniFluxdiv-explainTripleCache-lc-post,explainTripleCache-lc-post,224,64,7,1.04708,1.025438,1.031475,1.028524,1.025027,1.031509,1.028524,0.009086
miniFluxdiv-explainTripleCache-lc-post,explainTripleCache-lc-post,1792,32,7,0.775917,0.777836,0.777977,0.779006,0.775247,0.777197,0.777836,0.00156
miniFluxdiv-explainTripleCache-lc-post,explainTripleCache-lc-post,14336,16,7,0.68926,0.663238,0.668849,0.664148,0.663601,0.669819,0.664148,0.011102
miniFluxdiv-explainTripleCache-lc-post,explainTripleCache-lc-post,28,128,8,1.18403,1.193216,1.191312,1.182254,1.185777,1.187318,1.185777,0.004732
miniFluxdiv-explainTripleCache-lc-post,explainTripleCache-lc-post,224,64,8,0.941377,0.952256,0.939166,0.929794,0.928508,0.93822,0.939166,0.009659
miniFluxdiv-explainTripleCache-lc-post,explainTripleCache-lc-post,1792,32,8,0.699117,0.695874,0.701927,0.687262,0.684729,0.693782,0.695874,0.007477
miniFluxdiv-explainTripleCache-lc-post,explainTripleCache-lc-post,14336,16,8,0.590518,0.608733,0.59189,0.595616,0.595793,0.59651,0.595616,0.00721
miniFluxdiv-explainTripleCache-lc-post,explainTripleCache-lc-post,28,128,14,0.759145,0.755497,0.732656,0.743967,0.748064,0.747866,0.748064,0.010393
miniFluxdiv-explainTripleCache-lc-post,explainTripleCache-lc-post,224,64,14,0.566302,0.558267,0.562434,0.556031,0.559304,0.560468,0.559304,0.003993
miniFluxdiv-explainTripleCache-lc-post,explainTripleCache-lc-post,1792,32,14,0.418748,0.411744,0.416892,0.422853,0.414253,0.416898,0.416892,0.004256
miniFluxdiv-explainTripleCache-lc-post,explainTripleCache-lc-post,14336,16,14,0.355925,0.355667,0.353734,0.353995,0.35318,0.3545,0.353995,0.001222
miniFluxdiv-explainTripleCache-lc-post,explainTripleCache-lc-post,28,128,16,0.734623,0.722207,0.741684,0.750497,0.729374,0.735677,0.734623,0.010932
miniFluxdiv-explainTripleCache-lc-post,explainTripleCache-lc-post,224,64,16,0.499766,0.493364,0.491941,0.492244,0.492175,0.493898,0.492244,0.003326
miniFluxdiv-explainTripleCache-lc-post,explainTripleCache-lc-post,1792,32,16,0.378065,0.376961,0.366788,0.36911,0.369735,0.372132,0.369735,0.005049
miniFluxdiv-explainTripleCache-lc-post,explainTripleCache-lc-post,14336,16,16,0.311682,0.311609,0.313776,0.310009,0.314149,0.312245,0.311682,0.00171
miniFluxdiv-explainTripleCache-lc-post,explainTripleCache-lc-post,28,128,21,0.69594,0.740802,0.743723,0.744631,0.73045,0.731109,0.740802,0.020452
miniFluxdiv-explainTripleCache-lc-post,explainTripleCache-lc-post,224,64,21,0.399465,0.386391,0.396407,0.401406,0.398504,0.396435,0.398504,0.005896
miniFluxdiv-explainTripleCache-lc-post,explainTripleCache-lc-post,1792,32,21,0.301968,0.297109,0.358733,0.297241,0.298554,0.310721,0.298554,0.026911
miniFluxdiv-explainTripleCache-lc-post,explainTripleCache-lc-post,14336,16,21,0.244136,0.236897,0.239733,0.240652,0.24327,0.240938,0.240652,0.002895
miniFluxdiv-explainTripleCache-lc-post,explainTripleCache-lc-post,28,128,24,0.701521,0.712943,0.704384,0.753631,0.746081,0.723712,0.712943,0.02438
miniFluxdiv-explainTripleCache-lc-post,explainTripleCache-lc-post,224,64,24,0.364553,0.354024,0.356124,0.368192,0.359003,0.360379,0.359003,0.005892
miniFluxdiv-explainTripleCache-lc-post,explainTripleCache-lc-post,1792,32,24,0.268902,0.269904,0.268126,0.271354,0.268576,0.269372,0.268902,0.001286
miniFluxdiv-explainTripleCache-lc-post,explainTripleCache-lc-post,14336,16,24,0.213404,0.215256,0.213693,0.214772,0.214084,0.214242,0.214084,0.000764
miniFluxdiv-explainTripleCache-lc-post,explainTripleCache-lc-post,28,128,28,0.502708,0.507346,0.510038,0.509001,0.513309,0.50848,0.509001,0.003893
miniFluxdiv-explainTripleCache-lc-post,explainTripleCache-lc-post,224,64,28,0.302955,0.294958,0.304954,0.304137,0.305498,0.3025,0.304137,0.004324
miniFluxdiv-explainTripleCache-lc-post,explainTripleCache-lc-post,1792,32,28,0.242511,0.24715,0.307268,0.257335,0.246053,0.260063,0.24715,0.026958
miniFluxdiv-explainTripleCache-lc-post,explainTripleCache-lc-post,14336,16,28,0.187251,0.187899,0.189629,0.18697,0.187697,0.187889,0.187697,0.001039
miniFluxdiv-explainTripleCache-lc-post-fuse,Shift and Fuse,28,128,1,6.724144,6.580847,6.603953,6.617558,6.606582,6.626617,6.606582,0.056133
miniFluxdiv-explainTripleCache-lc-post-fuse,Shift and Fuse,224,64,1,5.466886,5.491616,5.420644,5.757537,5.477875,5.522912,5.477875,0.133842
miniFluxdiv-explainTripleCache-lc-post-fuse,Shift and Fuse,1792,32,1,4.366541,4.340917,4.354552,4.36452,4.388026,4.362911,4.36452,0.017322
miniFluxdiv-explainTripleCache-lc-post-fuse,Shift and Fuse,14336,16,1,3.365469,3.363964,3.365191,3.364029,3.364218,3.364574,3.364218,0.000703
miniFluxdiv-explainTripleCache-lc-post-fuse,Shift and Fuse,28,128,2,3.31116,3.343241,3.375014,3.351874,3.400841,3.356426,3.351874,0.03377
miniFluxdiv-explainTripleCache-lc-post-fuse,Shift and Fuse,224,64,2,2.690258,2.797195,2.796396,2.797111,2.68697,2.753586,2.796396,0.059323
miniFluxdiv-explainTripleCache-lc-post-fuse,Shift and Fuse,1792,32,2,2.17683,2.184065,2.188524,2.189955,2.171621,2.182199,2.184065,0.007816
miniFluxdiv-explainTripleCache-lc-post-fuse,Shift and Fuse,14336,16,2,1.742753,1.718113,1.698822,1.719325,1.715463,1.718895,1.718113,0.01569
miniFluxdiv-explainTripleCache-lc-post-fuse,Shift and Fuse,28,128,4,1.693263,1.698452,1.699213,1.68374,1.675267,1.689987,1.693263,0.010286
miniFluxdiv-explainTripleCache-lc-post-fuse,Shift and Fuse,224,64,4,1.433104,1.437515,1.442571,1.481606,1.455325,1.450024,1.442571,0.019518
miniFluxdiv-explainTripleCache-lc-post-fuse,Shift and Fuse,1792,32,4,1.090698,1.090664,1.093203,1.097173,1.09869,1.094086,1.093203,0.003698
miniFluxdiv-explainTripleCache-lc-post-fuse,Shift and Fuse,14336,16,4,0.864051,0.855991,0.858414,0.855202,0.867359,0.860203,0.858414,0.005291
miniFluxdiv-explainTripleCache-lc-post-fuse,Shift and Fuse,28,128,7,1.084948,1.085631,1.081176,1.079853,1.081611,1.082644,1.081611,0.002512
miniFluxdiv-explainTripleCache-lc-post-fuse,Shift and Fuse,224,64,7,0.908261,0.885391,0.927557,0.904184,0.887027,0.902484,0.904184,0.017292
miniFluxdiv-explainTripleCache-lc-post-fuse,Shift and Fuse,1792,32,7,0.677113,0.79012,0.686109,0.678477,0.686639,0.703692,0.686109,0.048508
miniFluxdiv-explainTripleCache-lc-post-fuse,Shift and Fuse,14336,16,7,0.546735,0.535171,0.532831,0.538876,0.536702,0.538063,0.536702,0.005326
miniFluxdiv-explainTripleCache-lc-post-fuse,Shift and Fuse,28,128,8,1.063405,1.072347,1.074019,1.073148,1.069978,1.070579,1.072347,0.004283
miniFluxdiv-explainTripleCache-lc-post-fuse,Shift and Fuse,224,64,8,0.837455,0.809237,0.78809,0.840664,0.802762,0.815642,0.809237,0.022737
miniFluxdiv-explainTripleCache-lc-post-fuse,Shift and Fuse,1792,32,8,0.596842,0.598163,0.5985,0.601263,0.59419,0.597792,0.598163,0.002577
miniFluxdiv-explainTripleCache-lc-post-fuse,Shift and Fuse,14336,16,8,0.470854,0.512829,0.47868,0.481133,0.474133,0.483526,0.47868,0.016857
miniFluxdiv-explainTripleCache-lc-post-fuse,Shift and Fuse,28,128,14,0.606253,0.59587,0.609319,0.606355,0.617801,0.60712,0.606355,0.007855
miniFluxdiv-explainTripleCache-lc-post-fuse,Shift and Fuse,224,64,14,0.491319,0.495732,0.481429,0.47406,0.500715,0.488651,0.491319,0.010815
miniFluxdiv-explainTripleCache-lc-post-fuse,Shift and Fuse,1792,32,14,0.364471,0.367441,0.368869,0.368196,0.361535,0.366102,0.367441,0.003056
miniFluxdiv-explainTripleCache-lc-post-fuse,Shift and Fuse,14336,16,14,0.282296,0.282932,0.280962,0.285239,0.285841,0.283454,0.282932,0.002044
miniFluxdiv-explainTripleCache-lc-post-fuse,Shift and Fuse,28,128,16,0.622695,0.604152,0.613423,0.618519,0.61513,0.614784,0.61513,0.00692
miniFluxdiv-explainTripleCache-lc-post-fuse,Shift and Fuse,224,64,16,0.440439,0.431041,0.441112,0.425413,0.442655,0.436132,0.440439,0.007529
miniFluxdiv-explainTripleCache-lc-post-fuse,Shift and Fuse,1792,32,16,0.319683,0.321647,0.346036,0.324405,0.318467,0.326048,0.321647,0.011397
miniFluxdiv-explainTripleCache-lc-post-fuse,Shift and Fuse,14336,16,16,0.250217,0.246931,0.24553,0.246304,0.248353,0.247467,0.246931,0.001853
miniFluxdiv-explainTripleCache-lc-post-fuse,Shift and Fuse,28,128,21,0.638533,0.606938,0.664095,0.620164,0.663571,0.63866,0.638533,0.025573
miniFluxdiv-explainTripleCache-lc-post-fuse,Shift and Fuse,224,64,21,0.357396,0.341448,0.352986,0.355996,0.34382,0.350329,0.352986,0.007252
miniFluxdiv-explainTripleCache-lc-post-fuse,Shift and Fuse,1792,32,21,0.254386,0.321688,0.269038,0.32274,0.321048,0.29778,0.321048,0.033336
miniFluxdiv-explainTripleCache-lc-post-fuse,Shift and Fuse,14336,16,21,0.191315,0.194035,0.190617,0.191075,0.189997,0.191408,0.191075,0.001552
miniFluxdiv-explainTripleCache-lc-post-fuse,Shift and Fuse,28,128,24,0.60238,0.714907,0.693337,0.707982,0.712101,0.686141,0.707982,0.047556
miniFluxdiv-explainTripleCache-lc-post-fuse,Shift and Fuse,224,64,24,0.320821,0.320054,0.316758,0.323852,0.314644,0.319226,0.320054,0.003596
miniFluxdiv-explainTripleCache-lc-post-fuse,Shift and Fuse,1792,32,24,0.237691,0.228527,0.22989,0.246858,0.318269,0.252247,0.237691,0.037624
miniFluxdiv-explainTripleCache-lc-post-fuse,Shift and Fuse,14336,16,24,0.166659,0.167738,0.166611,0.169523,0.166346,0.167375,0.166659,0.001313
miniFluxdiv-explainTripleCache-lc-post-fuse,Shift and Fuse,28,128,28,0.442227,0.424214,0.430466,0.425136,0.518989,0.448206,0.430466,0.040214
miniFluxdiv-explainTripleCache-lc-post-fuse,Shift and Fuse,224,64,28,0.271152,0.29404,0.286843,0.282406,0.277008,0.28229,0.282406,0.008814
miniFluxdiv-explainTripleCache-lc-post-fuse,Shift and Fuse,1792,32,28,0.220502,0.244988,0.239808,0.229533,0.2959,0.246146,0.239808,0.029371
miniFluxdiv-explainTripleCache-lc-post-fuse,Shift and Fuse,14336,16,28,0.15005,0.148318,0.147156,0.145929,0.146921,0.147675,0.147156,0.001576
miniFluxdiv-explainTripleCache-lc-post-fuse-tile888,Tiled 8x8,28,128,1,8.531559,8.548008,8.4542,8.467832,8.460983,8.492516,8.467832,0.043805
miniFluxdiv-explainTripleCache-lc-post-fuse-tile888,Tiled 8x8,224,64,1,6.992362,6.900619,6.914652,6.974012,6.973608,6.951051,6.973608,0.040654
miniFluxdiv-explainTripleCache-lc-post-fuse-tile888,Tiled 8x8,1792,32,1,5.734649,5.705648,5.726065,5.727772,5.727498,5.724326,5.727498,0.010959
miniFluxdiv-explainTripleCache-lc-post-fuse-tile888,Tiled 8x8,14336,16,1,4.49041,4.494145,4.491471,4.499257,4.497458,4.494548,4.494145,0.003788
miniFluxdiv-explainTripleCache-lc-post-fuse-tile888,Tiled 8x8,28,128,2,4.367357,4.315107,4.360972,4.362324,4.361562,4.353464,4.361562,0.021591
miniFluxdiv-explainTripleCache-lc-post-fuse-tile888,Tiled 8x8,224,64,2,3.578364,3.539418,3.558654,3.55588,3.562913,3.559046,3.558654,0.013996
miniFluxdiv-explainTripleCache-lc-post-fuse-tile888,Tiled 8x8,1792,32,2,2.868095,2.866689,2.873035,2.86551,2.862146,2.867095,2.866689,0.003983
miniFluxdiv-explainTripleCache-lc-post-fuse-tile888,Tiled 8x8,14336,16,2,2.362581,2.323069,2.332273,2.348966,2.34636,2.34265,2.34636,0.015346
miniFluxdiv-explainTripleCache-lc-post-fuse-tile888,Tiled 8x8,28,128,4,2.230732,2.228918,2.206646,2.189614,2.264167,2.224015,2.228918,0.028136
miniFluxdiv-explainTripleCache-lc-post-fuse-tile888,Tiled 8x8,224,64,4,1.917474,1.915456,1.936317,1.919584,1.92143,1.922052,1.919584,0.008283
miniFluxdiv-explainTripleCache-lc-post-fuse-tile888,Tiled 8x8,1792,32,4,1.434895,1.436223,1.456626,1.445052,1.450072,1.444574,1.445052,0.009208
miniFluxdiv-explainTripleCache-lc-post-fuse-tile888,Tiled 8x8,14336,16,4,1.187716,1.164531,1.163656,1.160106,1.174991,1.1702,1.164531,0.011254
miniFluxdiv-explainTripleCache-lc-post-fuse-tile888,Tiled 8x8,28,128,7,1.376719,1.377735,1.377223,1.376007,1.380492,1.377635,1.377223,0.00172
miniFluxdiv-explainTripleCache-lc-post-fuse-tile888,Tiled 8x8,224,64,7,1.191957,1.166099,1.166945,1.232826,1.218709,1.195307,1.191957,0.0301
miniFluxdiv-explainTripleCache-lc-post-fuse-tile888,Tiled 8x8,1792,32,7,0.896675,0.899203,0.899914,0.901849,0.898954,0.899319,0.899203,0.001864
miniFluxdiv-explainTripleCache-lc-post-fuse-tile888,Tiled 8x8,14336,16,7,0.711477,0.725203,0.71272,0.733569,0.71778,0.72015,0.71778,0.009242
miniFluxdiv-explainTripleCache-lc-post-fuse-tile888,Tiled 8x8,28,128,8,1.315685,1.351529,1.35324,1.34805,1.354702,1.344641,1.351529,0.016376
miniFluxdiv-explainTripleCache-lc-post-fuse-tile888,Tiled 8x8,224,64,8,1.098692,1.102146,1.068538,1.03974,1.097766,1.081376,1.097766,0.026918
miniFluxdiv-explainTripleCache-lc-post-fuse-tile888,Tiled 8x8,1792,32,8,0.784918,0.808824,0.786437,0.784064,0.789419,0.790732,0.786437,0.010317
miniFluxdiv-explainTripleCache-lc-post-fuse-tile888,Tiled 8x8,14336,16,8,0.650496,0.641594,0.645325,0.662682,0.658534,0.651726,0.650496,0.008825
miniFluxdiv-explainTripleCache-lc-post-fuse-tile888,Tiled 8x8,28,128,14,0.753554,0.756283,0.751413,0.755083,0.761386,0.755544,0.755083,0.003739
miniFluxdiv-explainTripleCache-lc-post-fuse-tile888,Tiled 8x8,224,64,14,0.65252,0.65966,0.662819,0.660964,0.652886,0.65777,0.65966,0.004761
miniFluxdiv-explainTripleCache-lc-post-fuse-tile888,Tiled 8x8,1792,32,14,0.473538,0.473494,0.487344,0.476182,0.474236,0.476959,0.474236,0.005907
miniFluxdiv-explainTripleCache-lc-post-fuse-tile888,Tiled 8x8,14336,16,14,0.381451,0.380619,0.381528,0.378089,0.379967,0.380331,0.380619,0.001408
miniFluxdiv-explainTripleCache-lc-post-fuse-tile888,Tiled 8x8,28,128,16,0.750398,0.754506,0.753771,0.749977,0.746035,0.750937,0.750398,0.003392
miniFluxdiv-explainTripleCache-lc-post-fuse-tile888,Tiled 8x8,224,64,16,0.570486,0.580465,0.588708,0.582708,0.578125,0.580098,0.580465,0.006659
miniFluxdiv-explainTripleCache-lc-post-fuse-tile888,Tiled 8x8,1792,32,16,0.418746,0.42145,0.421842,0.420557,0.419977,0.420514,0.420557,0.00123
miniFluxdiv-explainTripleCache-lc-post-fuse-tile888,Tiled 8x8,14336,16,16,0.333045,0.335901,0.334204,0.334439,0.336262,0.33477,0.334439,0.001314
miniFluxdiv-explainTripleCache-lc-post-fuse-tile888,Tiled 8x8,28,128,21,0.74707,0.744833,0.748177,0.751833,0.737812,0.745945,0.74707,0.005203
miniFluxdiv-explainTripleCache-lc-post-fuse-tile888,Tiled 8x8,224,64,21,0.464368,0.468669,0.466239,0.474597,0.463633,0.467501,0.466239,0.004418
miniFluxdiv-explainTripleCache-lc-post-fuse-tile888,Tiled 8x8,1792,32,21,0.339226,0.395098,0.336628,0.393546,0.333137,0.359527,0.339226,0.031841
miniFluxdiv-explainTripleCache-lc-post-fuse-tile888,Tiled 8x8,14336,16,21,0.256794,0.255299,0.258722,0.260822,0.257016,0.257731,0.257016,0.002112
miniFluxdiv-explainTripleCache-lc-post-fuse-tile888,Tiled 8x8,28,128,24,0.746093,0.737768,0.7434,0.737434,0.745147,0.741968,0.7434,0.004104
miniFluxdiv-explainTripleCache-lc-post-fuse-tile888,Tiled 8x8,224,64,24,0.43107,0.412978,0.421428,0.418828,0.439065,0.424674,0.421428,0.010362
miniFluxdiv-explainTripleCache-lc-post-fuse-tile888,Tiled 8x8,1792,32,24,0.30013,0.298569,0.297602,0.298256,0.302158,0.299343,0.298569,0.001827
miniFluxdiv-explainTripleCache-lc-post-fuse-tile888,Tiled 8x8,14336,16,24,0.227698,0.227331,0.227284,0.226809,0.226304,0.227085,0.227284,0.000539
miniFluxdiv-explainTripleCache-lc-post-fuse-tile888,Tiled 8x8,28,128,28,0.475966,0.462325,0.48664,0.48359,0.493756,0.480455,0.48359,0.011978
miniFluxdiv-explainTripleCache-lc-post-fuse-tile888,Tiled 8x8,224,64,28,0.406046,0.378924,0.390498,0.364636,0.37008,0.382037,0.378924,0.016609
miniFluxdiv-explainTripleCache-lc-post-fuse-tile888,Tiled 8x8,1792,32,28,0.265074,0.275238,0.267211,0.286843,0.284206,0.275714,0.275238,0.009769
miniFluxdiv-explainTripleCache-lc-post-fuse-tile888,Tiled 8x8,14336,16,28,0.196593,0.198262,0.195921,0.205261,0.196046,0.198417,0.196593,0.003938
miniFluxdiv-explainTripleCache-lc-post-fuse-tile161616,Tiled 16x16,28,128,1,7.989061,8.006755,7.916619,7.976446,7.908986,7.959573,7.976446,0.044115
miniFluxdiv-explainTripleCache-lc-post-fuse-tile161616,Tiled 16x16,224,64,1,6.551706,6.497488,6.499713,6.507947,6.552364,6.521844,6.507947,0.027836
miniFluxdiv-explainTripleCache-lc-post-fuse-tile161616,Tiled 16x16,1792,32,1,5.463035,5.465553,5.446605,5.498966,5.448338,5.464499,5.463035,0.021051
miniFluxdiv-explainTripleCache-lc-post-fuse-tile161616,Tiled 16x16,14336,16,1,4.2875,4.293662,4.292453,4.287753,4.293454,4.290964,4.292453,0.003082
miniFluxdiv-explainTripleCache-lc-post-fuse-tile161616,Tiled 16x16,28,128,2,4.026225,4.054319,4.094832,4.096429,4.085,4.071361,4.085,0.030385
miniFluxdiv-explainTripleCache-lc-post-fuse-tile161616,Tiled 16x16,224,64,2,3.312691,3.308699,3.336531,3.32444,3.316249,3.319722,3.316249,0.011043
miniFluxdiv-explainTripleCache-lc-post-fuse-tile161616,Tiled 16x16,1792,32,2,2.746636,2.733387,2.741365,2.724429,2.728696,2.734903,2.733387,0.009082
miniFluxdiv-explainTripleCache-lc-post-fuse-tile161616,Tiled 16x16,14336,16,2,2.187319,2.172958,2.173364,2.1797,2.190806,2.180829,2.1797,0.008072
miniFluxdiv-explainTripleCache-lc-post-fuse-tile161616,Tiled 16x16,28,128,4,2.089257,2.090912,2.080518,2.057956,2.060676,2.075864,2.080518,0.015643
miniFluxdiv-explainTripleCache-lc-post-fuse-tile161616,Tiled 16x16,224,64,4,1.759098,1.846644,1.816179,1.848405,1.849351,1.823935,1.846644,0.038809
miniFluxdiv-explainTripleCache-lc-post-fuse-tile161616,Tiled 16x16,1792,32,4,1.371759,1.371637,1.366555,1.368231,1.371171,1.369871,1.371171,0.002348
miniFluxdiv-explainTripleCache-lc-post-fuse-tile161616,Tiled 16x16,14336,16,4,1.105805,1.090658,1.139867,1.100098,1.100941,1.107474,1.100941,0.018921
miniFluxdiv-explainTripleCache-lc-post-fuse-tile161616,Tiled 16x16,28,128,7,1.307734,1.305796,1.323686,1.310485,1.290802,1.307701,1.307734,0.011752
miniFluxdiv-explainTripleCache-lc-post-fuse-tile161616,Tiled 16x16,224,64,7,1.118056,1.082472,1.078503,1.145993,1.103961,1.105797,1.103961,0.027651
miniFluxdiv-explainTripleCache-lc-post-fuse-tile161616,Tiled 16x16,1792,32,7,0.858368,0.855812,0.859102,0.859059,0.855575,0.857583,0.858368,0.001751
miniFluxdiv-explainTripleCache-lc-post-fuse-tile161616,Tiled 16x16,14336,16,7,0.68118,0.686255,0.694846,0.683232,0.701114,0.689325,0.686255,0.008402
miniFluxdiv-explainTripleCache-lc-post-fuse-tile161616,Tiled 16x16,28,128,8,1.282417,1.305874,1.276498,1.291779,1.285238,1.288361,1.285238,0.011227
miniFluxdiv-explainTripleCache-lc-post-fuse-tile161616,Tiled 16x16,224,64,8,1.005965,1.002764,1.004485,1.017718,1.000323,1.006251,1.004485,0.006745
miniFluxdiv-explainTripleCache-lc-post-fuse-tile161616,Tiled 16x16,1792,32,8,0.751989,0.755433,0.759192,0.752379,0.759538,0.755706,0.755433,0.003598
miniFluxdiv-explainTripleCache-lc-post-fuse-tile161616,Tiled 16x16,14336,16,8,0.603663,0.605397,0.61162,0.624619,0.601925,0.609445,0.605397,0.009238
miniFluxdiv-explainTripleCache-lc-post-fuse-tile161616,Tiled 16x16,28,128,14,0.739074,0.750341,0.740217,0.746179,0.748277,0.744818,0.746179,0.004962
miniFluxdiv-explainTripleCache-lc-post-fuse-tile161616,Tiled 16x16,224,64,14,0.611574,0.612842,0.603026,0.606757,0.60842,0.608524,0.60842,0.003915
miniFluxdiv-explainTripleCache-lc-post-fuse-tile161616,Tiled 16x16,1792,32,14,0.4519,0.452349,0.451388,0.464691,0.453572,0.45478,0.452349,0.005599
miniFluxdiv-explainTripleCache-lc-post-fuse-tile161616,Tiled 16x16,14336,16,14,0.359026,0.362863,0.36006,0.358473,0.35938,0.35996,0.35938,0.001722
miniFluxdiv-explainTripleCache-lc-post-fuse-tile161616,Tiled 16x16,28,128,16,0.743563,0.752833,0.74364,0.748588,0.758414,0.749408,0.748588,0.006343
miniFluxdiv-explainTripleCache-lc-post-fuse-tile161616,Tiled 16x16,224,64,16,0.537097,0.527015,0.542945,0.542405,0.536456,0.537184,0.537097,0.006411
miniFluxdiv-explainTripleCache-lc-post-fuse-tile161616,Tiled 16x16,1792,32,16,0.400097,0.400449,0.402589,0.435344,0.404313,0.408558,0.402589,0.015071
miniFluxdiv-explainTripleCache-lc-post-fuse-tile161616,Tiled 16x16,14336,16,16,0.315707,0.320695,0.316442,0.313021,0.317456,0.316664,0.316442,0.002789
miniFluxdiv-explainTripleCache-lc-post-fuse-tile161616,Tiled 16x16,28,128,21,0.768815,0.744386,0.768523,0.784801,0.774884,0.768282,0.768815,0.014898
miniFluxdiv-explainTripleCache-lc-post-fuse-tile161616,Tiled 16x16,224,64,21,0.450248,0.438441,0.443341,0.434029,0.43849,0.44091,0.43849,0.006173
miniFluxdiv-explainTripleCache-lc-post-fuse-tile161616,Tiled 16x16,1792,32,21,0.320561,0.379343,0.320611,0.319424,0.316537,0.331295,0.320561,0.02691
miniFluxdiv-explainTripleCache-lc-post-fuse-tile161616,Tiled 16x16,14336,16,21,0.244977,0.244818,0.243054,0.244457,0.244472,0.244356,0.244472,0.000761
miniFluxdiv-explainTripleCache-lc-post-fuse-tile161616,Tiled 16x16,28,128,24,0.786516,0.785535,0.79165,0.772944,0.776987,0.782726,0.785535,0.007591
miniFluxdiv-explainTripleCache-lc-post-fuse-tile161616,Tiled 16x16,224,64,24,0.406455,0.40365,0.416356,0.410011,0.414459,0.410186,0.410011,0.005315
miniFluxdiv-explainTripleCache-lc-post-fuse-tile161616,Tiled 16x16,1792,32,24,0.288566,0.294681,0.360739,0.352283,0.285705,0.316395,0.294681,0.036886
miniFluxdiv-explainTripleCache-lc-post-fuse-tile161616,Tiled 16x16,14336,16,24,0.215355,0.215794,0.216105,0.215077,0.21556,0.215578,0.21556,0.000395
miniFluxdiv-explainTripleCache-lc-post-fuse-tile161616,Tiled 16x16,28,128,28,0.564315,0.553327,0.555136,0.551304,0.554078,0.555632,0.554078,0.005052
miniFluxdiv-explainTripleCache-lc-post-fuse-tile161616,Tiled 16x16,224,64,28,0.367818,0.362304,0.365854,0.370712,0.400463,0.37343,0.367818,0.015418
miniFluxdiv-explainTripleCache-lc-post-fuse-tile161616,Tiled 16x16,1792,32,28,0.261586,0.332907,0.265153,0.272791,0.262976,0.279083,0.265153,0.030398
miniFluxdiv-explainTripleCache-lc-post-fuse-tile161616,Tiled 16x16,14336,16,28,0.189149,0.188327,0.190335,0.194174,0.188712,0.190139,0.189149,0.002378
miniFluxdiv-explainTripleCache-lc-post-fuse-tile323232,Tiled 32x32,28,128,1,8.158573,8.18009,8.243912,8.145899,8.223835,8.190462,8.18009,0.042074
miniFluxdiv-explainTripleCache-lc-post-fuse-tile323232,Tiled 32x32,224,64,1,6.384473,6.327789,6.395989,6.294572,6.301771,6.340919,6.327789,0.046858
miniFluxdiv-explainTripleCache-lc-post-fuse-tile323232,Tiled 32x32,1792,32,1,5.361338,5.409231,5.349831,5.330461,5.434871,5.377146,5.361338,0.043408
miniFluxdiv-explainTripleCache-lc-post-fuse-tile323232,Tiled 32x32,14336,16,1,4.122558,4.112848,4.117186,4.112644,4.118167,4.116681,4.117186,0.004123
miniFluxdiv-explainTripleCache-lc-post-fuse-tile323232,Tiled 32x32,28,128,2,4.185769,4.138944,4.137181,4.136101,4.164595,4.152518,4.138944,0.022025
miniFluxdiv-explainTripleCache-lc-post-fuse-tile323232,Tiled 32x32,224,64,2,3.512879,3.318161,3.234537,3.2336,3.235431,3.306922,3.235431,0.120697
miniFluxdiv-explainTripleCache-lc-post-fuse-tile323232,Tiled 32x32,1792,32,2,2.684977,2.693512,2.68005,2.700163,2.673551,2.686451,2.684977,0.010576
miniFluxdiv-explainTripleCache-lc-post-fuse-tile323232,Tiled 32x32,14336,16,2,2.098838,2.081057,2.082196,2.086238,2.081052,2.085876,2.082196,0.007553
miniFluxdiv-explainTripleCache-lc-post-fuse-tile323232,Tiled 32x32,28,128,4,2.188318,2.197824,2.199243,2.216555,2.208163,2.202021,2.199243,0.010748
miniFluxdiv-explainTripleCache-lc-post-fuse-tile323232,Tiled 32x32,224,64,4,1.695606,1.699674,1.760761,1.790849,1.714794,1.732337,1.714794,0.041699
miniFluxdiv-explainTripleCache-lc-post-fuse-tile323232,Tiled 32x32,1792,32,4,1.34655,1.344672,1.339361,1.349519,1.345274,1.345075,1.345274,0.003701
miniFluxdiv-explainTripleCache-lc-post-fuse-tile323232,Tiled 32x32,14336,16,4,1.049551,1.040493,1.075267,1.055725,1.046421,1.053491,1.049551,0.013357
miniFluxdiv-explainTripleCache-lc-post-fuse-tile323232,Tiled 32x32,28,128,7,1.412511,1.407078,1.400788,1.403028,1.392446,1.40317,1.403028,0.00747
miniFluxdiv-explainTripleCache-lc-post-fuse-tile323232,Tiled 32x32,224,64,7,1.073481,1.128676,1.113283,1.079616,1.073818,1.093775,1.079616,0.02554
miniFluxdiv-explainTripleCache-lc-post-fuse-tile323232,Tiled 32x32,1792,32,7,0.850326,0.843329,0.8445,0.844136,0.851461,0.84675,0.8445,0.003827
miniFluxdiv-explainTripleCache-lc-post-fuse-tile323232,Tiled 32x32,14336,16,7,0.661387,0.655524,0.658159,0.659197,0.655213,0.657896,0.658159,0.002587
miniFluxdiv-explainTripleCache-lc-post-fuse-tile323232,Tiled 32x32,28,128,8,1.369219,1.346012,1.385308,1.374007,1.375824,1.370074,1.374007,0.014666
miniFluxdiv-explainTripleCache-lc-post-fuse-tile323232,Tiled 32x32,224,64,8,0.961816,0.962717,0.983012,0.992754,1.019581,0.983976,0.983012,0.02392
miniFluxdiv-explainTripleCache-lc-post-fuse-tile323232,Tiled 32x32,1792,32,8,0.745033,0.746661,0.740722,0.742129,0.742185,0.743346,0.742185,0.002426
miniFluxdiv-explainTripleCache-lc-post-fuse-tile323232,Tiled 32x32,14336,16,8,0.581134,0.581139,0.581796,0.577634,0.581746,0.58069,0.581139,0.001738
miniFluxdiv-explainTripleCache-lc-post-fuse-tile323232,Tiled 32x32,28,128,14,0.800107,0.797791,0.788019,0.797603,0.795381,0.79578,0.797603,0.00465
miniFluxdiv-explainTripleCache-lc-post-fuse-tile323232,Tiled 32x32,224,64,14,0.62971,0.625394,0.624356,0.600565,0.623824,0.62077,0.624356,0.01153
miniFluxdiv-explainTripleCache-lc-post-fuse-tile323232,Tiled 32x32,1792,32,14,0.450305,0.448735,0.456612,0.455547,0.449866,0.452213,0.450305,0.003596
miniFluxdiv-explainTripleCache-lc-post-fuse-tile323232,Tiled 32x32,14336,16,14,0.347546,0.344414,0.344996,0.345936,0.343366,0.345252,0.344996,0.001585
miniFluxdiv-explainTripleCache-lc-post-fuse-tile323232,Tiled 32x32,28,128,16,0.797412,0.778084,0.792112,0.797216,0.797482,0.792461,0.797216,0.008354
miniFluxdiv-explainTripleCache-lc-post-fuse-tile323232,Tiled 32x32,224,64,16,0.547069,0.551119,0.55307,0.544102,0.55421,0.549914,0.551119,0.004235
miniFluxdiv-explainTripleCache-lc-post-fuse-tile323232,Tiled 32x32,1792,32,16,0.428054,0.429604,0.402391,0.425615,0.399409,0.417015,0.425615,0.014817
miniFluxdiv-explainTripleCache-lc-post-fuse-tile323232,Tiled 32x32,14336,16,16,0.30156,0.303829,0.299664,0.302651,0.305901,0.302721,0.302651,0.002347
miniFluxdiv-explainTripleCache-lc-post-fuse-tile323232,Tiled 32x32,28,128,21,0.771458,0.788829,0.778111,0.797796,0.764015,0.780042,0.778111,0.013479
miniFluxdiv-explainTripleCache-lc-post-fuse-tile323232,Tiled 32x32,224,64,21,0.434267,0.453468,0.435238,0.448769,0.448422,0.444033,0.448422,0.00871
miniFluxdiv-explainTripleCache-lc-post-fuse-tile323232,Tiled 32x32,1792,32,21,0.327674,0.326772,0.326102,0.324658,0.329348,0.326911,0.326772,0.001751
miniFluxdiv-explainTripleCache-lc-post-fuse-tile323232,Tiled 32x32,14336,16,21,0.232304,0.231972,0.233311,0.234293,0.233538,0.233084,0.233311,0.000944
miniFluxdiv-explainTripleCache-lc-post-fuse-tile323232,Tiled 32x32,28,128,24,0.791697,0.796452,0.804456,0.796418,0.795555,0.796916,0.796418,0.004648
miniFluxdiv-explainTripleCache-lc-post-fuse-tile323232,Tiled 32x32,224,64,24,0.411725,0.416107,0.419415,0.407386,0.416933,0.414313,0.416107,0.004764
miniFluxdiv-explainTripleCache-lc-post-fuse-tile323232,Tiled 32x32,1792,32,24,0.317393,0.3124,0.31735,0.304405,0.308021,0.311914,0.3124,0.00573
miniFluxdiv-explainTripleCache-lc-post-fuse-tile323232,Tiled 32x32,14336,16,24,0.204862,0.205687,0.205742,0.205372,0.206231,0.205579,0.205687,0.000505
miniFluxdiv-explainTripleCache-lc-post-fuse-tile323232,Tiled 32x32,28,128,28,0.524697,0.518377,0.513277,0.520347,0.517372,0.518814,0.518377,0.00418
miniFluxdiv-explainTripleCache-lc-post-fuse-tile323232,Tiled 32x32,224,64,28,0.359614,0.391378,0.376497,0.385035,0.377043,0.377913,0.377043,0.011934
miniFluxdiv-explainTripleCache-lc-post-fuse-tile323232,Tiled 32x32,1792,32,28,0.287954,0.337995,0.284475,0.28844,0.282072,0.296187,0.287954,0.023517
miniFluxdiv-explainTripleCache-lc-post-fuse-tile323232,Tiled 32x32,14336,16,28,0.17902,0.179135,0.180437,0.183617,0.185714,0.181585,0.180437,0.002961
miniFluxdiv-explainTripleCache-lc,Baseline 3-Cache,28,128,1,3.723903,3.71601,3.690519,3.732621,3.728774,3.718365,3.723903,0.016757
miniFluxdiv-explainTripleCache-lc,Baseline 3-Cache,224,64,1,3.066592,3.081672,3.067201,3.071992,3.077038,3.072899,3.071992,0.006465
miniFluxdiv-explainTripleCache-lc,Baseline 3-Cache,1792,32,1,2.95928,2.960601,2.95978,2.955903,2.966051,2.960323,2.95978,0.003668
miniFluxdiv-explainTripleCache-lc,Baseline 3-Cache,14336,16,1,2.640314,2.641935,2.642557,2.640562,2.641091,2.641292,2.641091,0.000941
miniFluxdiv-explainTripleCache-lc,Baseline 3-Cache,28,128,2,1.915462,1.911256,1.90977,1.909325,1.909408,1.911044,1.90977,0.002589
miniFluxdiv-explainTripleCache-lc,Baseline 3-Cache,224,64,2,1.558201,1.55383,1.553255,1.555842,1.558727,1.555971,1.555842,0.002477
miniFluxdiv-explainTripleCache-lc,Baseline 3-Cache,1792,32,2,1.496011,1.493826,1.500679,1.496763,1.495038,1.496463,1.496011,0.002601
miniFluxdiv-explainTripleCache-lc,Baseline 3-Cache,14336,16,2,1.457589,1.436206,1.426982,1.419317,1.43436,1.434891,1.43436,0.014338
miniFluxdiv-explainTripleCache-lc,Baseline 3-Cache,28,128,4,1.014175,1.010827,1.008602,1.010457,1.0093,1.010672,1.010457,0.002151
miniFluxdiv-explainTripleCache-lc,Baseline 3-Cache,224,64,4,0.839586,0.844824,0.843678,0.846427,0.844989,0.843901,0.844824,0.002602
miniFluxdiv-explainTripleCache-lc,Baseline 3-Cache,1792,32,4,0.753403,0.778531,0.791947,0.753762,0.75091,0.765711,0.753762,0.01848
miniFluxdiv-explainTripleCache-lc,Baseline 3-Cache,14336,16,4,0.752442,0.733129,0.730546,0.719593,0.72797,0.732736,0.730546,0.012132
miniFluxdiv-explainTripleCache-lc,Baseline 3-Cache,28,128,7,0.737975,0.739571,0.73931,0.739502,0.734944,0.73826,0.73931,0.001965
miniFluxdiv-explainTripleCache-lc,Baseline 3-Cache,224,64,7,0.675522,0.665789,0.675532,0.670878,0.670427,0.67163,0.670878,0.004077
miniFluxdiv-explainTripleCache-lc,Baseline 3-Cache,1792,32,7,0.467197,0.468931,0.467586,0.469312,0.469763,0.468558,0.468931,0.001113
miniFluxdiv-explainTripleCache-lc,Baseline 3-Cache,14336,16,7,0.43961,0.447663,0.440185,0.455174,0.443298,0.445186,0.443298,0.006434
miniFluxdiv-explainTripleCache-lc,Baseline 3-Cache,28,128,8,0.729369,0.716296,0.710693,0.715295,0.723381,0.719007,0.716296,0.007361
miniFluxdiv-explainTripleCache-lc,Baseline 3-Cache,224,64,8,0.597029,0.611111,0.603901,0.60084,0.606476,0.603871,0.603901,0.005367
miniFluxdiv-explainTripleCache-lc,Baseline 3-Cache,1792,32,8,0.412133,0.412889,0.412303,0.413037,0.412498,0.412572,0.412498,0.000383
miniFluxdiv-explainTripleCache-lc,Baseline 3-Cache,14336,16,8,0.393908,0.401331,0.398127,0.406561,0.395004,0.398986,0.398127,0.00513
miniFluxdiv-explainTripleCache-lc,Baseline 3-Cache,28,128,14,0.629766,0.637184,0.605549,0.697761,0.63385,0.640822,0.63385,0.03417
miniFluxdiv-explainTripleCache-lc,Baseline 3-Cache,224,64,14,0.572488,0.579695,0.579427,0.583265,0.574536,0.577882,0.579427,0.004328
miniFluxdiv-explainTripleCache-lc,Baseline 3-Cache,1792,32,14,0.25491,0.254282,0.27001,0.254695,0.270985,0.260976,0.25491,0.008701
miniFluxdiv-explainTripleCache-lc,Baseline 3-Cache,14336,16,14,0.243112,0.253134,0.265401,0.244772,0.245721,0.250428,0.245721,0.009208
miniFluxdiv-explainTripleCache-lc,Baseline 3-Cache,28,128,16,0.62023,0.621374,0.62504,0.64711,0.621109,0.626973,0.621374,0.011407
miniFluxdiv-explainTripleCache-lc,Baseline 3-Cache,224,64,16,0.549032,0.548995,0.544827,0.550307,0.555976,0.549827,0.549032,0.004011
miniFluxdiv-explainTripleCache-lc,Baseline 3-Cache,1792,32,16,0.235805,0.238398,0.230794,0.238539,0.273743,0.243456,0.238398,0.017219
miniFluxdiv-explainTripleCache-lc,Baseline 3-Cache,14336,16,16,0.257632,0.234002,0.234751,0.217145,0.220054,0.232717,0.234002,0.016042
miniFluxdiv-explainTripleCache-lc,Baseline 3-Cache,28,128,21,0.7444,0.739614,0.707871,0.699951,0.707216,0.71981,0.707871,0.020569
miniFluxdiv-explainTripleCache-lc,Baseline 3-Cache,224,64,21,0.562269,0.560097,0.563667,0.561749,0.570165,0.563589,0.562269,0.003891
miniFluxdiv-explainTripleCache-lc,Baseline 3-Cache,1792,32,21,0.273904,0.290757,0.291053,0.268245,0.293962,0.283584,0.290757,0.011661
miniFluxdiv-explainTripleCache-lc,Baseline 3-Cache,14336,16,21,0.186846,0.191071,0.18442,0.20067,0.181317,0.188865,0.186846,0.007501
miniFluxdiv-explainTripleCache-lc,Baseline 3-Cache,28,128,24,0.776195,0.778029,0.772092,0.771886,0.773593,0.774359,0.773593,0.002678
miniFluxdiv-explainTripleCache-lc,Baseline 3-Cache,224,64,24,0.593502,0.58243,0.582421,0.589455,0.590415,0.587645,0.589455,0.004993
miniFluxdiv-explainTripleCache-lc,Baseline 3-Cache,1792,32,24,0.309205,0.325939,0.29734,0.309389,0.316981,0.311771,0.309389,0.010588
miniFluxdiv-explainTripleCache-lc,Baseline 3-Cache,14336,16,24,0.233501,0.230349,0.182369,0.222965,0.17914,0.209665,0.222965,0.026691
miniFluxdiv-explainTripleCache-lc,Baseline 3-Cache,28,128,28,0.719815,0.712913,0.714798,0.715043,0.714379,0.71539,0.714798,0.002608
miniFluxdiv-explainTripleCache-lc,Baseline 3-Cache,224,64,28,0.565873,0.566704,0.613453,0.572855,0.5695,0.577677,0.5695,0.020185
miniFluxdiv-explainTripleCache-lc,Baseline 3-Cache,1792,32,28,0.374347,0.404939,0.34334,0.386754,0.38874,0.379624,0.386754,0.023017
miniFluxdiv-explainTripleCache-lc,Baseline 3-Cache,14336,16,28,0.2298,0.175738,0.229868,0.22039,0.172966,0.205752,0.22039,0.028939
miniFluxdiv-cloTripleCache-gen,CLO 3-Cache,28,128,1,2.785016,2.763734,2.754188,2.766492,2.769165,2.767719,2.766492,0.0112
miniFluxdiv-cloTripleCache-gen,CLO 3-Cache,224,64,1,2.089323,2.087736,2.087556,2.096794,2.096733,2.091628,2.089323,0.004738
miniFluxdiv-cloTripleCache-gen,CLO 3-Cache,1792,32,1,2.084823,2.089211,2.083032,2.084758,2.093713,2.087107,2.084823,0.004342
miniFluxdiv-cloTripleCache-gen,CLO 3-Cache,14336,16,1,2.268212,2.267346,2.267839,2.271119,2.273265,2.269556,2.268212,0.002542
miniFluxdiv-cloTripleCache-gen,CLO 3-Cache,28,128,2,1.515851,1.515289,1.514157,1.514521,1.51607,1.515178,1.515289,0.000827
miniFluxdiv-cloTripleCache-gen,CLO 3-Cache,224,64,2,1.064003,1.059498,1.059035,1.058735,1.059911,1.060236,1.059498,0.002153
miniFluxdiv-cloTripleCache-gen,CLO 3-Cache,1792,32,2,1.064165,1.061897,1.060405,1.057628,1.057693,1.060358,1.060405,0.002803
miniFluxdiv-cloTripleCache-gen,CLO 3-Cache,14336,16,2,1.168669,1.168748,1.168143,1.166546,1.168386,1.168098,1.168386,0.0009
miniFluxdiv-cloTripleCache-gen,CLO 3-Cache,28,128,4,0.846914,0.847637,0.843817,0.853145,0.865178,0.851338,0.847637,0.008436
miniFluxdiv-cloTripleCache-gen,CLO 3-Cache,224,64,4,0.59144,0.59415,0.589174,0.591564,0.589871,0.59124,0.59144,0.001921
miniFluxdiv-cloTripleCache-gen,CLO 3-Cache,1792,32,4,0.532949,0.53398,0.533444,0.534094,0.534509,0.533795,0.53398,0.000607
miniFluxdiv-cloTripleCache-gen,CLO 3-Cache,14336,16,4,0.586387,0.585056,0.58572,0.600382,0.585723,0.588654,0.585723,0.006573
miniFluxdiv-cloTripleCache-gen,CLO 3-Cache,28,128,7,0.651017,0.650516,0.668739,0.64752,0.65316,0.65419,0.651017,0.008378
miniFluxdiv-cloTripleCache-gen,CLO 3-Cache,224,64,7,0.529184,0.537707,0.537048,0.522144,0.53273,0.531763,0.53273,0.006391
miniFluxdiv-cloTripleCache-gen,CLO 3-Cache,1792,32,7,0.331459,0.331627,0.330906,0.332341,0.330928,0.331452,0.331459,0.00059
miniFluxdiv-cloTripleCache-gen,CLO 3-Cache,14336,16,7,0.37183,0.358586,0.36427,0.358584,0.362859,0.363226,0.362859,0.005439
miniFluxdiv-cloTripleCache-gen,CLO 3-Cache,28,128,8,0.657966,0.641947,0.654756,0.658815,0.637447,0.650186,0.654756,0.009824
miniFluxdiv-cloTripleCache-gen,CLO 3-Cache,224,64,8,0.501997,0.504328,0.501181,0.500739,0.51007,0.503663,0.501997,0.00384
miniFluxdiv-cloTripleCache-gen,CLO 3-Cache,1792,32,8,0.293418,0.293765,0.29405,0.295036,0.293604,0.293975,0.293765,0.000637
miniFluxdiv-cloTripleCache-gen,CLO 3-Cache,14336,16,8,0.325376,0.320856,0.323528,0.32046,0.334623,0.324969,0.323528,0.00576
miniFluxdiv-cloTripleCache-gen,CLO 3-Cache,28,128,14,0.581864,0.551364,0.602583,0.581791,0.610006,0.585522,0.581864,0.022829
miniFluxdiv-cloTripleCache-gen,CLO 3-Cache,224,64,14,0.524215,0.528571,0.532676,0.536617,0.543146,0.533045,0.532676,0.007296
miniFluxdiv-cloTripleCache-gen,CLO 3-Cache,1792,32,14,0.189388,0.188365,0.205607,0.188187,0.186736,0.191657,0.188365,0.007856
miniFluxdiv-cloTripleCache-gen,CLO 3-Cache,14336,16,14,0.190189,0.195107,0.192803,0.190821,0.192925,0.192369,0.192803,0.001946
miniFluxdiv-cloTripleCache-gen,CLO 3-Cache,28,128,16,0.622186,0.589171,0.624069,0.599943,0.620468,0.611167,0.620468,0.015686
miniFluxdiv-cloTripleCache-gen,CLO 3-Cache,224,64,16,0.552179,0.555953,0.550246,0.549185,0.560792,0.553671,0.552179,0.004743
miniFluxdiv-cloTripleCache-gen,CLO 3-Cache,1792,32,16,0.205333,0.187753,0.206469,0.179926,0.23127,0.20215,0.205333,0.019862
miniFluxdiv-cloTripleCache-gen,CLO 3-Cache,14336,16,16,0.168111,0.17056,0.168376,0.169924,0.169033,0.169201,0.169033,0.001033
miniFluxdiv-cloTripleCache-gen,CLO 3-Cache,28,128,21,0.697044,0.668115,0.695112,0.694745,0.667248,0.684453,0.694745,0.015338
miniFluxdiv-cloTripleCache-gen,CLO 3-Cache,224,64,21,0.59686,0.59015,0.593858,0.598915,0.595635,0.595084,0.595635,0.003316
miniFluxdiv-cloTripleCache-gen,CLO 3-Cache,1792,32,21,0.214411,0.205125,0.211185,0.232979,0.200243,0.212789,0.211185,0.01254
miniFluxdiv-cloTripleCache-gen,CLO 3-Cache,14336,16,21,0.131317,0.130325,0.131536,0.131612,0.130893,0.131137,0.131317,0.000533
miniFluxdiv-cloTripleCache-gen,CLO 3-Cache,28,128,24,0.72705,0.72207,0.759882,0.754271,0.736084,0.739871,0.736084,0.016609
miniFluxdiv-cloTripleCache-gen,CLO 3-Cache,224,64,24,0.613843,0.606968,0.619903,0.611357,0.618346,0.614083,0.613843,0.005248
miniFluxdiv-cloTripleCache-gen,CLO 3-Cache,1792,32,24,0.258932,0.223182,0.280895,0.278602,0.232431,0.254808,0.258932,0.02629
miniFluxdiv-cloTripleCache-gen,CLO 3-Cache,14336,16,24,0.117106,0.116215,0.116101,0.116562,0.117172,0.116631,0.116562,0.000494
miniFluxdiv-cloTripleCache-gen,CLO 3-Cache,28,128,28,0.719708,0.686389,0.71688,0.690453,0.719847,0.706655,0.71688,0.016749
miniFluxdiv-cloTripleCache-gen,CLO 3-Cache,224,64,28,0.605079,0.585112,0.572025,0.594501,0.578927,0.587129,0.585112,0.013
miniFluxdiv-cloTripleCache-gen,CLO 3-Cache,1792,32,28,0.25711,0.278141,0.250525,0.230807,0.28974,0.261265,0.25711,0.023216
miniFluxdiv-cloTripleCache-gen,CLO 3-Cache,14336,16,28,0.105988,0.106754,0.116487,0.11398,0.105651,0.109772,0.106754,0.00508
miniFluxdiv-cloDataReduce-gen,CLO Data Reduce,28,128,1,2.634702,2.521144,2.68139,2.637603,2.518334,2.598635,2.634702,0.074365
miniFluxdiv-cloDataReduce-gen,CLO Data Reduce,224,64,1,2.332527,2.259435,2.255065,2.257671,2.260601,2.27306,2.259435,0.033309
miniFluxdiv-cloDataReduce-gen,CLO Data Reduce,1792,32,1,2.296477,2.316774,2.293119,2.296923,2.418568,2.324372,2.296923,0.053477
miniFluxdiv-cloDataReduce-gen,CLO Data Reduce,14336,16,1,2.432125,2.408735,2.411951,2.414317,2.408475,2.415121,2.411951,0.009808
miniFluxdiv-cloDataReduce-gen,CLO Data Reduce,28,128,2,1.310485,1.308952,1.321895,1.313299,1.32556,1.316038,1.313299,0.007306
miniFluxdiv-cloDataReduce-gen,CLO Data Reduce,224,64,2,1.154131,1.141199,1.140498,1.14251,1.141721,1.144012,1.141721,0.005704
miniFluxdiv-cloDataReduce-gen,CLO Data Reduce,1792,32,2,1.158341,1.158843,1.160968,1.159505,1.156629,1.158857,1.158843,0.00159
miniFluxdiv-cloDataReduce-gen,CLO Data Reduce,14336,16,2,1.227413,1.227996,1.228753,1.227548,1.230067,1.228355,1.227996,0.001091
miniFluxdiv-cloDataReduce-gen,CLO Data Reduce,28,128,4,0.700162,0.701372,0.731741,0.730524,0.70303,0.713366,0.70303,0.016256
miniFluxdiv-cloDataReduce-gen,CLO Data Reduce,224,64,4,0.575882,0.575069,0.576894,0.576883,0.589806,0.578907,0.576883,0.00614
miniFluxdiv-cloDataReduce-gen,CLO Data Reduce,1792,32,4,0.6202,0.581881,0.607921,0.58158,0.58008,0.594332,0.581881,0.018538
miniFluxdiv-cloDataReduce-gen,CLO Data Reduce,14336,16,4,0.614459,0.613961,0.61451,0.614621,0.615254,0.614561,0.61451,0.000463
miniFluxdiv-cloDataReduce-gen,CLO Data Reduce,28,128,7,0.464553,0.461756,0.509679,0.459698,0.464206,0.471978,0.464206,0.021167
miniFluxdiv-cloDataReduce-gen,CLO Data Reduce,224,64,7,0.379005,0.379106,0.378419,0.385987,0.376108,0.379725,0.379005,0.003705
miniFluxdiv-cloDataReduce-gen,CLO Data Reduce,1792,32,7,0.361385,0.364043,0.363517,0.362423,0.364326,0.363139,0.363517,0.00122
miniFluxdiv-cloDataReduce-gen,CLO Data Reduce,14336,16,7,0.391144,0.385099,0.379748,0.379091,0.37935,0.382886,0.379748,0.00524
miniFluxdiv-cloDataReduce-gen,CLO Data Reduce,28,128,8,0.52007,0.469772,0.467811,0.469053,0.518038,0.488949,0.469772,0.0275
miniFluxdiv-cloDataReduce-gen,CLO Data Reduce,224,64,8,0.345983,0.336773,0.342486,0.338183,0.33959,0.340603,0.33959,0.003676
miniFluxdiv-cloDataReduce-gen,CLO Data Reduce,1792,32,8,0.319787,0.320598,0.320772,0.319886,0.333533,0.322915,0.320598,0.005951
miniFluxdiv-cloDataReduce-gen,CLO Data Reduce,14336,16,8,0.336417,0.337216,0.336834,0.336668,0.336812,0.336789,0.336812,0.000291
miniFluxdiv-cloDataReduce-gen,CLO Data Reduce,28,128,14,0.33185,0.330867,0.403135,0.408899,0.328284,0.360607,0.33185,0.041524
miniFluxdiv-cloDataReduce-gen,CLO Data Reduce,224,64,14,0.271966,0.330897,0.331653,0.273697,0.270451,0.295733,0.273697,0.032467
miniFluxdiv-cloDataReduce-gen,CLO Data Reduce,1792,32,14,0.196669,0.207494,0.191692,0.193109,0.191999,0.196193,0.193109,0.00662
miniFluxdiv-cloDataReduce-gen,CLO Data Reduce,14336,16,14,0.199329,0.199802,0.199422,0.199564,0.199723,0.199568,0.199564,0.000198
miniFluxdiv-cloDataReduce-gen,CLO Data Reduce,28,128,16,0.402953,0.334212,0.406513,0.329759,0.402634,0.375214,0.402634,0.039523
miniFluxdiv-cloDataReduce-gen,CLO Data Reduce,224,64,16,0.278954,0.275921,0.283557,0.28838,0.281248,0.281612,0.281248,0.004722
miniFluxdiv-cloDataReduce-gen,CLO Data Reduce,1792,32,16,0.167798,0.202868,0.168094,0.20197,0.168311,0.181808,0.168311,0.018819
miniFluxdiv-cloDataReduce-gen,CLO Data Reduce,14336,16,16,0.175232,0.174886,0.175354,0.17478,0.175132,0.175077,0.175132,0.000239
miniFluxdiv-cloDataReduce-gen,CLO Data Reduce,28,128,21,0.355131,0.427987,0.441,0.352884,0.440188,0.403438,0.427987,0.045424
miniFluxdiv-cloDataReduce-gen,CLO Data Reduce,224,64,21,0.312437,0.308814,0.310691,0.312768,0.31127,0.311196,0.31127,0.001577
miniFluxdiv-cloDataReduce-gen,CLO Data Reduce,1792,32,21,0.130602,0.193467,0.130151,0.130926,0.130408,0.143111,0.130602,0.028151
miniFluxdiv-cloDataReduce-gen,CLO Data Reduce,14336,16,21,0.13417,0.135639,0.134004,0.135537,0.135697,0.135009,0.135537,0.000846
miniFluxdiv-cloDataReduce-gen,CLO Data Reduce,28,128,24,0.469742,0.383323,0.467818,0.473047,0.383157,0.435417,0.467818,0.047668
miniFluxdiv-cloDataReduce-gen,CLO Data Reduce,224,64,24,0.330476,0.407352,0.329693,0.320666,0.333255,0.344288,0.330476,0.035569
miniFluxdiv-cloDataReduce-gen,CLO Data Reduce,1792,32,24,0.116005,0.115139,0.18371,0.184345,0.183318,0.156503,0.183318,0.037368
miniFluxdiv-cloDataReduce-gen,CLO Data Reduce,14336,16,24,0.117863,0.120294,0.117842,0.117808,0.117839,0.118329,0.117842,0.001099
miniFluxdiv-cloDataReduce-gen,CLO Data Reduce,28,128,28,0.329321,0.436016,0.44265,0.437073,0.330346,0.395081,0.436016,0.059617
miniFluxdiv-cloDataReduce-gen,CLO Data Reduce,224,64,28,0.332973,0.324539,0.333417,0.329881,0.32471,0.329104,0.329881,0.00431
miniFluxdiv-cloDataReduce-gen,CLO Data Reduce,1792,32,28,0.105422,0.110729,0.10828,0.112172,0.112748,0.10987,0.110729,0.003026
miniFluxdiv-cloDataReduce-gen,CLO Data Reduce,14336,16,28,0.110372,0.113218,0.102115,0.10678,0.116791,0.109855,0.110372,0.00568
miniFluxdiv-cloDataReduce-new,CLO Data Red New,28,128,1,2.493910,2.488789,2.498704,2.506546,2.581081,2.513806,2.498704,0.038172
miniFluxdiv-cloDataReduce-new,CLO Data Red New,224,64,1,2.258635,2.242797,2.272937,2.239276,2.244680,2.251665,2.244680,0.013982
miniFluxdiv-cloDataReduce-new,CLO Data Red New,1792,32,1,2.286235,2.277009,2.269179,2.268986,2.268468,2.273975,2.269179,0.007709
miniFluxdiv-cloDataReduce-new,CLO Data Red New,14336,16,1,2.404983,2.404230,2.407758,2.408605,2.398057,2.404727,2.404983,0.004154
miniFluxdiv-cloDataReduce-new,CLO Data Red New,28,128,2,1.317177,1.316225,1.314626,1.313632,1.317595,1.315851,1.316225,0.001686
miniFluxdiv-cloDataReduce-new,CLO Data Red New,224,64,2,1.132480,1.134409,1.130983,1.130187,1.131212,1.131854,1.131212,0.001648
miniFluxdiv-cloDataReduce-new,CLO Data Red New,1792,32,2,1.145811,1.144508,1.142172,1.143833,1.143569,1.143979,1.143833,0.001331
miniFluxdiv-cloDataReduce-new,CLO Data Red New,14336,16,2,1.227142,1.229060,1.226164,1.227808,1.227450,1.227525,1.227450,0.001054
miniFluxdiv-cloDataReduce-new,CLO Data Red New,28,128,4,0.724962,0.726249,0.730961,0.726754,0.728737,0.727533,0.726754,0.002349
miniFluxdiv-cloDataReduce-new,CLO Data Red New,224,64,4,0.586402,0.606416,0.585624,0.590251,0.571064,0.587951,0.586402,0.012642
miniFluxdiv-cloDataReduce-new,CLO Data Red New,1792,32,4,0.572857,0.596360,0.574185,0.573489,0.599653,0.583309,0.574185,0.013476
miniFluxdiv-cloDataReduce-new,CLO Data Red New,14336,16,4,0.638638,0.613679,0.612956,0.613209,0.613106,0.618318,0.613209,0.011363
miniFluxdiv-cloDataReduce-new,CLO Data Red New,28,128,7,0.498402,0.499274,0.511446,0.509001,0.510291,0.505683,0.509001,0.006316
miniFluxdiv-cloDataReduce-new,CLO Data Red New,224,64,7,0.381524,0.383179,0.378627,0.381590,0.378827,0.380749,0.381524,0.001963
miniFluxdiv-cloDataReduce-new,CLO Data Red New,1792,32,7,0.358602,0.357964,0.357981,0.371059,0.357631,0.360647,0.357981,0.005831
miniFluxdiv-cloDataReduce-new,CLO Data Red New,14336,16,7,0.379722,0.379412,0.378871,0.384613,0.378877,0.380299,0.379412,0.002439
miniFluxdiv-cloDataReduce-new,CLO Data Red New,28,128,8,0.512485,0.518079,0.511933,0.520286,0.505108,0.513578,0.512485,0.005935
miniFluxdiv-cloDataReduce-new,CLO Data Red New,224,64,8,0.344923,0.340337,0.339931,0.339275,0.340649,0.341023,0.340337,0.002240
miniFluxdiv-cloDataReduce-new,CLO Data Red New,1792,32,8,0.332243,0.316139,0.346432,0.326789,0.321886,0.328698,0.326789,0.011563
miniFluxdiv-cloDataReduce-new,CLO Data Red New,14336,16,8,0.336418,0.335978,0.336758,0.336963,0.336381,0.336500,0.336418,0.000379
miniFluxdiv-cloDataReduce-new,CLO Data Red New,28,128,14,0.392280,0.389913,0.389882,0.388461,0.411318,0.394371,0.389913,0.009572
miniFluxdiv-cloDataReduce-new,CLO Data Red New,224,64,14,0.322672,0.315153,0.323260,0.311871,0.322937,0.319179,0.322672,0.005306
miniFluxdiv-cloDataReduce-new,CLO Data Red New,1792,32,14,0.193754,0.204952,0.188625,0.208965,0.188334,0.196926,0.193754,0.009515
miniFluxdiv-cloDataReduce-new,CLO Data Red New,14336,16,14,0.200028,0.199967,0.199389,0.199914,0.199428,0.199745,0.199914,0.000310
miniFluxdiv-cloDataReduce-new,CLO Data Red New,28,128,16,0.412120,0.396656,0.391036,0.398240,0.388644,0.397339,0.396656,0.009153
miniFluxdiv-cloDataReduce-new,CLO Data Red New,224,64,16,0.340256,0.340080,0.334681,0.342639,0.332093,0.337950,0.340080,0.004383
miniFluxdiv-cloDataReduce-new,CLO Data Red New,1792,32,16,0.174264,0.201101,0.171547,0.170382,0.166362,0.176731,0.171547,0.013917
miniFluxdiv-cloDataReduce-new,CLO Data Red New,14336,16,16,0.175073,0.175425,0.175249,0.175362,0.175564,0.175335,0.175362,0.000185
miniFluxdiv-cloDataReduce-new,CLO Data Red New,28,128,21,0.432159,0.432412,0.423879,0.419956,0.424659,0.426613,0.424659,0.005477
miniFluxdiv-cloDataReduce-new,CLO Data Red New,224,64,21,0.383644,0.372818,0.369486,0.380024,0.380317,0.377258,0.380024,0.005872
miniFluxdiv-cloDataReduce-new,CLO Data Red New,1792,32,21,0.131042,0.133623,0.129983,0.195609,0.135362,0.145124,0.133623,0.028301
miniFluxdiv-cloDataReduce-new,CLO Data Red New,14336,16,21,0.135104,0.135720,0.135624,0.135496,0.135378,0.135464,0.135496,0.000239
miniFluxdiv-cloDataReduce-new,CLO Data Red New,28,128,24,0.473660,0.457319,0.450421,0.471085,0.454671,0.461431,0.457319,0.010327
miniFluxdiv-cloDataReduce-new,CLO Data Red New,224,64,24,0.393929,0.420674,0.414142,0.391427,0.422358,0.408506,0.414142,0.014798
miniFluxdiv-cloDataReduce-new,CLO Data Red New,1792,32,24,0.121898,0.116616,0.117620,0.118761,0.116963,0.118372,0.117620,0.002134
miniFluxdiv-cloDataReduce-new,CLO Data Red New,14336,16,24,0.120626,0.119873,0.120223,0.120101,0.120141,0.120193,0.120141,0.000275
miniFluxdiv-cloDataReduce-new,CLO Data Red New,28,128,28,0.417352,0.440453,0.419265,0.441488,0.414037,0.426519,0.419265,0.013329
miniFluxdiv-cloDataReduce-new,CLO Data Red New,224,64,28,0.411307,0.405584,0.428043,0.420881,0.407838,0.414731,0.411307,0.009460
miniFluxdiv-cloDataReduce-new,CLO Data Red New,1792,32,28,0.174129,0.111972,0.112468,0.175479,0.113341,0.137478,0.113341,0.034081
miniFluxdiv-cloDataReduce-new,CLO Data Red New,14336,16,28,0.109934,0.107713,0.120307,0.106319,0.109505,0.110756,0.109505,0.005532
miniFluxdiv-baseline-OMP-over,Baseline-Over,28,128,1,3.794784,3.762154,3.811361,3.773509,3.800811,3.788524,3.794784,0.020202
miniFluxdiv-baseline-OMP-over,Baseline-Over,224,64,1,2.273091,2.261506,2.276312,2.274425,2.280619,2.273191,2.274425,0.007124
miniFluxdiv-baseline-OMP-over,Baseline-Over,1792,32,1,2.212357,2.211266,2.210458,2.211455,2.225660,2.214239,2.211455,0.006420
miniFluxdiv-baseline-OMP-over,Baseline-Over,14336,16,1,2.523743,2.525100,2.520350,2.523897,2.520127,2.522643,2.523743,0.002259
miniFluxdiv-baseline-OMP-over,Baseline-Over,28,128,2,1.952146,1.952856,1.948060,1.956167,1.956548,1.953155,1.952856,0.003451
miniFluxdiv-baseline-OMP-over,Baseline-Over,224,64,2,1.182482,1.181266,1.180974,1.180330,1.160510,1.177112,1.180974,0.009314
miniFluxdiv-baseline-OMP-over,Baseline-Over,1792,32,2,1.114698,1.115693,1.115109,1.115798,1.114776,1.115215,1.115109,0.000510
miniFluxdiv-baseline-OMP-over,Baseline-Over,14336,16,2,1.284165,1.284984,1.276836,1.283916,1.280081,1.281996,1.283916,0.003450
miniFluxdiv-baseline-OMP-over,Baseline-Over,28,128,4,1.033819,1.032478,1.041378,1.038076,1.039240,1.036998,1.038076,0.003739
miniFluxdiv-baseline-OMP-over,Baseline-Over,224,64,4,0.620358,0.612783,0.604702,0.613000,0.603522,0.610873,0.612783,0.006897
miniFluxdiv-baseline-OMP-over,Baseline-Over,1792,32,4,0.559955,0.560865,0.560202,0.560566,0.560248,0.560367,0.560248,0.000353
miniFluxdiv-baseline-OMP-over,Baseline-Over,14336,16,4,0.642606,0.675299,0.640831,0.700797,0.669979,0.665902,0.669979,0.024969
miniFluxdiv-baseline-OMP-over,Baseline-Over,28,128,7,0.723195,0.750781,0.713259,0.746137,0.731191,0.732913,0.731191,0.015635
miniFluxdiv-baseline-OMP-over,Baseline-Over,224,64,7,0.666640,0.650049,0.651672,0.684355,0.666916,0.663926,0.666640,0.013932
miniFluxdiv-baseline-OMP-over,Baseline-Over,1792,32,7,0.349220,0.347982,0.349853,0.349815,0.349454,0.349265,0.349454,0.000764
miniFluxdiv-baseline-OMP-over,Baseline-Over,14336,16,7,0.399857,0.399882,0.399762,0.400010,0.400124,0.399927,0.399882,0.000141
miniFluxdiv-baseline-OMP-over,Baseline-Over,28,128,8,0.686756,0.713156,0.707054,0.715043,0.708444,0.706091,0.708444,0.011296
miniFluxdiv-baseline-OMP-over,Baseline-Over,224,64,8,0.536527,0.524342,0.554770,0.528663,0.565007,0.541862,0.536527,0.017406
miniFluxdiv-baseline-OMP-over,Baseline-Over,1792,32,8,0.308084,0.307587,0.307208,0.309290,0.307090,0.307852,0.307587,0.000893
miniFluxdiv-baseline-OMP-over,Baseline-Over,14336,16,8,0.351605,0.351849,0.351568,0.352206,0.351403,0.351726,0.351605,0.000312
miniFluxdiv-baseline-OMP-over,Baseline-Over,28,128,14,0.555508,0.560186,0.573718,0.560343,0.564361,0.562823,0.560343,0.006850
miniFluxdiv-baseline-OMP-over,Baseline-Over,224,64,14,0.533327,0.532484,0.524951,0.525284,0.534229,0.530055,0.532484,0.004551
miniFluxdiv-baseline-OMP-over,Baseline-Over,1792,32,14,0.184893,0.183143,0.184296,0.184361,0.199706,0.187280,0.184361,0.006976
miniFluxdiv-baseline-OMP-over,Baseline-Over,14336,16,14,0.209207,0.209256,0.208968,0.209143,0.209722,0.209259,0.209207,0.000281
miniFluxdiv-baseline-OMP-over,Baseline-Over,28,128,16,0.583197,0.578681,0.569490,0.573681,0.574321,0.575874,0.574321,0.005232
miniFluxdiv-baseline-OMP-over,Baseline-Over,224,64,16,0.522115,0.508407,0.518709,0.526687,0.538954,0.522974,0.522115,0.011183
miniFluxdiv-baseline-OMP-over,Baseline-Over,1792,32,16,0.197390,0.163843,0.163463,0.163016,0.161802,0.169903,0.163463,0.015385
miniFluxdiv-baseline-OMP-over,Baseline-Over,14336,16,16,0.183731,0.184189,0.183662,0.183863,0.183296,0.183748,0.183731,0.000324
miniFluxdiv-baseline-OMP-over,Baseline-Over,28,128,21,0.647271,0.598637,0.602441,0.647072,0.595576,0.618199,0.602441,0.026559
miniFluxdiv-baseline-OMP-over,Baseline-Over,224,64,21,0.561399,0.517599,0.513944,0.505948,0.485481,0.516874,0.513944,0.027823
miniFluxdiv-baseline-OMP-over,Baseline-Over,1792,32,21,0.136190,0.129436,0.130055,0.136942,0.128941,0.132313,0.130055,0.003912
miniFluxdiv-baseline-OMP-over,Baseline-Over,14336,16,21,0.141726,0.141247,0.141962,0.141222,0.141688,0.141569,0.141688,0.000323
miniFluxdiv-baseline-OMP-over,Baseline-Over,28,128,24,0.662615,0.665813,0.644286,0.639413,0.645410,0.651507,0.645410,0.011870
miniFluxdiv-baseline-OMP-over,Baseline-Over,224,64,24,0.535810,0.507953,0.511505,0.534767,0.514776,0.520962,0.514776,0.013304
miniFluxdiv-baseline-OMP-over,Baseline-Over,1792,32,24,0.123148,0.117248,0.117044,0.119553,0.127474,0.120893,0.119553,0.004424
miniFluxdiv-baseline-OMP-over,Baseline-Over,14336,16,24,0.125132,0.125010,0.124954,0.125579,0.124881,0.125111,0.125010,0.000277
miniFluxdiv-baseline-OMP-over,Baseline-Over,28,128,28,0.548880,0.596177,0.550147,0.601025,0.542527,0.567751,0.550147,0.028361
miniFluxdiv-baseline-OMP-over,Baseline-Over,224,64,28,0.511771,0.495172,0.492596,0.528015,0.487964,0.503104,0.495172,0.016570
miniFluxdiv-baseline-OMP-over,Baseline-Over,1792,32,28,0.135232,0.194490,0.129873,0.193926,0.135736,0.157851,0.135736,0.033269
miniFluxdiv-baseline-OMP-over,Baseline-Over,14336,16,28,0.109505,0.112612,0.118860,0.136730,0.112265,0.117994,0.112612,0.011019
miniFluxdiv-baseline-OMP-within,Baseline-Within,28,128,1,3.855579,3.821294,3.858976,3.836942,3.846470,3.843852,3.846470,0.015246
miniFluxdiv-baseline-OMP-within,Baseline-Within,224,64,1,2.472434,2.437503,2.445678,2.430371,2.463892,2.449976,2.445678,0.017723
miniFluxdiv-baseline-OMP-within,Baseline-Within,1792,32,1,2.561953,2.554068,2.560124,2.553783,2.559300,2.557846,2.559300,0.003706
miniFluxdiv-baseline-OMP-within,Baseline-Within,14336,16,1,2.950914,2.947771,2.950053,2.945125,2.974784,2.953729,2.950053,0.011982
miniFluxdiv-baseline-OMP-within,Baseline-Within,28,128,2,2.175920,2.181948,2.173174,2.178303,2.171055,2.176080,2.175920,0.004275
miniFluxdiv-baseline-OMP-within,Baseline-Within,224,64,2,1.533233,1.528605,1.547644,1.530058,1.527677,1.533443,1.530058,0.008213
miniFluxdiv-baseline-OMP-within,Baseline-Within,1792,32,2,1.739679,1.751457,1.768718,1.738254,1.740914,1.747804,1.740914,0.012801
miniFluxdiv-baseline-OMP-within,Baseline-Within,14336,16,2,2.393558,2.420185,2.457756,2.400634,2.383634,2.411153,2.400634,0.029287
miniFluxdiv-baseline-OMP-within,Baseline-Within,28,128,4,1.299655,1.305843,1.299343,1.303955,1.288080,1.299375,1.299655,0.006901
miniFluxdiv-baseline-OMP-within,Baseline-Within,224,64,4,0.869023,0.872484,0.869089,0.866524,0.876099,0.870644,0.869089,0.003714
miniFluxdiv-baseline-OMP-within,Baseline-Within,1792,32,4,1.165816,1.168839,1.170587,1.172901,1.167643,1.169157,1.168839,0.002721
miniFluxdiv-baseline-OMP-within,Baseline-Within,14336,16,4,2.390779,2.373681,2.346969,2.356481,2.335531,2.360688,2.356481,0.021869
miniFluxdiv-baseline-OMP-within,Baseline-Within,28,128,7,0.984276,0.972053,0.956389,0.980010,0.979914,0.974528,0.979914,0.011059
miniFluxdiv-baseline-OMP-within,Baseline-Within,224,64,7,0.651978,0.652142,0.648924,0.654927,0.657538,0.653102,0.652142,0.003265
miniFluxdiv-baseline-OMP-within,Baseline-Within,1792,32,7,1.070596,1.067505,1.063026,1.077113,1.091999,1.074048,1.070596,0.011268
miniFluxdiv-baseline-OMP-within,Baseline-Within,14336,16,7,2.480728,2.474809,2.470045,2.473319,2.488967,2.477574,2.474809,0.007453
miniFluxdiv-baseline-OMP-within,Baseline-Within,28,128,8,0.969197,0.952407,0.974893,0.936200,0.966220,0.959783,0.966220,0.015564
miniFluxdiv-baseline-OMP-within,Baseline-Within,224,64,8,0.634633,0.629518,0.628213,0.629574,0.627913,0.629970,0.629518,0.002712
miniFluxdiv-baseline-OMP-within,Baseline-Within,1792,32,8,1.191791,1.189270,1.201678,1.190083,1.188916,1.192348,1.190083,0.005332
miniFluxdiv-baseline-OMP-within,Baseline-Within,14336,16,8,2.608422,2.489368,2.603131,2.633289,2.620096,2.590861,2.608422,0.057911
miniFluxdiv-baseline-OMP-within,Baseline-Within,28,128,14,0.881233,0.875950,0.891523,0.890053,0.889504,0.885653,0.889504,0.006752
miniFluxdiv-baseline-OMP-within,Baseline-Within,224,64,14,0.643927,0.603563,0.634339,0.632607,0.626441,0.628175,0.632607,0.015121
miniFluxdiv-baseline-OMP-within,Baseline-Within,1792,32,14,1.494728,1.498692,1.479864,1.471506,1.485039,1.485966,1.485039,0.011022
miniFluxdiv-baseline-OMP-within,Baseline-Within,14336,16,14,2.918811,2.886061,2.908885,3.013914,2.901037,2.925742,2.908885,0.050723
miniFluxdiv-baseline-OMP-within,Baseline-Within,28,128,16,-1.0,-1.0,-1.0,-1.0,-1.0,-1.0,0.0
miniFluxdiv-baseline-OMP-within,Baseline-Within,224,64,16,0.664353,0.675432,0.679378,0.697490,0.685390,0.680409,0.679378,0.012249
miniFluxdiv-baseline-OMP-within,Baseline-Within,1792,32,16,1.577959,1.561956,1.580126,1.550958,1.558714,1.565943,1.561956,0.012632
miniFluxdiv-baseline-OMP-within,Baseline-Within,14336,16,16,2.891569,2.749266,2.803295,2.901640,2.647261,2.798606,2.803295,0.105617
miniFluxdiv-baseline-OMP-within,Baseline-Within,28,128,21,-1.0,-1.0,-1.0,-1.0,-1.0,-1.0,0.0
miniFluxdiv-baseline-OMP-within,Baseline-Within,224,64,21,0.721361,0.716546,0.744667,0.725317,0.726316,0.726841,0.725317,0.010682
miniFluxdiv-baseline-OMP-within,Baseline-Within,1792,32,21,1.378530,1.361837,1.405750,1.366676,1.401506,1.382860,1.378530,0.019964
miniFluxdiv-baseline-OMP-within,Baseline-Within,14336,16,21,2.975290,2.981549,3.111035,3.042526,2.991796,3.020439,2.991796,0.057155
miniFluxdiv-baseline-OMP-within,Baseline-Within,28,128,24,-1.0,-1.0,-1.0,-1.0,-1.0,-1.0,0.0
miniFluxdiv-baseline-OMP-within,Baseline-Within,224,64,24,0.715029,0.747364,0.743316,0.743400,0.743375,0.738497,0.743375,0.013233
miniFluxdiv-baseline-OMP-within,Baseline-Within,1792,32,24,1.572944,1.560982,1.563799,1.566367,1.563900,1.565598,1.563900,0.004527
miniFluxdiv-baseline-OMP-within,Baseline-Within,14336,16,24,3.170466,3.055288,3.128222,3.160785,3.113477,3.125648,3.128222,0.045685
miniFluxdiv-baseline-OMP-within,Baseline-Within,28,128,28,-1.0,-1.0,-1.0,-1.0,-1.0,-1.0,0.0
miniFluxdiv-baseline-OMP-within,Baseline-Within,224,64,28,0.738686,0.740539,0.749954,0.737921,0.718359,0.737092,0.738686,0.011527
miniFluxdiv-baseline-OMP-within,Baseline-Within,1792,32,28,1.697437,1.737724,1.681087,1.698943,1.688530,1.700744,1.697437,0.021893
miniFluxdiv-baseline-OMP-within,Baseline-Within,14336,16,28,3.167059,3.285434,3.324257,3.120271,3.137932,3.206991,3.167059,0.091908
