Program,Legend,nBoxes,nCells,nThreads,Time0,Time1,Time2,Time3,Time4,MeanTime,MedianTime,StdevTime
miniFluxDiv-series-cli-reduce-temp,Series-CLI-Reduce2,28,128,1,5.740044,5.317317,5.787004,5.524285,6.623011,5.798332,5.740044,0.497518
miniFluxDiv-series-cli-reduce-temp,Series-CLI-Reduce2,224,64,1,4.245936,4.222376,4.154956,4.256575,4.114270,4.198823,4.222376,0.061610
miniFluxDiv-series-cli-reduce-temp,Series-CLI-Reduce2,1792,32,1,4.013380,4.019099,3.968287,4.017366,4.021167,4.007860,4.017366,0.022306
miniFluxDiv-series-cli-reduce-temp,Series-CLI-Reduce2,14336,16,1,5.528292,5.098993,5.228479,5.108297,5.199997,5.232812,5.199997,0.174510
miniFluxDiv-series-cli-reduce-temp,Series-CLI-Reduce2,28,128,2,3.268254,3.662097,3.146394,3.419583,3.599072,3.419080,3.419583,0.217118
miniFluxDiv-series-cli-reduce-temp,Series-CLI-Reduce2,224,64,2,2.193473,3.226794,2.587781,2.339287,3.175089,2.704485,2.587781,0.474973
miniFluxDiv-series-cli-reduce-temp,Series-CLI-Reduce2,1792,32,2,2.045393,2.054239,1.887215,2.041006,1.809702,1.967511,2.041006,0.112183
miniFluxDiv-series-cli-reduce-temp,Series-CLI-Reduce2,14336,16,2,2.218407,2.229977,2.223797,2.221849,2.224170,2.223640,2.223797,0.004215
miniFluxDiv-series-cli-reduce-temp,Series-CLI-Reduce2,28,128,4,1.352241,2.336017,1.385993,2.284048,2.146453,1.900950,2.146453,0.490556
miniFluxDiv-series-cli-reduce-temp,Series-CLI-Reduce2,224,64,4,1.411734,1.390737,1.379732,1.378109,1.384840,1.389030,1.384840,0.013617
miniFluxDiv-series-cli-reduce-temp,Series-CLI-Reduce2,1792,32,4,0.924731,0.933292,1.014013,0.929021,1.027231,0.965658,0.933292,0.050483
miniFluxDiv-series-cli-reduce-temp,Series-CLI-Reduce2,14336,16,4,2.942183,1.156249,3.353732,3.723649,1.179021,2.470967,2.942183,1.221489
miniFluxDiv-series-cli-reduce-temp,Series-CLI-Reduce2,28,128,7,1.162645,1.924075,2.326640,1.970384,1.153505,1.707450,1.924075,0.525149
miniFluxDiv-series-cli-reduce-temp,Series-CLI-Reduce2,224,64,7,1.443825,1.600105,1.482093,1.327387,1.600841,1.490850,1.482093,0.115155
miniFluxDiv-series-cli-reduce-temp,Series-CLI-Reduce2,1792,32,7,0.807793,0.932343,0.932556,0.841478,0.966152,0.896064,0.932343,0.067697
miniFluxDiv-series-cli-reduce-temp,Series-CLI-Reduce2,14336,16,7,3.077736,2.754492,2.769539,3.084862,3.100551,2.957436,3.077736,0.178664
miniFluxDiv-series-cli-reduce-temp,Series-CLI-Reduce2,28,128,8,1.944836,1.246814,1.893389,1.263841,2.558734,1.781523,1.893389,0.547072
miniFluxDiv-series-cli-reduce-temp,Series-CLI-Reduce2,224,64,8,1.169245,1.630546,1.142606,1.072345,1.087894,1.220527,1.142606,0.232576
miniFluxDiv-series-cli-reduce-temp,Series-CLI-Reduce2,1792,32,8,0.930685,0.994072,0.985543,1.034746,0.992816,0.987572,0.992816,0.037200
miniFluxDiv-series-cli-reduce-temp,Series-CLI-Reduce2,14336,16,8,2.301176,0.641448,2.365283,1.962855,0.687231,1.591599,1.962855,0.860318
miniFluxDiv-series-cli-reduce-temp,Series-CLI-Reduce2,28,128,14,1.064388,2.047694,1.960658,2.008517,2.083363,1.832924,2.008517,0.432042
miniFluxDiv-series-cli-reduce-temp,Series-CLI-Reduce2,224,64,14,0.975334,0.941972,0.982405,1.207999,1.546296,1.130801,0.982405,0.255168
miniFluxDiv-series-cli-reduce-temp,Series-CLI-Reduce2,1792,32,14,0.491063,0.702253,0.696069,0.629458,0.650621,0.633893,0.650621,0.085497
miniFluxDiv-series-cli-reduce-temp,Series-CLI-Reduce2,14336,16,14,1.005085,1.066661,1.579765,1.483970,1.092637,1.245624,1.092637,0.265401
miniFluxDiv-series-cli-reduce-temp,Series-CLI-Reduce2,28,128,16,1.219990,1.099166,1.395964,1.423113,1.018376,1.231322,1.219990,0.178066
miniFluxDiv-series-cli-reduce-temp,Series-CLI-Reduce2,224,64,16,1.176643,1.179002,1.340474,1.275894,1.237142,1.241831,1.237142,0.069119
miniFluxDiv-series-cli-reduce-temp,Series-CLI-Reduce2,1792,32,16,0.657024,0.893549,0.577286,0.603398,0.591142,0.664480,0.603398,0.131568
miniFluxDiv-series-cli-reduce-temp,Series-CLI-Reduce2,14336,16,16,0.941590,0.918130,0.332824,0.905347,1.260647,0.871708,0.918130,0.335350
miniFluxDiv-series-cli-reduce-temp,Series-CLI-Reduce2,28,128,21,1.162862,1.306005,1.117345,1.054357,0.984707,1.125055,1.117345,0.121375
miniFluxDiv-series-cli-reduce-temp,Series-CLI-Reduce2,224,64,21,1.070979,0.993506,1.069343,0.944295,1.148930,1.045411,1.069343,0.078837
miniFluxDiv-series-cli-reduce-temp,Series-CLI-Reduce2,1792,32,21,0.669872,0.727406,0.672057,0.718291,0.639736,0.685472,0.672057,0.036574
miniFluxDiv-series-cli-reduce-temp,Series-CLI-Reduce2,14336,16,21,0.922668,0.934856,0.754191,1.035402,1.021168,0.933657,0.934856,0.112183
miniFluxDiv-series-cli-reduce-temp,Series-CLI-Reduce2,28,128,24,1.447956,1.170348,1.549116,1.380778,1.531601,1.415960,1.447956,0.153044
miniFluxDiv-series-cli-reduce-temp,Series-CLI-Reduce2,224,64,24,1.042142,0.815584,1.009114,0.970497,1.059880,0.979443,1.009114,0.097739
miniFluxDiv-series-cli-reduce-temp,Series-CLI-Reduce2,1792,32,24,0.689238,0.800124,0.718557,0.552738,0.617449,0.675621,0.689238,0.094887
miniFluxDiv-series-cli-reduce-temp,Series-CLI-Reduce2,14336,16,24,1.867454,0.771892,0.944982,0.701532,0.883312,1.033834,0.883312,0.475529
miniFluxDiv-series-cli-reduce-temp,Series-CLI-Reduce2,28,128,28,0.999780,0.943630,1.202358,1.070735,1.195291,1.082359,1.070735,0.115492
miniFluxDiv-series-cli-reduce-temp,Series-CLI-Reduce2,224,64,28,0.952660,1.040216,0.910583,0.889812,0.867310,0.932116,0.910583,0.068119
miniFluxDiv-series-cli-reduce-temp,Series-CLI-Reduce2,1792,32,28,0.617058,0.604140,0.595616,0.620441,0.576427,0.602736,0.604140,0.017772
miniFluxDiv-series-cli-reduce-temp,Series-CLI-Reduce2,14336,16,28,0.859282,0.856644,1.285293,1.891733,0.934259,1.165442,0.934259,0.442831
