Program,Legend,nBoxes,nCells,nThreads,Time0,Time1,Time2,Time3,Time4,MeanTime,MedianTime,StdevTime
miniFluxDiv-series-cli-reduce-temp,Series-CLI-Reduce,28,128,1,4.170700,4.170077,4.171696,4.142725,4.143380,4.159716,4.170077,0.015224
miniFluxDiv-series-cli-reduce-temp,Series-CLI-Reduce,224,64,1,3.264474,3.255108,3.255341,3.252785,3.257927,3.257127,3.255341,0.004493
miniFluxDiv-series-cli-reduce-temp,Series-CLI-Reduce,1792,32,1,3.302031,3.301988,3.301642,3.292091,3.301396,3.299830,3.301642,0.004334
miniFluxDiv-series-cli-reduce-temp,Series-CLI-Reduce,14336,16,1,3.953426,3.954884,3.945120,3.929983,3.951267,3.946936,3.951267,0.010183
miniFluxDiv-series-cli-reduce-temp,Series-CLI-Reduce,28,128,2,2.289954,2.291260,2.272932,2.276108,2.271249,2.280301,2.276108,0.009580
miniFluxDiv-series-cli-reduce-temp,Series-CLI-Reduce,224,64,2,1.719659,1.715943,1.719230,1.718197,1.716405,1.717887,1.718197,0.001659
miniFluxDiv-series-cli-reduce-temp,Series-CLI-Reduce,1792,32,2,1.704406,1.704482,1.707132,1.707268,1.706962,1.706050,1.706962,0.001470
miniFluxDiv-series-cli-reduce-temp,Series-CLI-Reduce,14336,16,2,1.978165,1.978303,1.980457,1.979677,1.975032,1.978327,1.978303,0.002076
miniFluxDiv-series-cli-reduce-temp,Series-CLI-Reduce,28,128,4,1.268211,1.251562,1.250046,1.245048,1.250030,1.252979,1.250046,0.008863
miniFluxDiv-series-cli-reduce-temp,Series-CLI-Reduce,224,64,4,1.206364,1.205393,1.210554,1.203884,1.209268,1.207093,1.206364,0.002758
miniFluxDiv-series-cli-reduce-temp,Series-CLI-Reduce,1792,32,4,0.926000,0.903755,0.903480,0.903960,0.903673,0.908174,0.903755,0.009967
miniFluxDiv-series-cli-reduce-temp,Series-CLI-Reduce,14336,16,4,2.752194,2.752068,2.701957,2.755756,2.747238,2.741843,2.752068,0.022501
miniFluxDiv-series-cli-reduce-temp,Series-CLI-Reduce,28,128,7,1.002543,0.990260,1.001963,0.994584,0.995797,0.997029,0.995797,0.005198
miniFluxDiv-series-cli-reduce-temp,Series-CLI-Reduce,224,64,7,0.824299,0.820477,0.833726,0.854431,0.828601,0.832307,0.828601,0.013316
miniFluxDiv-series-cli-reduce-temp,Series-CLI-Reduce,1792,32,7,0.574351,0.571631,0.560389,0.576171,0.571347,0.570778,0.571631,0.006141
miniFluxDiv-series-cli-reduce-temp,Series-CLI-Reduce,14336,16,7,2.138851,2.218863,2.320275,2.168707,2.230667,2.215473,2.218863,0.069433
miniFluxDiv-series-cli-reduce-temp,Series-CLI-Reduce,28,128,8,1.035149,1.026469,1.027961,1.021931,1.026482,1.027598,1.026482,0.004790
miniFluxDiv-series-cli-reduce-temp,Series-CLI-Reduce,224,64,8,0.823561,0.785783,0.810524,0.822723,0.814303,0.811379,0.814303,0.015342
miniFluxDiv-series-cli-reduce-temp,Series-CLI-Reduce,1792,32,8,0.525731,0.582455,0.526068,0.528227,0.526450,0.537786,0.526450,0.024989
miniFluxDiv-series-cli-reduce-temp,Series-CLI-Reduce,14336,16,8,1.972610,1.934864,2.071168,2.071291,1.686235,1.947234,1.972610,0.157851
miniFluxDiv-series-cli-reduce-temp,Series-CLI-Reduce,28,128,14,1.038710,1.047298,0.851876,1.053809,1.043556,1.007050,1.043556,0.086920
miniFluxDiv-series-cli-reduce-temp,Series-CLI-Reduce,224,64,14,0.773815,0.857973,0.805730,0.764240,0.790543,0.798460,0.790543,0.036864
miniFluxDiv-series-cli-reduce-temp,Series-CLI-Reduce,1792,32,14,0.701782,0.723272,0.705853,0.499090,0.702751,0.666550,0.702751,0.094017
miniFluxDiv-series-cli-reduce-temp,Series-CLI-Reduce,14336,16,14,0.901274,0.946464,0.995372,1.092804,0.983888,0.983960,0.983888,0.071099
miniFluxDiv-series-cli-reduce-temp,Series-CLI-Reduce,28,128,16,0.951450,0.970557,0.958938,0.991886,0.990792,0.972725,0.970557,0.018310
miniFluxDiv-series-cli-reduce-temp,Series-CLI-Reduce,224,64,16,0.741685,0.758688,0.749577,0.751508,0.791921,0.758676,0.751508,0.019545
miniFluxDiv-series-cli-reduce-temp,Series-CLI-Reduce,1792,32,16,0.703319,0.697977,0.455273,0.695052,0.703905,0.651105,0.697977,0.109536
miniFluxDiv-series-cli-reduce-temp,Series-CLI-Reduce,14336,16,16,0.876520,0.972087,0.802414,0.898182,0.802517,0.870344,0.876520,0.071379
miniFluxDiv-series-cli-reduce-temp,Series-CLI-Reduce,28,128,21,0.893615,0.950266,0.922760,0.943720,0.886828,0.919438,0.922760,0.028641
miniFluxDiv-series-cli-reduce-temp,Series-CLI-Reduce,224,64,21,0.758260,0.755799,0.757967,0.727429,0.846954,0.769282,0.757967,0.045321
miniFluxDiv-series-cli-reduce-temp,Series-CLI-Reduce,1792,32,21,0.543855,0.535095,0.406370,0.557037,0.542634,0.516998,0.542634,0.062345
miniFluxDiv-series-cli-reduce-temp,Series-CLI-Reduce,14336,16,21,0.787912,0.678386,0.788994,0.676298,0.751925,0.736703,0.751925,0.056210
miniFluxDiv-series-cli-reduce-temp,Series-CLI-Reduce,28,128,24,1.009582,0.996161,0.987053,0.990234,0.969468,0.990500,0.990234,0.014581
miniFluxDiv-series-cli-reduce-temp,Series-CLI-Reduce,224,64,24,0.769811,0.771106,0.749619,0.754913,0.698658,0.748821,0.754913,0.029544
miniFluxDiv-series-cli-reduce-temp,Series-CLI-Reduce,1792,32,24,0.528824,0.498771,0.558228,0.531944,0.528743,0.529302,0.528824,0.021074
miniFluxDiv-series-cli-reduce-temp,Series-CLI-Reduce,14336,16,24,0.678805,0.670513,0.841020,0.693007,0.608508,0.698371,0.678805,0.086040
miniFluxDiv-series-cli-reduce-temp,Series-CLI-Reduce,28,128,28,0.854855,0.855624,0.845863,0.857171,0.857975,0.854298,0.855624,0.004873
miniFluxDiv-series-cli-reduce-temp,Series-CLI-Reduce,224,64,28,0.721466,0.766723,0.724339,0.823738,0.764212,0.760096,0.764212,0.041479
miniFluxDiv-series-cli-reduce-temp,Series-CLI-Reduce,1792,32,28,0.587347,0.543169,0.567588,0.564276,0.513380,0.555152,0.564276,0.028120
miniFluxDiv-series-cli-reduce-temp,Series-CLI-Reduce,14336,16,28,0.588038,0.615354,0.563513,0.685933,0.556466,0.601861,0.588038,0.052375
miniFluxDiv-overlapVelSplitReduceUnDir,OverlapVelSplitReduceUndir,28,128,1,8.225983,8.214987,8.223179,8.218852,8.213191,8.219238,8.218852,0.005381
miniFluxDiv-overlapVelSplitReduceUnDir,OverlapVelSplitReduceUndir,224,64,1,8.520601,8.548693,8.417987,8.472120,8.518743,8.495629,8.518743,0.051368
miniFluxDiv-overlapVelSplitReduceUnDir,OverlapVelSplitReduceUndir,1792,32,1,7.898623,7.901127,7.900818,7.988872,7.954552,7.928798,7.901127,0.041022
miniFluxDiv-overlapVelSplitReduceUnDir,OverlapVelSplitReduceUndir,14336,16,1,9.388182,12.450568,9.173534,9.171651,9.194147,9.875616,9.194147,1.442295
miniFluxDiv-overlapVelSplitReduceUnDir,OverlapVelSplitReduceUndir,28,128,2,4.578352,4.529711,4.584209,4.583386,4.582847,4.571701,4.582847,0.023583
miniFluxDiv-overlapVelSplitReduceUnDir,OverlapVelSplitReduceUndir,224,64,2,5.354645,5.373219,5.383797,5.388808,5.340970,5.368288,5.373219,0.020114
miniFluxDiv-overlapVelSplitReduceUnDir,OverlapVelSplitReduceUndir,1792,32,2,6.169646,6.757292,6.126672,6.151779,6.144137,6.269905,6.151779,0.272894
miniFluxDiv-overlapVelSplitReduceUnDir,OverlapVelSplitReduceUndir,14336,16,2,9.288676,10.927679,9.296003,11.701867,9.301331,10.103111,9.301331,1.139464
miniFluxDiv-overlapVelSplitReduceUnDir,OverlapVelSplitReduceUndir,28,128,4,2.520119,2.522444,2.521029,2.518438,2.519608,2.520328,2.520119,0.001509
miniFluxDiv-overlapVelSplitReduceUnDir,OverlapVelSplitReduceUndir,224,64,4,3.091519,3.106233,3.096951,3.093044,3.094778,3.096505,3.094778,0.005802
miniFluxDiv-overlapVelSplitReduceUnDir,OverlapVelSplitReduceUndir,1792,32,4,4.851262,5.121985,4.812338,4.755737,4.925246,4.893314,4.851262,0.141918
miniFluxDiv-overlapVelSplitReduceUnDir,OverlapVelSplitReduceUndir,14336,16,4,10.624853,9.540311,9.510767,10.617167,7.046521,9.467924,9.540311,1.460266
miniFluxDiv-overlapVelSplitReduceUnDir,OverlapVelSplitReduceUndir,28,128,7,1.779355,1.756194,1.753389,1.756494,1.748322,1.758751,1.756194,0.011976
miniFluxDiv-overlapVelSplitReduceUnDir,OverlapVelSplitReduceUndir,224,64,7,2.427712,2.425043,2.421442,2.420907,2.425440,2.424109,2.425043,0.002872
miniFluxDiv-overlapVelSplitReduceUnDir,OverlapVelSplitReduceUndir,1792,32,7,2.467266,2.403945,2.473616,2.556997,2.569126,2.494190,2.473616,0.068652
miniFluxDiv-overlapVelSplitReduceUnDir,OverlapVelSplitReduceUndir,14336,16,7,10.587856,10.423891,10.471786,10.092510,10.559419,10.427092,10.471786,0.198311
miniFluxDiv-overlapVelSplitReduceUnDir,OverlapVelSplitReduceUndir,28,128,8,1.491953,1.491813,1.490870,1.491568,1.490929,1.491427,1.491568,0.000501
miniFluxDiv-overlapVelSplitReduceUnDir,OverlapVelSplitReduceUndir,224,64,8,2.037010,2.039117,2.035781,2.035004,2.038341,2.037051,2.037010,0.001713
miniFluxDiv-overlapVelSplitReduceUnDir,OverlapVelSplitReduceUndir,1792,32,8,2.488814,2.474751,2.470860,2.472621,2.526450,2.486699,2.474751,0.023326
miniFluxDiv-overlapVelSplitReduceUnDir,OverlapVelSplitReduceUndir,14336,16,8,12.839130,10.690899,12.461573,12.675583,12.860536,12.305544,12.675583,0.916663
miniFluxDiv-overlapVelSplitReduceUnDir,OverlapVelSplitReduceUndir,28,128,14,1.180957,1.183357,1.183651,1.179244,1.175788,1.180599,1.180957,0.003242
miniFluxDiv-overlapVelSplitReduceUnDir,OverlapVelSplitReduceUndir,224,64,14,1.311595,1.307670,1.311600,1.311572,1.316785,1.311844,1.311595,0.003242
miniFluxDiv-overlapVelSplitReduceUnDir,OverlapVelSplitReduceUndir,1792,32,14,2.324452,2.509032,2.561402,2.583700,2.596402,2.514998,2.561402,0.111628
miniFluxDiv-overlapVelSplitReduceUnDir,OverlapVelSplitReduceUndir,14336,16,14,12.345842,9.944654,13.157384,12.431463,12.829441,12.141757,12.431463,1.270556
miniFluxDiv-overlapVelSplitReduceUnDir,OverlapVelSplitReduceUndir,28,128,16,1.013268,0.982316,0.988135,0.985553,0.978233,0.989501,0.985553,0.013792
miniFluxDiv-overlapVelSplitReduceUnDir,OverlapVelSplitReduceUndir,224,64,16,1.294466,1.294451,1.291165,1.257464,1.292413,1.285992,1.292413,0.016009
miniFluxDiv-overlapVelSplitReduceUnDir,OverlapVelSplitReduceUndir,1792,32,16,2.503571,2.380706,2.518754,2.508558,2.527109,2.487740,2.508558,0.060523
miniFluxDiv-overlapVelSplitReduceUnDir,OverlapVelSplitReduceUndir,14336,16,16,11.526996,17.822713,11.544130,13.120110,10.668432,12.936476,11.544130,2.871338
miniFluxDiv-overlapVelSplitReduceUnDir,OverlapVelSplitReduceUndir,28,128,21,0.638589,0.650333,0.625537,0.638068,0.647479,0.640001,0.638589,0.009716
miniFluxDiv-overlapVelSplitReduceUnDir,OverlapVelSplitReduceUndir,224,64,21,1.290627,1.287142,1.288221,1.299781,1.300418,1.293238,1.290627,0.006394
miniFluxDiv-overlapVelSplitReduceUnDir,OverlapVelSplitReduceUndir,1792,32,21,2.403221,2.604698,2.631894,2.488089,2.453251,2.516231,2.488089,0.098405
miniFluxDiv-overlapVelSplitReduceUnDir,OverlapVelSplitReduceUndir,14336,16,21,14.795731,7.822865,11.382246,15.351523,12.600387,12.390550,12.600387,3.019798
miniFluxDiv-overlapVelSplitReduceUnDir,OverlapVelSplitReduceUndir,28,128,24,0.628465,0.616523,0.621943,0.653196,0.648075,0.633640,0.628465,0.016182
miniFluxDiv-overlapVelSplitReduceUnDir,OverlapVelSplitReduceUndir,224,64,24,1.307670,1.295065,1.281453,1.274841,1.259617,1.283729,1.281453,0.018488
miniFluxDiv-overlapVelSplitReduceUnDir,OverlapVelSplitReduceUndir,1792,32,24,2.540401,2.377782,2.422400,2.423887,2.432115,2.439317,2.423887,0.060375
miniFluxDiv-overlapVelSplitReduceUnDir,OverlapVelSplitReduceUndir,14336,16,24,11.727084,8.878892,13.060540,13.321406,9.575086,11.312602,11.727084,2.012727
miniFluxDiv-overlapVelSplitReduceUnDir,OverlapVelSplitReduceUndir,28,128,28,0.628385,0.628143,0.638476,0.622048,0.647639,0.632938,0.628385,0.010113
miniFluxDiv-overlapVelSplitReduceUnDir,OverlapVelSplitReduceUndir,224,64,28,1.291098,1.271884,1.290947,1.296614,1.298155,1.289740,1.291098,0.010490
miniFluxDiv-overlapVelSplitReduceUnDir,OverlapVelSplitReduceUndir,1792,32,28,2.573886,2.549788,2.394317,2.543497,2.594426,2.531183,2.549788,0.079141
miniFluxDiv-overlapVelSplitReduceUnDir,OverlapVelSplitReduceUndir,14336,16,28,13.116404,17.648278,13.643098,26.657804,26.558684,19.524854,17.648278,6.699600
miniFluxDiv-overlapVelDupReduce,OverlapVelDupeReduce,28,128,1,9.637815,9.636578,9.657278,9.632965,9.658743,9.644676,9.637815,0.012314
miniFluxDiv-overlapVelDupReduce,OverlapVelDupeReduce,224,64,1,8.618373,8.628947,8.611723,8.634027,8.627005,8.624015,8.627005,0.008894
miniFluxDiv-overlapVelDupReduce,OverlapVelDupeReduce,1792,32,1,8.731099,9.203253,8.754472,8.755064,8.756353,8.840048,8.755064,0.203309
miniFluxDiv-overlapVelDupReduce,OverlapVelDupeReduce,14336,16,1,9.970209,9.987665,9.970617,9.984690,9.966368,9.975910,9.970617,0.009576
miniFluxDiv-overlapVelDupReduce,OverlapVelDupeReduce,28,128,2,5.418582,5.433209,5.403171,5.422141,5.425467,5.420514,5.422141,0.011100
miniFluxDiv-overlapVelDupReduce,OverlapVelDupeReduce,224,64,2,5.434505,5.394512,5.463764,5.475212,5.376665,5.428932,5.434505,0.042728
miniFluxDiv-overlapVelDupReduce,OverlapVelDupeReduce,1792,32,2,6.826460,6.819756,6.827444,7.107486,6.822761,6.880781,6.826460,0.126769
miniFluxDiv-overlapVelDupReduce,OverlapVelDupeReduce,14336,16,2,10.123286,10.130994,10.135675,10.113392,10.148261,10.130322,10.130994,0.013106
miniFluxDiv-overlapVelDupReduce,OverlapVelDupeReduce,28,128,4,2.992988,2.993511,2.991776,2.992331,2.993557,2.992833,2.992988,0.000771
miniFluxDiv-overlapVelDupReduce,OverlapVelDupeReduce,224,64,4,3.139944,3.145375,3.127833,3.135416,3.125475,3.134809,3.135416,0.008279
miniFluxDiv-overlapVelDupReduce,OverlapVelDupeReduce,1792,32,4,5.144194,4.809043,5.356529,5.166630,5.254760,5.146231,5.166630,0.206228
miniFluxDiv-overlapVelDupReduce,OverlapVelDupeReduce,14336,16,4,8.620191,11.098036,10.805927,11.146016,8.877041,10.109442,10.805927,1.252355
miniFluxDiv-overlapVelDupReduce,OverlapVelDupeReduce,28,128,7,2.264117,2.263860,2.263766,2.267929,2.264118,2.264758,2.264117,0.001779
miniFluxDiv-overlapVelDupReduce,OverlapVelDupeReduce,224,64,7,2.492244,2.489930,2.460672,2.564679,2.478517,2.497208,2.489930,0.039731
miniFluxDiv-overlapVelDupReduce,OverlapVelDupeReduce,1792,32,7,2.739432,2.741937,2.826855,2.731931,2.782438,2.764519,2.741937,0.040025
miniFluxDiv-overlapVelDupReduce,OverlapVelDupeReduce,14336,16,7,9.929933,12.808883,11.344335,12.730909,11.479004,11.658613,11.479004,1.182403
miniFluxDiv-overlapVelDupReduce,OverlapVelDupeReduce,28,128,8,1.789858,1.789652,1.875476,1.790418,1.791580,1.807397,1.790418,0.038065
miniFluxDiv-overlapVelDupReduce,OverlapVelDupeReduce,224,64,8,2.071510,2.064943,2.070681,2.070190,2.069242,2.069313,2.070190,0.002577
miniFluxDiv-overlapVelDupReduce,OverlapVelDupeReduce,1792,32,8,2.765216,2.782208,2.800918,2.662180,2.789588,2.760022,2.782208,0.056211
miniFluxDiv-overlapVelDupReduce,OverlapVelDupeReduce,14336,16,8,13.253172,13.245963,13.261654,10.634672,11.876198,12.454332,13.245963,1.179194
miniFluxDiv-overlapVelDupReduce,OverlapVelDupeReduce,28,128,14,1.497325,1.497768,1.513848,1.497812,1.499646,1.501280,1.497812,0.007082
miniFluxDiv-overlapVelDupReduce,OverlapVelDupeReduce,224,64,14,1.313633,1.313931,1.311071,1.313346,1.313712,1.313139,1.313633,0.001175
miniFluxDiv-overlapVelDupReduce,OverlapVelDupeReduce,1792,32,14,2.756731,2.760049,2.754062,2.760684,2.722109,2.750727,2.756731,0.016219
miniFluxDiv-overlapVelDupReduce,OverlapVelDupeReduce,14336,16,14,14.864324,8.240169,14.637260,13.564086,12.934478,12.848063,13.564086,2.693482
miniFluxDiv-overlapVelDupReduce,OverlapVelDupeReduce,28,128,16,1.190205,1.241003,1.199695,1.215561,1.253675,1.220028,1.215561,0.026902
miniFluxDiv-overlapVelDupReduce,OverlapVelDupeReduce,224,64,16,1.351526,1.313830,1.326231,1.249245,1.312883,1.310743,1.313830,0.037747
miniFluxDiv-overlapVelDupReduce,OverlapVelDupeReduce,1792,32,16,2.733823,2.755632,2.812182,2.754867,2.641089,2.739519,2.754867,0.062241
miniFluxDiv-overlapVelDupReduce,OverlapVelDupeReduce,14336,16,16,18.254137,16.753728,11.426102,9.550938,13.169798,13.830941,13.169798,3.627883
miniFluxDiv-overlapVelDupReduce,OverlapVelDupeReduce,28,128,21,0.797624,0.771891,0.793407,0.809523,0.791025,0.792694,0.793407,0.013634
miniFluxDiv-overlapVelDupReduce,OverlapVelDupeReduce,224,64,21,1.320709,1.316240,1.314103,1.302940,1.320544,1.314907,1.316240,0.007264
miniFluxDiv-overlapVelDupReduce,OverlapVelDupeReduce,1792,32,21,2.792125,2.828773,2.866917,2.700746,2.744702,2.786653,2.792125,0.065928
miniFluxDiv-overlapVelDupReduce,OverlapVelDupeReduce,14336,16,21,17.595099,13.588547,11.500716,16.181563,12.924481,14.358081,13.588547,2.480690
miniFluxDiv-overlapVelDupReduce,OverlapVelDupeReduce,28,128,24,0.791801,0.818239,0.800900,0.795730,0.818284,0.804991,0.800900,0.012537
miniFluxDiv-overlapVelDupReduce,OverlapVelDupeReduce,224,64,24,1.323023,1.318422,1.325917,1.318524,1.322705,1.321718,1.322705,0.003216
miniFluxDiv-overlapVelDupReduce,OverlapVelDupeReduce,1792,32,24,2.747393,2.545937,2.661955,2.720288,2.691081,2.673331,2.691081,0.078045
miniFluxDiv-overlapVelDupReduce,OverlapVelDupeReduce,14336,16,24,15.754179,19.882667,13.001234,13.986129,21.775102,16.879862,15.754179,3.796868
miniFluxDiv-overlapVelDupReduce,OverlapVelDupeReduce,28,128,28,0.799439,0.801856,0.811525,0.795891,0.799669,0.801676,0.799669,0.005906
miniFluxDiv-overlapVelDupReduce,OverlapVelDupeReduce,224,64,28,1.315150,1.263710,1.309628,1.323278,1.322566,1.306866,1.315150,0.024772
miniFluxDiv-overlapVelDupReduce,OverlapVelDupeReduce,1792,32,28,2.842107,2.868657,2.860032,2.673788,2.901652,2.829247,2.860032,0.089549
miniFluxDiv-overlapVelDupReduce,OverlapVelDupeReduce,14336,16,28,12.664939,12.049526,10.445245,21.931317,10.252654,13.468736,12.049526,4.841493
miniFluxDiv-overlapVelSplitReduce,OverlapVelSplitReduce,28,128,1,12.057119,11.948268,12.039033,12.048038,12.035099,12.025511,12.039033,0.044011
miniFluxDiv-overlapVelSplitReduce,OverlapVelSplitReduce,224,64,1,9.976387,9.972052,9.924124,9.984547,9.984288,9.968280,9.976387,0.025252
miniFluxDiv-overlapVelSplitReduce,OverlapVelSplitReduce,1792,32,1,9.894929,10.033472,9.958982,10.395574,9.894743,10.035540,9.958982,0.209216
miniFluxDiv-overlapVelSplitReduce,OverlapVelSplitReduce,14336,16,1,11.214108,14.682720,11.175869,12.583381,11.221785,12.175573,11.221785,1.523616
miniFluxDiv-overlapVelSplitReduce,OverlapVelSplitReduce,28,128,2,6.790264,6.793627,6.785784,6.790417,6.789379,6.789894,6.790264,0.002806
miniFluxDiv-overlapVelSplitReduce,OverlapVelSplitReduce,224,64,2,6.236974,6.441410,6.435828,6.448681,6.441402,6.400859,6.441402,0.091728
miniFluxDiv-overlapVelSplitReduce,OverlapVelSplitReduce,1792,32,2,7.741556,7.733155,7.736903,7.750944,7.710723,7.734656,7.736903,0.014942
miniFluxDiv-overlapVelSplitReduce,OverlapVelSplitReduce,14336,16,2,11.207505,12.398348,11.311726,11.308186,16.007508,12.446655,11.311726,2.049492
miniFluxDiv-overlapVelSplitReduce,OverlapVelSplitReduce,28,128,4,3.802486,3.790378,3.814978,3.811694,3.798723,3.803652,3.802486,0.009935
miniFluxDiv-overlapVelSplitReduce,OverlapVelSplitReduce,224,64,4,3.847218,3.870905,3.646354,3.846816,3.880476,3.818354,3.847218,0.097273
miniFluxDiv-overlapVelSplitReduce,OverlapVelSplitReduce,1792,32,4,5.943620,5.987711,6.135372,5.975211,5.465773,5.901537,5.975211,0.254555
miniFluxDiv-overlapVelSplitReduce,OverlapVelSplitReduce,14336,16,4,11.967523,11.105943,11.618072,11.434950,10.406245,11.306547,11.434950,0.591864
miniFluxDiv-overlapVelSplitReduce,OverlapVelSplitReduce,28,128,7,2.783437,2.783542,2.787378,2.783066,2.778985,2.783282,2.783437,0.002974
miniFluxDiv-overlapVelSplitReduce,OverlapVelSplitReduce,224,64,7,2.842629,2.837735,2.840607,2.840876,2.840491,2.840468,2.840607,0.001755
miniFluxDiv-overlapVelSplitReduce,OverlapVelSplitReduce,1792,32,7,3.095366,3.082263,3.338481,3.082259,3.340168,3.187707,3.095366,0.138511
miniFluxDiv-overlapVelSplitReduce,OverlapVelSplitReduce,14336,16,7,12.584052,11.588186,11.304617,10.557094,10.611419,11.329074,11.304617,0.829712
miniFluxDiv-overlapVelSplitReduce,OverlapVelSplitReduce,28,128,8,2.359085,2.222665,2.221570,2.220194,2.218091,2.248321,2.221570,0.061942
miniFluxDiv-overlapVelSplitReduce,OverlapVelSplitReduce,224,64,8,2.391974,2.394714,2.392313,2.379757,2.393240,2.390400,2.392313,0.006043
miniFluxDiv-overlapVelSplitReduce,OverlapVelSplitReduce,1792,32,8,3.558676,3.121622,3.010643,3.486373,3.134139,3.262291,3.134139,0.243718
miniFluxDiv-overlapVelSplitReduce,OverlapVelSplitReduce,14336,16,8,10.733240,10.571452,11.791082,10.955403,13.599023,11.530040,10.955403,1.248281
miniFluxDiv-overlapVelSplitReduce,OverlapVelSplitReduce,28,128,14,1.850486,1.851528,1.850425,1.844977,1.848365,1.849156,1.850425,0.002603
miniFluxDiv-overlapVelSplitReduce,OverlapVelSplitReduce,224,64,14,1.523650,1.518646,1.518681,1.518431,1.519048,1.519691,1.518681,0.002224
miniFluxDiv-overlapVelSplitReduce,OverlapVelSplitReduce,1792,32,14,3.079437,3.077323,3.110109,3.096755,3.112530,3.095231,3.096755,0.016531
miniFluxDiv-overlapVelSplitReduce,OverlapVelSplitReduce,14336,16,14,13.745589,10.923744,12.303225,16.516901,13.752101,13.448312,13.745589,2.078555
miniFluxDiv-overlapVelSplitReduce,OverlapVelSplitReduce,28,128,16,1.588558,1.532291,1.556910,1.529381,1.517801,1.544988,1.532291,0.028215
miniFluxDiv-overlapVelSplitReduce,OverlapVelSplitReduce,224,64,16,1.513252,1.501977,1.510780,1.501240,1.506380,1.506726,1.506380,0.005287
miniFluxDiv-overlapVelSplitReduce,OverlapVelSplitReduce,1792,32,16,3.133260,3.632957,3.121499,3.125927,3.130253,3.228779,3.130253,0.225986
miniFluxDiv-overlapVelSplitReduce,OverlapVelSplitReduce,14336,16,16,13.962101,11.951916,11.255861,14.099775,13.701174,12.994165,13.701174,1.300684
miniFluxDiv-overlapVelSplitReduce,OverlapVelSplitReduce,28,128,21,1.008124,0.989322,0.988316,0.995012,0.991177,0.994390,0.991177,0.008092
miniFluxDiv-overlapVelSplitReduce,OverlapVelSplitReduce,224,64,21,1.514501,1.516915,1.515019,1.516887,1.517862,1.516237,1.516887,0.001416
miniFluxDiv-overlapVelSplitReduce,OverlapVelSplitReduce,1792,32,21,3.868482,3.611625,3.043468,3.304305,3.132359,3.392048,3.304305,0.343456
miniFluxDiv-overlapVelSplitReduce,OverlapVelSplitReduce,14336,16,21,16.366067,13.675606,9.941843,14.851883,18.801831,14.727446,14.851883,3.290499
miniFluxDiv-overlapVelSplitReduce,OverlapVelSplitReduce,28,128,24,1.009659,0.997057,0.986301,0.986808,1.007635,0.997492,0.997057,0.011074
miniFluxDiv-overlapVelSplitReduce,OverlapVelSplitReduce,224,64,24,1.521393,1.555126,1.513634,1.540964,1.533604,1.532944,1.533604,0.016303
miniFluxDiv-overlapVelSplitReduce,OverlapVelSplitReduce,1792,32,24,4.049415,3.058730,4.017150,3.150184,3.081846,3.471465,3.150184,0.514095
miniFluxDiv-overlapVelSplitReduce,OverlapVelSplitReduce,14336,16,24,10.401381,10.620966,10.283764,12.643703,12.113295,11.212622,10.620966,1.087445
miniFluxDiv-overlapVelSplitReduce,OverlapVelSplitReduce,28,128,28,1.000192,0.993430,1.035754,0.991436,0.987092,1.001581,0.993430,0.019679
miniFluxDiv-overlapVelSplitReduce,OverlapVelSplitReduce,224,64,28,1.569556,1.510247,1.541645,1.504490,1.529817,1.531151,1.529817,0.026147
miniFluxDiv-overlapVelSplitReduce,OverlapVelSplitReduce,1792,32,28,3.839672,3.158996,3.063778,3.093939,3.864156,3.404108,3.158996,0.410326
miniFluxDiv-overlapVelSplitReduce,OverlapVelSplitReduce,14336,16,28,18.642136,23.686909,14.468536,9.513720,10.791903,15.420641,14.468536,5.829508
