Program,Legend,nBoxes,nCells,nThreads,Time0,Time1,Time2,Time3,Time4,MeanTime,MedianTime,StdevTime
miniFluxDiv-overlapTilingDataOpt,OverlapTilingDataOpt,28,128,1,11.150603,11.111139,11.105113,11.110453,11.142568,11.123975,11.111139,0.020965
miniFluxDiv-overlapTilingDataOpt,OverlapTilingDataOpt,224,64,1,11.198297,11.101008,11.115833,11.172001,11.157814,11.148991,11.157814,0.040125
miniFluxDiv-overlapTilingDataOpt,OverlapTilingDataOpt,1792,32,1,11.096984,12.502307,11.150374,11.124821,11.192229,11.413343,11.150374,0.609757
miniFluxDiv-overlapTilingDataOpt,OverlapTilingDataOpt,14336,16,1,12.765921,12.814517,12.789897,17.182230,12.771832,13.664879,12.789897,1.966350
miniFluxDiv-overlapTilingDataOpt,OverlapTilingDataOpt,28,128,2,6.166314,6.123435,6.216284,6.165689,6.142087,6.162762,6.165689,0.034856
miniFluxDiv-overlapTilingDataOpt,OverlapTilingDataOpt,224,64,2,7.233182,7.167573,7.124926,7.260829,7.197995,7.196901,7.197995,0.053490
miniFluxDiv-overlapTilingDataOpt,OverlapTilingDataOpt,1792,32,2,8.543201,8.509283,8.605090,8.595494,8.593603,8.569334,8.593603,0.041355
miniFluxDiv-overlapTilingDataOpt,OverlapTilingDataOpt,14336,16,2,12.765424,12.777429,15.428731,14.976054,16.656116,14.520751,14.976054,1.711129
miniFluxDiv-overlapTilingDataOpt,OverlapTilingDataOpt,28,128,4,3.436300,3.449299,3.434489,3.457623,3.446124,3.444767,3.446124,0.009552
miniFluxDiv-overlapTilingDataOpt,OverlapTilingDataOpt,224,64,4,4.401891,4.428250,4.401693,4.374207,4.416496,4.404507,4.401891,0.020250
miniFluxDiv-overlapTilingDataOpt,OverlapTilingDataOpt,1792,32,4,6.607705,5.635182,6.569926,6.615175,6.539230,6.393444,6.569926,0.424980
miniFluxDiv-overlapTilingDataOpt,OverlapTilingDataOpt,14336,16,4,12.963385,11.979745,11.085549,9.997598,10.797457,11.364747,11.085549,1.140475
miniFluxDiv-overlapTilingDataOpt,OverlapTilingDataOpt,28,128,7,2.362731,2.362115,2.335904,2.362895,2.353368,2.355403,2.362115,0.011611
miniFluxDiv-overlapTilingDataOpt,OverlapTilingDataOpt,224,64,7,3.139876,3.141018,3.142069,3.136957,3.142867,3.140557,3.141018,0.002305
miniFluxDiv-overlapTilingDataOpt,OverlapTilingDataOpt,1792,32,7,3.896513,3.935581,4.374624,3.905246,3.940607,4.010514,3.935581,0.204423
miniFluxDiv-overlapTilingDataOpt,OverlapTilingDataOpt,14336,16,7,12.104529,12.186066,11.203358,13.601850,12.435148,12.306190,12.186066,0.861206
miniFluxDiv-overlapTilingDataOpt,OverlapTilingDataOpt,28,128,8,2.029605,2.027052,2.224012,2.029759,2.046901,2.071466,2.029759,0.085642
miniFluxDiv-overlapTilingDataOpt,OverlapTilingDataOpt,224,64,8,2.653437,2.662199,2.658389,2.691081,2.774445,2.687910,2.662199,0.050545
miniFluxDiv-overlapTilingDataOpt,OverlapTilingDataOpt,1792,32,8,3.800500,3.537250,3.920976,3.881885,3.927249,3.813572,3.881885,0.162519
miniFluxDiv-overlapTilingDataOpt,OverlapTilingDataOpt,14336,16,8,12.579234,10.782743,7.504050,10.450064,10.116201,10.286458,10.450064,1.823504
miniFluxDiv-overlapTilingDataOpt,OverlapTilingDataOpt,28,128,14,1.558258,1.557603,1.556941,1.556865,1.560235,1.557980,1.557603,0.001381
miniFluxDiv-overlapTilingDataOpt,OverlapTilingDataOpt,224,64,14,1.643075,1.642916,1.645525,1.646451,1.648801,1.645354,1.645525,0.002462
miniFluxDiv-overlapTilingDataOpt,OverlapTilingDataOpt,1792,32,14,4.088879,4.054050,4.043433,4.090310,3.809477,4.017230,4.054050,0.117981
miniFluxDiv-overlapTilingDataOpt,OverlapTilingDataOpt,14336,16,14,11.189366,10.638081,14.189732,13.197797,12.630896,12.369174,12.630896,1.454147
miniFluxDiv-overlapTilingDataOpt,OverlapTilingDataOpt,28,128,16,1.382766,1.340658,1.369013,1.372990,1.466160,1.386317,1.372990,0.047300
miniFluxDiv-overlapTilingDataOpt,OverlapTilingDataOpt,224,64,16,1.643684,1.649319,1.652326,1.648435,1.643162,1.647385,1.648435,0.003898
miniFluxDiv-overlapTilingDataOpt,OverlapTilingDataOpt,1792,32,16,4.049245,3.905559,4.012426,3.665034,4.429703,4.012393,4.012426,0.277298
miniFluxDiv-overlapTilingDataOpt,OverlapTilingDataOpt,14336,16,16,13.885136,15.431079,14.843788,9.869827,13.079608,13.421888,13.885136,2.179882
miniFluxDiv-overlapTilingDataOpt,OverlapTilingDataOpt,28,128,21,0.818430,0.828634,0.823281,0.827273,0.828570,0.825238,0.827273,0.004386
miniFluxDiv-overlapTilingDataOpt,OverlapTilingDataOpt,224,64,21,1.652647,1.652298,1.655753,1.652349,1.654061,1.653422,1.652647,0.001488
miniFluxDiv-overlapTilingDataOpt,OverlapTilingDataOpt,1792,32,21,3.635356,4.354183,4.075590,3.622400,4.015320,3.940570,4.015320,0.311962
miniFluxDiv-overlapTilingDataOpt,OverlapTilingDataOpt,14336,16,21,10.954711,15.544381,22.291396,17.804536,17.588975,16.836800,17.588975,4.108656
miniFluxDiv-overlapTilingDataOpt,OverlapTilingDataOpt,28,128,24,0.854091,0.840600,0.822172,0.820590,0.828435,0.833178,0.828435,0.014094
miniFluxDiv-overlapTilingDataOpt,OverlapTilingDataOpt,224,64,24,1.650130,1.643554,1.647102,1.651761,1.671793,1.652868,1.650130,0.011033
miniFluxDiv-overlapTilingDataOpt,OverlapTilingDataOpt,1792,32,24,4.359431,4.442487,4.392322,3.694990,4.018596,4.181565,4.359431,0.319159
miniFluxDiv-overlapTilingDataOpt,OverlapTilingDataOpt,14336,16,24,13.243821,15.846693,11.922074,11.135739,17.391861,13.908038,13.243821,2.644158
miniFluxDiv-overlapTilingDataOpt,OverlapTilingDataOpt,28,128,28,0.826891,0.872904,0.828060,0.832560,0.830675,0.838218,0.830675,0.019516
miniFluxDiv-overlapTilingDataOpt,OverlapTilingDataOpt,224,64,28,1.631698,1.658056,1.659889,1.653818,1.650419,1.650776,1.653818,0.011285
miniFluxDiv-overlapTilingDataOpt,OverlapTilingDataOpt,1792,32,28,4.632935,4.446000,4.468734,3.882869,4.144781,4.315064,4.446000,0.298994
miniFluxDiv-overlapTilingDataOpt,OverlapTilingDataOpt,14336,16,28,30.738519,10.942868,12.277604,7.231019,18.717740,15.981550,12.277604,9.232202
