Program,Legend,nBoxes,nCells,nThreads,Time
miniFluxdiv-explain-lc-pragma,Baseline,16384,16,1,3.121704
miniFluxdiv-explain-lc-pragma,Baseline,2048,32,1,3.43061
miniFluxdiv-explain-lc-pragma,Baseline,256,64,1,3.394192
miniFluxdiv-explain-lc-pragma,Baseline,32,128,1,4.183002
miniFluxdiv-explain-lc-pragma,Baseline,16384,16,2,1.819116
miniFluxdiv-explain-lc-pragma,Baseline,2048,32,2,1.909929
miniFluxdiv-explain-lc-pragma,Baseline,256,64,2,1.864182
miniFluxdiv-explain-lc-pragma,Baseline,32,128,2,2.185164
miniFluxdiv-explain-lc-pragma,Baseline,16384,16,4,0.83694
miniFluxdiv-explain-lc-pragma,Baseline,2048,32,4,0.874221
miniFluxdiv-explain-lc-pragma,Baseline,256,64,4,0.891412
miniFluxdiv-explain-lc-pragma,Baseline,32,128,4,1.100089
miniFluxdiv-explain-lc-pragma,Baseline,16384,16,7,0.502093
miniFluxdiv-explain-lc-pragma,Baseline,2048,32,7,0.536018
miniFluxdiv-explain-lc-pragma,Baseline,256,64,7,0.684099
miniFluxdiv-explain-lc-pragma,Baseline,32,128,7,0.778707
miniFluxdiv-explain-lc-pragma,Baseline,16384,16,8,0.458413
miniFluxdiv-explain-lc-pragma,Baseline,2048,32,8,0.473482
miniFluxdiv-explain-lc-pragma,Baseline,256,64,8,0.607459
miniFluxdiv-explain-lc-pragma,Baseline,32,128,8,0.66042
miniFluxdiv-explain-lc-pragma,Baseline,16384,16,14,0.278263
miniFluxdiv-explain-lc-pragma,Baseline,2048,32,14,0.282279
miniFluxdiv-explain-lc-pragma,Baseline,256,64,14,0.523607
miniFluxdiv-explain-lc-pragma,Baseline,32,128,14,0.618433
miniFluxdiv-explain-lc-pragma,Baseline,16384,16,16,0.2537
miniFluxdiv-explain-lc-pragma,Baseline,2048,32,16,0.247334
miniFluxdiv-explain-lc-pragma,Baseline,256,64,16,0.49044
miniFluxdiv-explain-lc-pragma,Baseline,32,128,16,0.531375
miniFluxdiv-explain-lc-pragma,Baseline,16384,16,21,0.246011
miniFluxdiv-explain-lc-pragma,Baseline,2048,32,21,0.191388
miniFluxdiv-explain-lc-pragma,Baseline,256,64,21,0.540034
miniFluxdiv-explain-lc-pragma,Baseline,32,128,21,0.555031
miniFluxdiv-explain-lc-pragma,Baseline,16384,16,24,0.189914
miniFluxdiv-explain-lc-pragma,Baseline,2048,32,24,0.170175
miniFluxdiv-explain-lc-pragma,Baseline,256,64,24,0.507411
miniFluxdiv-explain-lc-pragma,Baseline,32,128,24,0.585131
miniFluxdiv-explain-lc-pragma,Baseline,16384,16,28,0.279609
miniFluxdiv-explain-lc-pragma,Baseline,2048,32,28,0.154105
miniFluxdiv-explain-lc-pragma,Baseline,256,64,28,0.493131
miniFluxdiv-explain-lc-pragma,Baseline,32,128,28,0.612968
miniFluxdiv-fuseTripleCache-gen,FuseTriple,16384,16,1,3.936538
miniFluxdiv-fuseTripleCache-gen,FuseTriple,2048,32,1,5.010131
miniFluxdiv-fuseTripleCache-gen,FuseTriple,256,64,1,5.514008
miniFluxdiv-fuseTripleCache-gen,FuseTriple,32,128,1,7.366628
miniFluxdiv-fuseTripleCache-gen,FuseTriple,16384,16,2,2.150401
miniFluxdiv-fuseTripleCache-gen,FuseTriple,2048,32,2,2.772558
miniFluxdiv-fuseTripleCache-gen,FuseTriple,256,64,2,3.082495
miniFluxdiv-fuseTripleCache-gen,FuseTriple,32,128,2,3.757236
miniFluxdiv-fuseTripleCache-gen,FuseTriple,16384,16,4,0.970825
miniFluxdiv-fuseTripleCache-gen,FuseTriple,2048,32,4,1.260153
miniFluxdiv-fuseTripleCache-gen,FuseTriple,256,64,4,1.642659
miniFluxdiv-fuseTripleCache-gen,FuseTriple,32,128,4,1.897665
miniFluxdiv-fuseTripleCache-gen,FuseTriple,16384,16,7,0.603042
miniFluxdiv-fuseTripleCache-gen,FuseTriple,2048,32,7,0.771132
miniFluxdiv-fuseTripleCache-gen,FuseTriple,256,64,7,0.985516
miniFluxdiv-fuseTripleCache-gen,FuseTriple,32,128,7,1.228588
miniFluxdiv-fuseTripleCache-gen,FuseTriple,16384,16,8,0.559666
miniFluxdiv-fuseTripleCache-gen,FuseTriple,2048,32,8,0.676193
miniFluxdiv-fuseTripleCache-gen,FuseTriple,256,64,8,0.882024
miniFluxdiv-fuseTripleCache-gen,FuseTriple,32,128,8,1.02501
miniFluxdiv-fuseTripleCache-gen,FuseTriple,16384,16,14,0.360414
miniFluxdiv-fuseTripleCache-gen,FuseTriple,2048,32,14,0.408748
miniFluxdiv-fuseTripleCache-gen,FuseTriple,256,64,14,0.546445
miniFluxdiv-fuseTripleCache-gen,FuseTriple,32,128,14,0.8023
miniFluxdiv-fuseTripleCache-gen,FuseTriple,16384,16,16,0.303497
miniFluxdiv-fuseTripleCache-gen,FuseTriple,2048,32,16,0.360113
miniFluxdiv-fuseTripleCache-gen,FuseTriple,256,64,16,0.480419
miniFluxdiv-fuseTripleCache-gen,FuseTriple,32,128,16,0.587098
miniFluxdiv-fuseTripleCache-gen,FuseTriple,16384,16,21,0.214996
miniFluxdiv-fuseTripleCache-gen,FuseTriple,2048,32,21,0.292823
miniFluxdiv-fuseTripleCache-gen,FuseTriple,256,64,21,0.38692
miniFluxdiv-fuseTripleCache-gen,FuseTriple,32,128,21,0.595229
miniFluxdiv-fuseTripleCache-gen,FuseTriple,16384,16,24,0.189096
miniFluxdiv-fuseTripleCache-gen,FuseTriple,2048,32,24,0.280859
miniFluxdiv-fuseTripleCache-gen,FuseTriple,256,64,24,0.339276
miniFluxdiv-fuseTripleCache-gen,FuseTriple,32,128,24,0.622954
miniFluxdiv-fuseTripleCache-gen,FuseTriple,16384,16,28,0.19733
miniFluxdiv-fuseTripleCache-gen,FuseTriple,2048,32,28,0.257055
miniFluxdiv-fuseTripleCache-gen,FuseTriple,256,64,28,0.310039
miniFluxdiv-fuseTripleCache-gen,FuseTriple,32,128,28,0.642289
miniFluxdiv-misFuseTripleCache-gen,MisFuseTriple,16384,16,1,4.805138
miniFluxdiv-misFuseTripleCache-gen,MisFuseTriple,2048,32,1,5.864175
miniFluxdiv-misFuseTripleCache-gen,MisFuseTriple,256,64,1,6.409956
miniFluxdiv-misFuseTripleCache-gen,MisFuseTriple,32,128,1,8.172719
miniFluxdiv-misFuseTripleCache-gen,MisFuseTriple,16384,16,2,2.834838
miniFluxdiv-misFuseTripleCache-gen,MisFuseTriple,2048,32,2,3.283855
miniFluxdiv-misFuseTripleCache-gen,MisFuseTriple,256,64,2,3.505605
miniFluxdiv-misFuseTripleCache-gen,MisFuseTriple,32,128,2,4.240589
miniFluxdiv-misFuseTripleCache-gen,MisFuseTriple,16384,16,4,1.263498
miniFluxdiv-misFuseTripleCache-gen,MisFuseTriple,2048,32,4,1.570038
miniFluxdiv-misFuseTripleCache-gen,MisFuseTriple,256,64,4,1.858139
miniFluxdiv-misFuseTripleCache-gen,MisFuseTriple,32,128,4,2.09399
miniFluxdiv-misFuseTripleCache-gen,MisFuseTriple,16384,16,7,0.744839
miniFluxdiv-misFuseTripleCache-gen,MisFuseTriple,2048,32,7,0.899265
miniFluxdiv-misFuseTripleCache-gen,MisFuseTriple,256,64,7,1.122887
miniFluxdiv-misFuseTripleCache-gen,MisFuseTriple,32,128,7,1.373379
miniFluxdiv-misFuseTripleCache-gen,MisFuseTriple,16384,16,8,0.682939
miniFluxdiv-misFuseTripleCache-gen,MisFuseTriple,2048,32,8,0.78983
miniFluxdiv-misFuseTripleCache-gen,MisFuseTriple,256,64,8,1.01084
miniFluxdiv-misFuseTripleCache-gen,MisFuseTriple,32,128,8,1.135298
miniFluxdiv-misFuseTripleCache-gen,MisFuseTriple,16384,16,14,0.392897
miniFluxdiv-misFuseTripleCache-gen,MisFuseTriple,2048,32,14,0.4735
miniFluxdiv-misFuseTripleCache-gen,MisFuseTriple,256,64,14,0.619452
miniFluxdiv-misFuseTripleCache-gen,MisFuseTriple,32,128,14,0.898887
miniFluxdiv-misFuseTripleCache-gen,MisFuseTriple,16384,16,16,0.356879
miniFluxdiv-misFuseTripleCache-gen,MisFuseTriple,2048,32,16,0.417529
miniFluxdiv-misFuseTripleCache-gen,MisFuseTriple,256,64,16,0.529303
miniFluxdiv-misFuseTripleCache-gen,MisFuseTriple,32,128,16,0.653755
miniFluxdiv-misFuseTripleCache-gen,MisFuseTriple,16384,16,21,0.264992
miniFluxdiv-misFuseTripleCache-gen,MisFuseTriple,2048,32,21,0.329062
miniFluxdiv-misFuseTripleCache-gen,MisFuseTriple,256,64,21,0.430484
miniFluxdiv-misFuseTripleCache-gen,MisFuseTriple,32,128,21,0.671439
miniFluxdiv-misFuseTripleCache-gen,MisFuseTriple,16384,16,24,0.231586
miniFluxdiv-misFuseTripleCache-gen,MisFuseTriple,2048,32,24,0.298407
miniFluxdiv-misFuseTripleCache-gen,MisFuseTriple,256,64,24,0.381038
miniFluxdiv-misFuseTripleCache-gen,MisFuseTriple,32,128,24,0.678153
miniFluxdiv-misFuseTripleCache-gen,MisFuseTriple,16384,16,28,0.235871
miniFluxdiv-misFuseTripleCache-gen,MisFuseTriple,2048,32,28,0.261539
miniFluxdiv-misFuseTripleCache-gen,MisFuseTriple,256,64,28,0.342995
miniFluxdiv-misFuseTripleCache-gen,MisFuseTriple,32,128,28,0.713085
