Program,Legend,nBoxes,nCells,nThreads,Time0,Time1,Time2,Time3,Time4,MeanTime,MedianTime,StdevTime
miniFluxdiv-explainTripleCache-lc,Baseline,28,128,1,4.184554,5.225282,4.176317,5.185208,4.170633,4.588399,4.184554,0.563301
miniFluxdiv-explainTripleCache-lc,Baseline,224,64,1,3.709698,4.465034,3.697021,4.445883,3.690347,4.001597,3.709698,0.414431
miniFluxdiv-explainTripleCache-lc,Baseline,1792,32,1,3.320884,3.324918,3.728866,3.312696,3.73307,3.484087,3.324918,0.225419
miniFluxdiv-explainTripleCache-lc,Baseline,14336,16,1,3.971513,5.262524,3.978024,3.979912,3.974786,4.233352,3.978024,0.575334
miniFluxdiv-explainTripleCache-lc,Baseline,28,128,2,2.172092,2.666451,2.160011,2.689011,2.681834,2.47388,2.666451,0.281158
miniFluxdiv-explainTripleCache-lc,Baseline,224,64,2,1.988571,2.264463,2.001317,2.274947,1.991412,2.104142,2.001317,0.151257
miniFluxdiv-explainTripleCache-lc,Baseline,1792,32,2,1.7248,1.931594,1.634402,1.638341,1.932898,1.772407,1.7248,0.150319
miniFluxdiv-explainTripleCache-lc,Baseline,14336,16,2,2.012721,2.744707,2.014508,2.751367,2.039561,2.312573,2.039561,0.397671
miniFluxdiv-explainTripleCache-lc,Baseline,28,128,4,1.543154,1.615543,1.323957,1.613067,1.540627,1.52727,1.543154,0.11929
miniFluxdiv-explainTripleCache-lc,Baseline,224,64,4,1.355556,1.245647,1.358656,1.246119,1.256818,1.292559,1.256818,0.059102
miniFluxdiv-explainTripleCache-lc,Baseline,1792,32,4,0.930028,0.992985,0.927547,1.001488,0.930446,0.956499,0.930446,0.037326
miniFluxdiv-explainTripleCache-lc,Baseline,14336,16,4,1.139676,1.105647,1.467517,1.099144,1.480839,1.258565,1.139676,0.197484
miniFluxdiv-explainTripleCache-lc,Baseline,28,128,7,1.396704,1.392352,1.402753,1.396384,1.394699,1.396578,1.396384,0.003859
miniFluxdiv-explainTripleCache-lc,Baseline,224,64,7,1.241173,1.329628,1.252872,1.253871,1.280791,1.271667,1.253871,0.035505
miniFluxdiv-explainTripleCache-lc,Baseline,1792,32,7,0.56089,0.586117,0.579965,0.599707,0.554999,0.576336,0.579965,0.018364
miniFluxdiv-explainTripleCache-lc,Baseline,14336,16,7,0.818382,0.750432,0.856732,0.762975,0.850397,0.807784,0.818382,0.049044
miniFluxdiv-explainTripleCache-lc,Baseline,28,128,8,1.517925,1.509668,1.55337,1.637617,1.584583,1.560633,1.55337,0.052379
miniFluxdiv-explainTripleCache-lc,Baseline,224,64,8,1.314468,1.320293,1.366448,1.352492,1.2496,1.32066,1.320293,0.045271
miniFluxdiv-explainTripleCache-lc,Baseline,1792,32,8,0.52897,0.608071,0.609977,0.52072,0.55023,0.563594,0.55023,0.042852
miniFluxdiv-explainTripleCache-lc,Baseline,14336,16,8,0.726822,0.727505,0.716425,0.872331,0.706687,0.749954,0.726822,0.068941
miniFluxdiv-explainTripleCache-lc,Baseline,28,128,14,1.589853,1.513877,1.573002,1.504994,1.589357,1.554217,1.573002,0.041557
miniFluxdiv-explainTripleCache-lc,Baseline,224,64,14,1.309819,1.344221,1.368181,1.304931,1.402508,1.345932,1.344221,0.040878
miniFluxdiv-explainTripleCache-lc,Baseline,1792,32,14,0.822733,0.746565,0.792152,0.795042,0.793406,0.78998,0.793406,0.027385
miniFluxdiv-explainTripleCache-lc,Baseline,14336,16,14,0.451258,0.470729,0.439795,0.448362,0.455715,0.453172,0.451258,0.011407
miniFluxdiv-explainTripleCache-lc,Baseline,28,128,16,1.477797,1.530233,1.506711,1.25717,1.543107,1.463004,1.506711,0.117721
miniFluxdiv-explainTripleCache-lc,Baseline,224,64,16,1.030824,1.303114,1.368344,1.342579,1.257355,1.260443,1.303114,0.135041
miniFluxdiv-explainTripleCache-lc,Baseline,1792,32,16,0.886592,0.668256,0.934991,0.951095,0.862867,0.86076,0.886592,0.113358
miniFluxdiv-explainTripleCache-lc,Baseline,14336,16,16,0.414022,0.403108,0.399385,0.394427,0.403877,0.402964,0.403108,0.007225
miniFluxdiv-explainTripleCache-lc,Baseline,28,128,21,1.656811,1.633199,1.617205,1.634926,1.625746,1.633577,1.633199,0.014758
miniFluxdiv-explainTripleCache-lc,Baseline,224,64,21,1.337388,1.401578,1.301422,1.369066,1.259122,1.333715,1.337388,0.055847
miniFluxdiv-explainTripleCache-lc,Baseline,1792,32,21,0.969814,0.959214,0.934031,0.993222,0.918877,0.955032,0.959214,0.029337
miniFluxdiv-explainTripleCache-lc,Baseline,14336,16,21,0.46871,0.442384,0.345183,0.392727,0.578551,0.445511,0.442384,0.088175
miniFluxdiv-explainTripleCache-lc,Baseline,28,128,24,1.617303,1.663008,1.726629,1.679914,1.756085,1.688588,1.679914,0.054346
miniFluxdiv-explainTripleCache-lc,Baseline,224,64,24,1.280576,1.338276,1.293097,1.271434,1.436773,1.324031,1.293097,0.068054
miniFluxdiv-explainTripleCache-lc,Baseline,1792,32,24,1.071375,1.015465,0.95209,1.053428,0.953155,1.009103,1.015465,0.055371
miniFluxdiv-explainTripleCache-lc,Baseline,14336,16,24,0.416596,0.395697,0.348427,0.362992,0.368187,0.37838,0.368187,0.027378
miniFluxdiv-explainTripleCache-lc,Baseline,28,128,28,1.826806,1.808816,1.823485,1.821897,1.774983,1.811197,1.821897,0.021367
miniFluxdiv-explainTripleCache-lc,Baseline,224,64,28,1.643221,1.654657,1.6098,1.669289,1.617984,1.63899,1.643221,0.024873
miniFluxdiv-explainTripleCache-lc,Baseline,1792,32,28,1.039844,1.080987,1.166976,1.164253,1.031073,1.096627,1.080987,0.065743
miniFluxdiv-explainTripleCache-lc,Baseline,14336,16,28,0.403412,0.42226,0.391621,0.43369,0.408537,0.411904,0.408537,0.016407
miniFluxdiv-explain-baseline,Storage Optimized,28,128,1,4.361746,4.740256,4.722664,4.298667,4.152876,4.455242,4.361746,0.263358
miniFluxdiv-explain-baseline,Storage Optimized,224,64,1,3.289902,4.389703,4.036208,4.162114,3.441979,3.863981,4.036208,0.475021
miniFluxdiv-explain-baseline,Storage Optimized,1792,32,1,3.323048,3.454184,3.77128,4.599443,4.314151,3.892421,3.77128,0.549693
miniFluxdiv-explain-baseline,Storage Optimized,14336,16,1,5.182127,6.651678,5.877787,5.935222,7.156833,6.160729,5.935222,0.761877
miniFluxdiv-explain-baseline,Storage Optimized,28,128,2,2.392775,2.468561,2.404838,2.503807,2.363616,2.426719,2.404838,0.057676
miniFluxdiv-explain-baseline,Storage Optimized,224,64,2,2.151665,2.294374,2.11589,1.968426,2.103719,2.126815,2.11589,0.116655
miniFluxdiv-explain-baseline,Storage Optimized,1792,32,2,2.374786,2.088625,2.427612,2.390057,2.019469,2.26011,2.374786,0.190663
miniFluxdiv-explain-baseline,Storage Optimized,14336,16,2,4.286388,4.116393,3.636941,3.130137,3.32958,3.699888,3.636941,0.495773
miniFluxdiv-explain-baseline,Storage Optimized,28,128,4,1.357494,1.262343,1.263706,1.226196,1.316566,1.285261,1.263706,0.051663
miniFluxdiv-explain-baseline,Storage Optimized,224,64,4,1.231246,1.17744,1.239018,1.269351,1.163488,1.216109,1.231246,0.044308
miniFluxdiv-explain-baseline,Storage Optimized,1792,32,4,1.19374,1.188661,1.186935,0.95777,1.187443,1.14291,1.187443,0.103531
miniFluxdiv-explain-baseline,Storage Optimized,14336,16,4,1.54445,2.383529,2.712044,2.064305,3.244536,2.389773,2.383529,0.643237
miniFluxdiv-explain-baseline,Storage Optimized,28,128,7,1.00175,0.800728,0.854676,0.94215,0.957375,0.911336,0.94215,0.081683
miniFluxdiv-explain-baseline,Storage Optimized,224,64,7,0.824098,0.887128,0.943071,0.858062,0.895303,0.881532,0.887128,0.044321
miniFluxdiv-explain-baseline,Storage Optimized,1792,32,7,0.741509,0.744872,0.737715,0.561128,0.681222,0.693289,0.737715,0.078377
miniFluxdiv-explain-baseline,Storage Optimized,14336,16,7,1.547504,0.674231,1.751601,1.466828,0.679955,1.224024,1.466828,0.509954
miniFluxdiv-explain-baseline,Storage Optimized,28,128,8,0.931683,0.923053,1.046177,0.876813,0.942283,0.944002,0.931683,0.062345
miniFluxdiv-explain-baseline,Storage Optimized,224,64,8,0.877773,0.972742,0.923769,0.762339,0.747117,0.856748,0.877773,0.099147
miniFluxdiv-explain-baseline,Storage Optimized,1792,32,8,0.522572,0.485537,0.488157,0.584625,0.677014,0.551581,0.522572,0.080702
miniFluxdiv-explain-baseline,Storage Optimized,14336,16,8,2.026768,1.980004,1.610922,0.922172,1.01068,1.510109,1.610922,0.522733
miniFluxdiv-explain-baseline,Storage Optimized,28,128,14,0.939523,0.897001,0.951931,0.965296,0.946033,0.939957,0.946033,0.025825
miniFluxdiv-explain-baseline,Storage Optimized,224,64,14,0.848167,0.82181,0.764082,0.807334,0.817904,0.811859,0.817904,0.030647
miniFluxdiv-explain-baseline,Storage Optimized,1792,32,14,0.455681,0.317222,0.381363,0.443751,0.360346,0.391673,0.381363,0.057965
miniFluxdiv-explain-baseline,Storage Optimized,14336,16,14,1.120534,1.131937,0.936053,1.287163,0.885403,1.072218,1.120534,0.162437
miniFluxdiv-explain-baseline,Storage Optimized,28,128,16,0.961703,0.949185,0.967021,0.936746,0.80266,0.923463,0.949185,0.06854
miniFluxdiv-explain-baseline,Storage Optimized,224,64,16,0.730273,0.929928,0.751177,0.908744,0.897812,0.843587,0.897812,0.094895
miniFluxdiv-explain-baseline,Storage Optimized,1792,32,16,0.54314,0.382505,0.390594,0.525258,0.450113,0.458322,0.450113,0.074292
miniFluxdiv-explain-baseline,Storage Optimized,14336,16,16,1.20178,1.046217,1.083756,1.514509,1.087413,1.186735,1.087413,0.192274
miniFluxdiv-explain-baseline,Storage Optimized,28,128,21,1.027515,1.073098,0.946032,1.068179,0.859244,0.994814,1.027515,0.091295
miniFluxdiv-explain-baseline,Storage Optimized,224,64,21,0.93585,0.760799,0.715442,0.686922,0.726437,0.76509,0.726437,0.099054
miniFluxdiv-explain-baseline,Storage Optimized,1792,32,21,0.414463,0.562367,0.588794,0.496817,0.445081,0.501504,0.496817,0.07434
miniFluxdiv-explain-baseline,Storage Optimized,14336,16,21,1.091864,0.941263,0.89197,1.078929,0.988285,0.998462,0.988285,0.086479
miniFluxdiv-explain-baseline,Storage Optimized,28,128,24,0.945811,0.919588,0.968375,0.821152,1.127834,0.956552,0.945811,0.111009
miniFluxdiv-explain-baseline,Storage Optimized,224,64,24,0.779374,0.692193,0.763668,0.832692,0.882157,0.790017,0.779374,0.071917
miniFluxdiv-explain-baseline,Storage Optimized,1792,32,24,0.413999,0.54329,0.543679,0.706551,0.400111,0.521526,0.54329,0.123998
miniFluxdiv-explain-baseline,Storage Optimized,14336,16,24,1.127334,0.803388,0.854477,0.697524,0.753088,0.847162,0.803388,0.167113
miniFluxdiv-explain-baseline,Storage Optimized,28,128,28,0.976835,0.975944,0.791948,0.953145,0.920434,0.923661,0.953145,0.077118
miniFluxdiv-explain-baseline,Storage Optimized,224,64,28,0.817775,0.727142,0.923961,0.821851,0.814512,0.821048,0.817775,0.069756
miniFluxdiv-explain-baseline,Storage Optimized,1792,32,28,0.586653,0.423351,0.6465,0.671505,0.625876,0.590777,0.625876,0.098619
miniFluxdiv-explain-baseline,Storage Optimized,14336,16,28,0.783646,0.882654,0.637594,0.539395,0.946315,0.757921,0.783646,0.168778
miniFluxdiv-explainTripleCache-lc-post-fuse,Shift and Fuse,28,128,1,8.367529,8.300763,8.281342,8.272365,8.286742,8.301748,8.286742,0.038187
miniFluxdiv-explainTripleCache-lc-post-fuse,Shift and Fuse,224,64,1,7.23275,7.220203,7.222043,7.219204,7.196154,7.218071,7.220203,0.013392
miniFluxdiv-explainTripleCache-lc-post-fuse,Shift and Fuse,1792,32,1,4.981218,4.99464,4.965124,4.982129,5.001378,4.984898,4.982129,0.013953
miniFluxdiv-explainTripleCache-lc-post-fuse,Shift and Fuse,14336,16,1,5.053465,5.071285,5.280978,5.065926,5.06919,5.108169,5.06919,0.09685
miniFluxdiv-explainTripleCache-lc-post-fuse,Shift and Fuse,28,128,2,4.587326,4.589368,4.5864,4.566734,4.580413,4.582048,4.5864,0.009187
miniFluxdiv-explainTripleCache-lc-post-fuse,Shift and Fuse,224,64,2,3.897191,3.89686,3.903545,3.905006,3.912846,3.90309,3.903545,0.00657
miniFluxdiv-explainTripleCache-lc-post-fuse,Shift and Fuse,1792,32,2,2.838498,2.84255,2.851348,2.839522,2.837077,2.841799,2.839522,0.005704
miniFluxdiv-explainTripleCache-lc-post-fuse,Shift and Fuse,14336,16,2,2.524013,2.547508,2.529048,2.527322,2.537897,2.533158,2.529048,0.009526
miniFluxdiv-explainTripleCache-lc-post-fuse,Shift and Fuse,28,128,4,2.290039,2.302384,2.298013,2.267466,2.295428,2.290666,2.295428,0.013717
miniFluxdiv-explainTripleCache-lc-post-fuse,Shift and Fuse,224,64,4,2.052601,2.063663,2.001945,2.135528,2.011636,2.053075,2.052601,0.053015
miniFluxdiv-explainTripleCache-lc-post-fuse,Shift and Fuse,1792,32,4,1.430139,1.429926,1.433631,1.432784,1.433195,1.431935,1.432784,0.001764
miniFluxdiv-explainTripleCache-lc-post-fuse,Shift and Fuse,14336,16,4,3.198275,3.206794,3.228205,3.204691,3.218321,3.211257,3.206794,0.011924
miniFluxdiv-explainTripleCache-lc-post-fuse,Shift and Fuse,28,128,7,1.36892,1.365525,1.365582,1.360398,1.414789,1.375043,1.365582,0.022427
miniFluxdiv-explainTripleCache-lc-post-fuse,Shift and Fuse,224,64,7,1.214347,1.244855,1.207811,1.229856,1.206686,1.220711,1.214347,0.016357
miniFluxdiv-explainTripleCache-lc-post-fuse,Shift and Fuse,1792,32,7,0.864822,0.865836,0.862451,0.870027,0.860194,0.864666,0.864822,0.003709
miniFluxdiv-explainTripleCache-lc-post-fuse,Shift and Fuse,14336,16,7,1.972104,2.004087,1.981505,1.966656,1.976568,1.980184,1.976568,0.014444
miniFluxdiv-explainTripleCache-lc-post-fuse,Shift and Fuse,28,128,8,1.424197,1.425884,1.388118,1.412121,1.44186,1.418436,1.424197,0.019978
miniFluxdiv-explainTripleCache-lc-post-fuse,Shift and Fuse,224,64,8,1.072599,1.089952,1.083432,1.0769,1.124455,1.089468,1.083432,0.020635
miniFluxdiv-explainTripleCache-lc-post-fuse,Shift and Fuse,1792,32,8,0.799482,0.808232,0.800813,0.808617,0.795559,0.802541,0.800813,0.00571
miniFluxdiv-explainTripleCache-lc-post-fuse,Shift and Fuse,14336,16,8,1.902313,1.861519,1.879007,1.767213,1.883732,1.858757,1.879007,0.053195
miniFluxdiv-explainTripleCache-lc-post-fuse,Shift and Fuse,28,128,14,0.881633,0.876306,0.882186,0.86738,0.868718,0.875245,0.876306,0.006974
miniFluxdiv-explainTripleCache-lc-post-fuse,Shift and Fuse,224,64,14,0.669878,0.655981,0.67043,0.659958,0.655282,0.662306,0.659958,0.007386
miniFluxdiv-explainTripleCache-lc-post-fuse,Shift and Fuse,1792,32,14,0.635023,0.645021,0.64553,0.627869,0.649255,0.64054,0.645021,0.008831
miniFluxdiv-explainTripleCache-lc-post-fuse,Shift and Fuse,14336,16,14,1.48115,1.431653,1.424984,1.472057,1.449254,1.45182,1.449254,0.024511
miniFluxdiv-explainTripleCache-lc-post-fuse,Shift and Fuse,28,128,16,0.857272,0.868952,0.854057,0.864592,0.880073,0.864989,0.864592,0.010277
miniFluxdiv-explainTripleCache-lc-post-fuse,Shift and Fuse,224,64,16,0.590292,0.575144,0.594565,0.586275,0.598449,0.588945,0.590292,0.008963
miniFluxdiv-explainTripleCache-lc-post-fuse,Shift and Fuse,1792,32,16,0.59186,0.598475,0.599758,0.519054,0.607706,0.583371,0.598475,0.036392
miniFluxdiv-explainTripleCache-lc-post-fuse,Shift and Fuse,14336,16,16,1.207156,1.193635,1.248575,1.282131,0.381008,1.062501,1.207156,0.382562
miniFluxdiv-explainTripleCache-lc-post-fuse,Shift and Fuse,28,128,21,0.896594,0.880765,0.859498,0.876165,0.874605,0.877525,0.876165,0.013318
miniFluxdiv-explainTripleCache-lc-post-fuse,Shift and Fuse,224,64,21,0.501908,0.485133,0.508242,0.489109,0.484653,0.493809,0.489109,0.010667
miniFluxdiv-explainTripleCache-lc-post-fuse,Shift and Fuse,1792,32,21,0.429227,0.44757,0.429623,0.427501,0.417358,0.430256,0.429227,0.010899
miniFluxdiv-explainTripleCache-lc-post-fuse,Shift and Fuse,14336,16,21,0.996451,0.75417,0.987026,0.739015,1.005965,0.896525,0.987026,0.137138
miniFluxdiv-explainTripleCache-lc-post-fuse,Shift and Fuse,28,128,24,0.858863,0.865454,0.858991,0.849085,0.894144,0.865307,0.858991,0.017148
miniFluxdiv-explainTripleCache-lc-post-fuse,Shift and Fuse,224,64,24,0.456311,0.455771,0.450312,0.47736,0.453463,0.458643,0.455771,0.010727
miniFluxdiv-explainTripleCache-lc-post-fuse,Shift and Fuse,1792,32,24,0.398791,0.44042,0.39739,0.601484,0.392563,0.44613,0.398791,0.088957
miniFluxdiv-explainTripleCache-lc-post-fuse,Shift and Fuse,14336,16,24,0.88778,0.856015,0.830399,0.892209,0.890574,0.871395,0.88778,0.027326
miniFluxdiv-explainTripleCache-lc-post-fuse,Shift and Fuse,28,128,28,0.732032,0.753177,0.760702,0.756699,0.746589,0.74984,0.753177,0.011223
miniFluxdiv-explainTripleCache-lc-post-fuse,Shift and Fuse,224,64,28,0.574404,0.544809,0.557207,0.533303,0.562487,0.554442,0.557207,0.015894
miniFluxdiv-explainTripleCache-lc-post-fuse,Shift and Fuse,1792,32,28,0.488858,0.456543,0.452019,0.486736,0.451937,0.467219,0.456543,0.018893
miniFluxdiv-explainTripleCache-lc-post-fuse,Shift and Fuse,14336,16,28,0.796236,0.814546,0.801552,0.800563,0.788306,0.800241,0.800563,0.009552
miniFluxdiv-explainTripleCache-lc-post-fuse-tile888,Tiled 8x8x8,28,128,1,9.680934,9.618098,9.690952,9.683611,9.626242,9.659967,9.680934,0.034818
miniFluxdiv-explainTripleCache-lc-post-fuse-tile888,Tiled 8x8x8,224,64,1,8.516306,8.524592,8.576783,8.494904,8.50762,8.524041,8.516306,0.031466
miniFluxdiv-explainTripleCache-lc-post-fuse-tile888,Tiled 8x8x8,1792,32,1,6.549004,6.544927,6.540806,6.542314,6.517242,6.538859,6.542314,0.012478
miniFluxdiv-explainTripleCache-lc-post-fuse-tile888,Tiled 8x8x8,14336,16,1,6.545505,6.544791,6.522131,6.554085,6.55055,6.543412,6.545505,0.01249
miniFluxdiv-explainTripleCache-lc-post-fuse-tile888,Tiled 8x8x8,28,128,2,5.290818,5.291384,5.306902,5.258896,5.25459,5.280518,5.290818,0.022694
miniFluxdiv-explainTripleCache-lc-post-fuse-tile888,Tiled 8x8x8,224,64,2,4.667237,4.655354,4.692879,4.652776,4.671235,4.667896,4.667237,0.015982
miniFluxdiv-explainTripleCache-lc-post-fuse-tile888,Tiled 8x8x8,1792,32,2,3.54109,3.549928,3.556832,3.556749,3.548247,3.550569,3.549928,0.006578
miniFluxdiv-explainTripleCache-lc-post-fuse-tile888,Tiled 8x8x8,14336,16,2,3.291699,3.290294,3.300417,3.294347,3.294706,3.294293,3.294347,0.003886
miniFluxdiv-explainTripleCache-lc-post-fuse-tile888,Tiled 8x8x8,28,128,4,2.66872,2.667638,2.661427,2.720478,2.742925,2.692238,2.66872,0.036994
miniFluxdiv-explainTripleCache-lc-post-fuse-tile888,Tiled 8x8x8,224,64,4,2.453955,2.389057,2.354549,2.400701,2.413989,2.40245,2.400701,0.036273
miniFluxdiv-explainTripleCache-lc-post-fuse-tile888,Tiled 8x8x8,1792,32,4,1.76052,1.764158,1.885995,1.758089,1.750165,1.783785,1.76052,0.057367
miniFluxdiv-explainTripleCache-lc-post-fuse-tile888,Tiled 8x8x8,14336,16,4,3.553992,3.656657,3.597239,3.53119,3.528571,3.57353,3.553992,0.054009
miniFluxdiv-explainTripleCache-lc-post-fuse-tile888,Tiled 8x8x8,28,128,7,1.554142,1.532781,1.55965,1.544446,1.540019,1.546208,1.544446,0.010786
miniFluxdiv-explainTripleCache-lc-post-fuse-tile888,Tiled 8x8x8,224,64,7,1.490088,1.446588,1.448058,1.476316,1.458153,1.463841,1.458153,0.018866
miniFluxdiv-explainTripleCache-lc-post-fuse-tile888,Tiled 8x8x8,1792,32,7,1.060229,1.059129,1.059093,1.058736,1.059532,1.059344,1.059129,0.00057
miniFluxdiv-explainTripleCache-lc-post-fuse-tile888,Tiled 8x8x8,14336,16,7,2.265675,2.201996,2.259172,2.279959,2.201743,2.241709,2.259172,0.037138
miniFluxdiv-explainTripleCache-lc-post-fuse-tile888,Tiled 8x8x8,28,128,8,1.561422,1.542687,1.565033,1.566331,1.549659,1.557026,1.561422,0.010367
miniFluxdiv-explainTripleCache-lc-post-fuse-tile888,Tiled 8x8x8,224,64,8,1.270508,1.292909,1.326946,1.315677,1.297527,1.300713,1.297527,0.021769
miniFluxdiv-explainTripleCache-lc-post-fuse-tile888,Tiled 8x8x8,1792,32,8,0.965712,0.971464,0.96614,0.978066,0.974144,0.971105,0.971464,0.005281
miniFluxdiv-explainTripleCache-lc-post-fuse-tile888,Tiled 8x8x8,14336,16,8,2.208681,2.143861,2.186728,2.208053,2.369564,2.223377,2.208053,0.085859
miniFluxdiv-explainTripleCache-lc-post-fuse-tile888,Tiled 8x8x8,28,128,14,0.876252,0.844261,0.848293,0.863198,0.869637,0.860328,0.863198,0.013706
miniFluxdiv-explainTripleCache-lc-post-fuse-tile888,Tiled 8x8x8,224,64,14,0.787188,0.796963,0.776243,0.791811,0.783292,0.787099,0.787188,0.007935
miniFluxdiv-explainTripleCache-lc-post-fuse-tile888,Tiled 8x8x8,1792,32,14,0.772977,0.743512,0.732366,0.73331,0.720997,0.740632,0.73331,0.019761
miniFluxdiv-explainTripleCache-lc-post-fuse-tile888,Tiled 8x8x8,14336,16,14,1.605033,1.611171,1.606474,1.610801,1.613437,1.609383,1.610801,0.003501
miniFluxdiv-explainTripleCache-lc-post-fuse-tile888,Tiled 8x8x8,28,128,16,0.878299,0.876737,0.8854,0.878056,0.876917,0.879082,0.878056,0.003598
miniFluxdiv-explainTripleCache-lc-post-fuse-tile888,Tiled 8x8x8,224,64,16,0.685158,0.700351,0.680257,0.690417,0.690979,0.689432,0.690417,0.007501
miniFluxdiv-explainTripleCache-lc-post-fuse-tile888,Tiled 8x8x8,1792,32,16,0.658475,0.674015,0.669226,0.6698,0.683193,0.670942,0.6698,0.008933
miniFluxdiv-explainTripleCache-lc-post-fuse-tile888,Tiled 8x8x8,14336,16,16,1.446563,1.428658,1.425707,1.421984,1.457248,1.436032,1.428658,0.01516
miniFluxdiv-explainTripleCache-lc-post-fuse-tile888,Tiled 8x8x8,28,128,21,0.86015,0.866204,0.835695,0.886952,0.852829,0.860366,0.86015,0.018751
miniFluxdiv-explainTripleCache-lc-post-fuse-tile888,Tiled 8x8x8,224,64,21,0.560652,0.554924,0.554089,0.557807,0.553147,0.556124,0.554924,0.003073
miniFluxdiv-explainTripleCache-lc-post-fuse-tile888,Tiled 8x8x8,1792,32,21,0.551355,0.540781,0.557254,0.539946,0.543232,0.546514,0.543232,0.007509
miniFluxdiv-explainTripleCache-lc-post-fuse-tile888,Tiled 8x8x8,14336,16,21,1.08233,1.080865,1.084055,1.081133,1.079265,1.08153,1.081133,0.001785
miniFluxdiv-explainTripleCache-lc-post-fuse-tile888,Tiled 8x8x8,28,128,24,0.839259,0.844198,0.860681,0.834429,0.866324,0.848978,0.844198,0.013846
miniFluxdiv-explainTripleCache-lc-post-fuse-tile888,Tiled 8x8x8,224,64,24,0.51156,0.516497,0.523637,0.509658,0.518934,0.516057,0.516497,0.005637
miniFluxdiv-explainTripleCache-lc-post-fuse-tile888,Tiled 8x8x8,1792,32,24,0.490333,0.48685,0.487547,0.499368,0.489573,0.490734,0.489573,0.005032
miniFluxdiv-explainTripleCache-lc-post-fuse-tile888,Tiled 8x8x8,14336,16,24,0.960405,0.95736,0.959811,0.95801,0.951158,0.957349,0.95801,0.00368
miniFluxdiv-explainTripleCache-lc-post-fuse-tile888,Tiled 8x8x8,28,128,28,0.532347,0.56093,0.591311,0.538919,0.537906,0.552283,0.538919,0.024396
miniFluxdiv-explainTripleCache-lc-post-fuse-tile888,Tiled 8x8x8,224,64,28,0.523608,0.444864,0.451969,0.452398,0.45134,0.464836,0.451969,0.032998
miniFluxdiv-explainTripleCache-lc-post-fuse-tile888,Tiled 8x8x8,1792,32,28,0.453154,0.469641,0.463825,0.477382,0.452203,0.463241,0.463825,0.01078
miniFluxdiv-explainTripleCache-lc-post-fuse-tile888,Tiled 8x8x8,14336,16,28,0.822177,0.809118,0.80757,0.799168,0.796921,0.806991,0.80757,0.009976
miniFluxdiv-explainTripleCache-lc-post-fuse-tile161616,Tiled 16x16x16,28,128,1,9.562891,9.491748,9.427811,9.516653,9.474912,9.494803,9.491748,0.050016
miniFluxdiv-explainTripleCache-lc-post-fuse-tile161616,Tiled 16x16x16,224,64,1,8.342274,8.354589,8.389889,8.398009,8.334677,8.363888,8.354589,0.028492
miniFluxdiv-explainTripleCache-lc-post-fuse-tile161616,Tiled 16x16x16,1792,32,1,6.08897,6.085147,6.091637,6.067543,6.093413,6.085342,6.08897,0.010426
miniFluxdiv-explainTripleCache-lc-post-fuse-tile161616,Tiled 16x16x16,14336,16,1,6.053059,6.053943,6.034824,6.036605,6.037513,6.043189,6.037513,0.009468
miniFluxdiv-explainTripleCache-lc-post-fuse-tile161616,Tiled 16x16x16,28,128,2,5.186843,5.146665,5.188057,5.190596,5.193852,5.181203,5.188057,0.019493
miniFluxdiv-explainTripleCache-lc-post-fuse-tile161616,Tiled 16x16x16,224,64,2,4.616815,4.681421,4.605102,4.643216,4.63541,4.636393,4.63541,0.029315
miniFluxdiv-explainTripleCache-lc-post-fuse-tile161616,Tiled 16x16x16,1792,32,2,3.308694,3.345048,3.331804,3.32515,3.302783,3.322696,3.32515,0.017184
miniFluxdiv-explainTripleCache-lc-post-fuse-tile161616,Tiled 16x16x16,14336,16,2,3.039682,3.024812,3.049093,3.035251,3.035386,3.036845,3.035386,0.008768
miniFluxdiv-explainTripleCache-lc-post-fuse-tile161616,Tiled 16x16x16,28,128,4,2.597889,2.768285,2.627193,2.589793,2.610503,2.638733,2.610503,0.073785
miniFluxdiv-explainTripleCache-lc-post-fuse-tile161616,Tiled 16x16x16,224,64,4,2.393216,2.39368,2.514618,2.464955,2.512288,2.455751,2.464955,0.060229
miniFluxdiv-explainTripleCache-lc-post-fuse-tile161616,Tiled 16x16x16,1792,32,4,1.655964,1.657594,1.645419,1.656167,1.646801,1.652389,1.655964,0.005787
miniFluxdiv-explainTripleCache-lc-post-fuse-tile161616,Tiled 16x16x16,14336,16,4,3.531497,3.652444,3.543308,3.495205,3.542109,3.552913,3.542109,0.058958
miniFluxdiv-explainTripleCache-lc-post-fuse-tile161616,Tiled 16x16x16,28,128,7,1.545305,1.544474,1.532404,1.556478,1.538258,1.543384,1.544474,0.008988
miniFluxdiv-explainTripleCache-lc-post-fuse-tile161616,Tiled 16x16x16,224,64,7,1.447458,1.442103,1.43161,1.476337,1.468242,1.45315,1.447458,0.0186
miniFluxdiv-explainTripleCache-lc-post-fuse-tile161616,Tiled 16x16x16,1792,32,7,1.038155,1.018018,1.003564,1.003654,1.007239,1.014126,1.007239,0.014673
miniFluxdiv-explainTripleCache-lc-post-fuse-tile161616,Tiled 16x16x16,14336,16,7,2.488017,2.40527,2.537619,2.182935,2.222254,2.367219,2.40527,0.158155
miniFluxdiv-explainTripleCache-lc-post-fuse-tile161616,Tiled 16x16x16,28,128,8,1.558112,1.539618,1.557049,1.534524,1.579967,1.553854,1.557049,0.017934
miniFluxdiv-explainTripleCache-lc-post-fuse-tile161616,Tiled 16x16x16,224,64,8,1.258658,1.298146,1.313552,1.31084,1.301245,1.296488,1.301245,0.0221
miniFluxdiv-explainTripleCache-lc-post-fuse-tile161616,Tiled 16x16x16,1792,32,8,0.937029,0.924985,0.926549,0.919719,0.921217,0.9259,0.924985,0.006805
miniFluxdiv-explainTripleCache-lc-post-fuse-tile161616,Tiled 16x16x16,14336,16,8,2.408079,2.390937,2.391505,2.403351,2.409224,2.400619,2.403351,0.00886
miniFluxdiv-explainTripleCache-lc-post-fuse-tile161616,Tiled 16x16x16,28,128,14,0.918918,0.901966,0.888486,0.910082,0.879856,0.899862,0.901966,0.015825
miniFluxdiv-explainTripleCache-lc-post-fuse-tile161616,Tiled 16x16x16,224,64,14,0.785084,0.817907,0.803932,0.789149,0.792684,0.797751,0.792684,0.013272
miniFluxdiv-explainTripleCache-lc-post-fuse-tile161616,Tiled 16x16x16,1792,32,14,0.700907,0.714118,0.704484,0.724205,0.724463,0.713635,0.714118,0.010897
miniFluxdiv-explainTripleCache-lc-post-fuse-tile161616,Tiled 16x16x16,14336,16,14,1.618886,1.619999,1.595958,1.630474,1.6259,1.618243,1.619999,0.013307
miniFluxdiv-explainTripleCache-lc-post-fuse-tile161616,Tiled 16x16x16,28,128,16,0.929351,0.914431,0.900547,0.890916,0.91124,0.909297,0.91124,0.014549
miniFluxdiv-explainTripleCache-lc-post-fuse-tile161616,Tiled 16x16x16,224,64,16,0.71049,0.706328,0.727717,0.706417,0.711221,0.712435,0.71049,0.008836
miniFluxdiv-explainTripleCache-lc-post-fuse-tile161616,Tiled 16x16x16,1792,32,16,0.655747,0.655602,0.656601,0.656729,0.655827,0.656101,0.655827,0.000523
miniFluxdiv-explainTripleCache-lc-post-fuse-tile161616,Tiled 16x16x16,14336,16,16,1.44335,1.424156,1.416038,1.423478,1.440531,1.429511,1.424156,0.011827
miniFluxdiv-explainTripleCache-lc-post-fuse-tile161616,Tiled 16x16x16,28,128,21,0.920951,0.914427,0.912594,0.900223,0.926633,0.914966,0.914427,0.00994
miniFluxdiv-explainTripleCache-lc-post-fuse-tile161616,Tiled 16x16x16,224,64,21,0.615322,0.611588,0.59789,0.598206,0.60393,0.605387,0.60393,0.007859
miniFluxdiv-explainTripleCache-lc-post-fuse-tile161616,Tiled 16x16x16,1792,32,21,0.546823,0.547515,0.544865,0.549297,0.547789,0.547258,0.547515,0.001614
miniFluxdiv-explainTripleCache-lc-post-fuse-tile161616,Tiled 16x16x16,14336,16,21,1.090514,1.063192,1.050475,1.052072,1.082853,1.067821,1.063192,0.018106
miniFluxdiv-explainTripleCache-lc-post-fuse-tile161616,Tiled 16x16x16,28,128,24,0.933202,0.95599,0.927595,0.924959,0.928388,0.934027,0.928388,0.012634
miniFluxdiv-explainTripleCache-lc-post-fuse-tile161616,Tiled 16x16x16,224,64,24,0.575199,0.58053,0.569944,0.585083,0.591545,0.58046,0.58053,0.008404
miniFluxdiv-explainTripleCache-lc-post-fuse-tile161616,Tiled 16x16x16,1792,32,24,0.503074,0.500943,0.500196,0.51725,0.518685,0.50803,0.503074,0.009147
miniFluxdiv-explainTripleCache-lc-post-fuse-tile161616,Tiled 16x16x16,14336,16,24,0.901498,0.89104,0.917055,0.923223,0.912039,0.908971,0.912039,0.012799
miniFluxdiv-explainTripleCache-lc-post-fuse-tile161616,Tiled 16x16x16,28,128,28,0.67082,0.687398,0.66366,0.663716,0.672562,0.671631,0.67082,0.009699
miniFluxdiv-explainTripleCache-lc-post-fuse-tile161616,Tiled 16x16x16,224,64,28,0.529138,0.536136,0.53677,0.535324,0.539733,0.53542,0.536136,0.003886
miniFluxdiv-explainTripleCache-lc-post-fuse-tile161616,Tiled 16x16x16,1792,32,28,0.479229,0.471399,0.471027,0.471666,0.467075,0.472079,0.471399,0.004413
miniFluxdiv-explainTripleCache-lc-post-fuse-tile161616,Tiled 16x16x16,14336,16,28,0.78229,0.783786,0.79098,0.7747,0.782649,0.782881,0.782649,0.005782
miniFluxdiv-explainTripleCache-lc-post-fuse-tile323232,Tiled 32x32x32,28,128,1,10.115563,10.074143,10.022244,10.038511,10.065229,10.063138,10.065229,0.035891
miniFluxdiv-explainTripleCache-lc-post-fuse-tile323232,Tiled 32x32x32,224,64,1,8.671952,8.738699,8.691117,8.724775,8.747506,8.71481,8.724775,0.03216
miniFluxdiv-explainTripleCache-lc-post-fuse-tile323232,Tiled 32x32x32,1792,32,1,6.24083,6.246411,6.228338,6.254462,6.246605,6.243329,6.246411,0.009684
miniFluxdiv-explainTripleCache-lc-post-fuse-tile323232,Tiled 32x32x32,14336,16,1,5.749372,5.739517,5.730806,5.736884,5.728995,5.737115,5.736884,0.00809
miniFluxdiv-explainTripleCache-lc-post-fuse-tile323232,Tiled 32x32x32,28,128,2,5.505142,5.499005,5.477311,5.520813,5.494042,5.499263,5.499005,0.015876
miniFluxdiv-explainTripleCache-lc-post-fuse-tile323232,Tiled 32x32x32,224,64,2,4.792359,4.774954,4.753202,4.755287,4.756265,4.766413,4.756265,0.016937
miniFluxdiv-explainTripleCache-lc-post-fuse-tile323232,Tiled 32x32x32,1792,32,2,3.66097,3.650494,3.649414,3.641764,3.649595,3.650447,3.649595,0.006854
miniFluxdiv-explainTripleCache-lc-post-fuse-tile323232,Tiled 32x32x32,14336,16,2,2.873054,2.874338,2.871818,2.873687,2.87349,2.873277,2.87349,0.000938
miniFluxdiv-explainTripleCache-lc-post-fuse-tile323232,Tiled 32x32x32,28,128,4,2.901065,2.876557,2.875523,2.949171,2.927604,2.905984,2.901065,0.032212
miniFluxdiv-explainTripleCache-lc-post-fuse-tile323232,Tiled 32x32x32,224,64,4,2.623803,2.509434,2.594614,2.593726,2.574317,2.579179,2.593726,0.042805
miniFluxdiv-explainTripleCache-lc-post-fuse-tile323232,Tiled 32x32x32,1792,32,4,1.813201,1.814938,1.811716,1.813315,1.815091,1.813652,1.813315,0.001395
miniFluxdiv-explainTripleCache-lc-post-fuse-tile323232,Tiled 32x32x32,14336,16,4,3.40589,3.430979,3.435628,3.422739,3.420137,3.423075,3.422739,0.011447
miniFluxdiv-explainTripleCache-lc-post-fuse-tile323232,Tiled 32x32x32,28,128,7,1.726166,1.754,1.761306,1.768739,1.755745,1.753191,1.755745,0.016164
miniFluxdiv-explainTripleCache-lc-post-fuse-tile323232,Tiled 32x32x32,224,64,7,1.715844,1.571501,1.586505,1.608077,1.613393,1.619064,1.608077,0.05666
miniFluxdiv-explainTripleCache-lc-post-fuse-tile323232,Tiled 32x32x32,1792,32,7,1.084817,1.085855,1.090031,1.08632,1.088993,1.087203,1.08632,0.002207
miniFluxdiv-explainTripleCache-lc-post-fuse-tile323232,Tiled 32x32x32,14336,16,7,2.113143,2.113622,2.103807,2.112752,2.14446,2.117557,2.113143,0.01558
miniFluxdiv-explainTripleCache-lc-post-fuse-tile323232,Tiled 32x32x32,28,128,8,1.744687,1.765885,1.762581,1.774524,1.749531,1.759442,1.762581,0.012194
miniFluxdiv-explainTripleCache-lc-post-fuse-tile323232,Tiled 32x32x32,224,64,8,1.48137,1.497683,1.47334,1.483941,1.468968,1.48106,1.48137,0.011074
miniFluxdiv-explainTripleCache-lc-post-fuse-tile323232,Tiled 32x32x32,1792,32,8,1.025525,1.026481,1.021789,1.033519,1.015497,1.024562,1.025525,0.006609
miniFluxdiv-explainTripleCache-lc-post-fuse-tile323232,Tiled 32x32x32,14336,16,8,2.386962,1.926927,2.02727,2.084791,2.340132,2.153216,2.084791,0.200827
miniFluxdiv-explainTripleCache-lc-post-fuse-tile323232,Tiled 32x32x32,28,128,14,0.976479,0.996878,0.978203,0.982601,0.98988,0.984808,0.982601,0.008504
miniFluxdiv-explainTripleCache-lc-post-fuse-tile323232,Tiled 32x32x32,224,64,14,0.923318,0.906226,0.912931,0.917003,0.911358,0.914167,0.912931,0.006408
miniFluxdiv-explainTripleCache-lc-post-fuse-tile323232,Tiled 32x32x32,1792,32,14,0.764849,0.748661,0.765512,0.753977,0.766458,0.759891,0.764849,0.008068
miniFluxdiv-explainTripleCache-lc-post-fuse-tile323232,Tiled 32x32x32,14336,16,14,1.551212,1.564783,1.551165,1.551758,1.568514,1.557486,1.551758,0.00847
miniFluxdiv-explainTripleCache-lc-post-fuse-tile323232,Tiled 32x32x32,28,128,16,0.997652,1.003385,0.981038,0.993444,0.990704,0.993245,0.993444,0.008333
miniFluxdiv-explainTripleCache-lc-post-fuse-tile323232,Tiled 32x32x32,224,64,16,0.815241,0.797316,0.803442,0.80897,0.807915,0.806577,0.807915,0.006674
miniFluxdiv-explainTripleCache-lc-post-fuse-tile323232,Tiled 32x32x32,1792,32,16,0.699657,0.694262,0.691474,0.69781,0.691925,0.695026,0.694262,0.003606
miniFluxdiv-explainTripleCache-lc-post-fuse-tile323232,Tiled 32x32x32,14336,16,16,1.377035,1.381006,1.362294,1.407587,1.383842,1.382353,1.381006,0.016366
miniFluxdiv-explainTripleCache-lc-post-fuse-tile323232,Tiled 32x32x32,28,128,21,0.991455,0.990052,0.961601,0.975829,0.963442,0.976476,0.975829,0.014144
miniFluxdiv-explainTripleCache-lc-post-fuse-tile323232,Tiled 32x32x32,224,64,21,0.671935,0.661355,0.665864,0.657846,0.674794,0.666359,0.665864,0.007071
miniFluxdiv-explainTripleCache-lc-post-fuse-tile323232,Tiled 32x32x32,1792,32,21,0.584795,0.579677,0.590018,0.575192,0.579288,0.581794,0.579677,0.005723
miniFluxdiv-explainTripleCache-lc-post-fuse-tile323232,Tiled 32x32x32,14336,16,21,1.007489,1.017928,1.035672,1.020739,1.018833,1.020132,1.018833,0.010103
miniFluxdiv-explainTripleCache-lc-post-fuse-tile323232,Tiled 32x32x32,28,128,24,0.961151,0.981145,0.975777,0.959834,0.967059,0.968993,0.967059,0.009258
miniFluxdiv-explainTripleCache-lc-post-fuse-tile323232,Tiled 32x32x32,224,64,24,0.637973,0.631358,0.636322,0.619268,0.625222,0.630029,0.631358,0.0078
miniFluxdiv-explainTripleCache-lc-post-fuse-tile323232,Tiled 32x32x32,1792,32,24,0.48054,0.528549,0.528342,0.528267,0.539191,0.520978,0.528342,0.023085
miniFluxdiv-explainTripleCache-lc-post-fuse-tile323232,Tiled 32x32x32,14336,16,24,0.896875,0.869023,0.895986,0.903254,0.900897,0.893207,0.896875,0.013839
miniFluxdiv-explainTripleCache-lc-post-fuse-tile323232,Tiled 32x32x32,28,128,28,0.621579,0.628665,0.640932,0.666685,0.651244,0.641821,0.640932,0.017963
miniFluxdiv-explainTripleCache-lc-post-fuse-tile323232,Tiled 32x32x32,224,64,28,0.570784,0.573819,0.642782,0.559486,0.566031,0.58258,0.570784,0.034086
miniFluxdiv-explainTripleCache-lc-post-fuse-tile323232,Tiled 32x32x32,1792,32,28,0.501614,0.500928,0.48484,0.489957,0.505767,0.496621,0.500928,0.008808
miniFluxdiv-explainTripleCache-lc-post-fuse-tile323232,Tiled 32x32x32,14336,16,28,0.787447,0.771534,0.786208,0.781723,0.785364,0.782455,0.785364,0.006467
