Program,Legend,nBoxes,nCells,nThreads,Time0,Time1,Time2,Time3,Time4,MeanTime,MedianTime,StdevTime
miniFluxdiv-explainTripleCache-lc,Baseline,28,128,1,4.185959,4.187721,4.185517,4.159529,4.173061,4.178357,4.185517,0.012034
miniFluxdiv-explainTripleCache-lc,Baseline,224,64,1,3.707445,3.669514,3.692224,3.681582,3.686392,3.687431,3.686392,0.013963
miniFluxdiv-explainTripleCache-lc,Baseline,1792,32,1,3.319387,3.321314,3.309736,3.314893,3.313890,3.315844,3.314893,0.004596
miniFluxdiv-explainTripleCache-lc,Baseline,14336,16,1,3.974673,4.003525,3.974823,3.977208,3.972527,3.980551,3.974823,0.012949
miniFluxdiv-explainTripleCache-lc,Baseline,28,128,2,2.304581,2.302914,2.302989,2.307318,2.303410,2.304242,2.303410,0.001844
miniFluxdiv-explainTripleCache-lc,Baseline,224,64,2,2.042412,2.040096,2.040985,2.042660,2.041497,2.041530,2.041497,0.001050
miniFluxdiv-explainTripleCache-lc,Baseline,1792,32,2,1.717492,1.717393,1.717479,1.717558,1.719265,1.717837,1.717492,0.000800
miniFluxdiv-explainTripleCache-lc,Baseline,14336,16,2,2.067238,2.072554,2.059853,2.060493,2.072172,2.066462,2.067238,0.006116
miniFluxdiv-explainTripleCache-lc,Baseline,28,128,4,1.235403,1.248370,1.235507,1.238709,1.234621,1.238522,1.235507,0.005724
miniFluxdiv-explainTripleCache-lc,Baseline,224,64,4,1.132051,1.128619,1.133442,1.131820,1.132102,1.131607,1.132051,0.001788
miniFluxdiv-explainTripleCache-lc,Baseline,1792,32,4,0.869157,0.868900,0.869598,0.864218,0.864387,0.867252,0.868900,0.002705
miniFluxdiv-explainTripleCache-lc,Baseline,14336,16,4,2.776257,2.796184,2.767157,2.771659,2.763380,2.774927,2.771659,0.012826
miniFluxdiv-explainTripleCache-lc,Baseline,28,128,7,0.925998,0.916146,0.920154,0.919243,0.918820,0.920072,0.919243,0.003633
miniFluxdiv-explainTripleCache-lc,Baseline,224,64,7,0.887664,0.885618,0.890238,0.886008,0.882278,0.886361,0.886008,0.002919
miniFluxdiv-explainTripleCache-lc,Baseline,1792,32,7,0.540811,0.539809,0.541992,0.539869,0.541474,0.540791,0.540811,0.000965
miniFluxdiv-explainTripleCache-lc,Baseline,14336,16,7,1.677011,1.711033,1.722157,1.719346,1.712274,1.708364,1.712274,0.018140
miniFluxdiv-explainTripleCache-lc,Baseline,28,128,8,0.980541,0.967463,0.972471,0.978069,0.973948,0.974498,0.973948,0.005079
miniFluxdiv-explainTripleCache-lc,Baseline,224,64,8,0.832531,0.836728,0.827187,0.826780,0.832495,0.831144,0.832495,0.004172
miniFluxdiv-explainTripleCache-lc,Baseline,1792,32,8,0.491659,0.492576,0.493536,0.490096,0.491451,0.491864,0.491659,0.001289
miniFluxdiv-explainTripleCache-lc,Baseline,14336,16,8,1.666928,1.660576,1.663035,1.661302,1.659977,1.662364,1.661302,0.002797
miniFluxdiv-explainTripleCache-lc,Baseline,28,128,14,0.888940,0.884277,0.886744,0.894242,0.890799,0.889000,0.888940,0.003812
miniFluxdiv-explainTripleCache-lc,Baseline,224,64,14,0.792877,0.806495,0.803293,0.817106,0.780274,0.800009,0.803293,0.014013
miniFluxdiv-explainTripleCache-lc,Baseline,1792,32,14,0.610620,0.634505,0.615905,0.605174,0.603100,0.613861,0.610620,0.012571
miniFluxdiv-explainTripleCache-lc,Baseline,14336,16,14,1.247460,1.239138,1.227696,1.225140,1.269032,1.241693,1.239138,0.017728
miniFluxdiv-explainTripleCache-lc,Baseline,28,128,16,0.902214,0.901402,0.892620,0.893502,0.893034,0.896554,0.893502,0.004815
miniFluxdiv-explainTripleCache-lc,Baseline,224,64,16,0.790970,0.793408,0.787305,0.804868,0.805090,0.796328,0.793408,0.008191
miniFluxdiv-explainTripleCache-lc,Baseline,1792,32,16,0.684426,0.675997,0.610332,0.677947,0.655363,0.660813,0.675997,0.030248
miniFluxdiv-explainTripleCache-lc,Baseline,14336,16,16,1.058273,1.054349,1.103160,1.087902,1.082028,1.077142,1.082028,0.020568
miniFluxdiv-explainTripleCache-lc,Baseline,28,128,21,0.949767,0.962785,0.964065,0.966072,0.974507,0.963439,0.964065,0.008905
miniFluxdiv-explainTripleCache-lc,Baseline,224,64,21,0.838413,0.825815,0.822983,0.854400,0.811978,0.830718,0.825815,0.016241
miniFluxdiv-explainTripleCache-lc,Baseline,1792,32,21,0.703208,0.729173,0.735141,0.670335,0.721676,0.711907,0.721676,0.026159
miniFluxdiv-explainTripleCache-lc,Baseline,14336,16,21,0.795568,0.797528,0.785314,0.792839,0.793829,0.793016,0.793829,0.004661
miniFluxdiv-explainTripleCache-lc,Baseline,28,128,24,0.997618,1.015603,1.002148,1.030806,1.001584,1.009552,1.002148,0.013685
miniFluxdiv-explainTripleCache-lc,Baseline,224,64,24,0.827119,0.826767,0.825428,0.841744,0.829338,0.830079,0.827119,0.006671
miniFluxdiv-explainTripleCache-lc,Baseline,1792,32,24,0.715954,0.730351,0.720740,0.711951,0.738866,0.723572,0.720740,0.010965
miniFluxdiv-explainTripleCache-lc,Baseline,14336,16,24,0.696748,0.688111,0.693019,0.695904,0.696965,0.694149,0.695904,0.003725
miniFluxdiv-explainTripleCache-lc,Baseline,28,128,28,0.975001,0.962971,0.965648,0.969197,0.972320,0.969027,0.969197,0.004865
miniFluxdiv-explainTripleCache-lc,Baseline,224,64,28,0.873057,0.815647,0.856167,0.813301,0.857307,0.843096,0.856167,0.026980
miniFluxdiv-explainTripleCache-lc,Baseline,1792,32,28,0.763504,0.770367,0.732402,0.767592,0.776917,0.762156,0.767592,0.017335
miniFluxdiv-explainTripleCache-lc,Baseline,14336,16,28,0.605335,0.601145,0.599783,0.602597,0.612426,0.604257,0.602597,0.005009
miniFluxdiv-explain-baseline,Storage Optimized,28,128,1,4.135550,4.148581,4.112129,4.145866,4.152079,4.138841,4.145866,0.016154
miniFluxdiv-explain-baseline,Storage Optimized,224,64,1,3.274254,3.255732,3.262515,3.259031,3.258924,3.262091,3.259031,0.007210
miniFluxdiv-explain-baseline,Storage Optimized,1792,32,1,3.328166,3.314568,3.307943,3.317123,3.313064,3.316173,3.314568,0.007495
miniFluxdiv-explain-baseline,Storage Optimized,14336,16,1,3.984537,3.975622,3.975739,3.968305,3.970967,3.975034,3.975622,0.006184
miniFluxdiv-explain-baseline,Storage Optimized,28,128,2,2.275991,2.273667,2.275643,2.277928,2.274347,2.275515,2.275643,0.001647
miniFluxdiv-explain-baseline,Storage Optimized,224,64,2,1.732173,1.726581,1.727500,1.728660,1.729432,1.728869,1.728660,0.002144
miniFluxdiv-explain-baseline,Storage Optimized,1792,32,2,1.725616,1.720401,1.718609,1.726785,1.725720,1.723426,1.725616,0.003664
miniFluxdiv-explain-baseline,Storage Optimized,14336,16,2,2.071102,2.058674,2.064465,2.058052,2.068139,2.064086,2.064465,0.005734
miniFluxdiv-explain-baseline,Storage Optimized,28,128,4,1.208986,1.209067,1.206461,1.207859,1.206587,1.207792,1.207859,0.001253
miniFluxdiv-explain-baseline,Storage Optimized,224,64,4,1.072523,1.066440,1.068615,1.066283,1.076670,1.070106,1.068615,0.004450
miniFluxdiv-explain-baseline,Storage Optimized,1792,32,4,0.864828,0.869129,0.886278,0.865585,0.867823,0.870729,0.867823,0.008861
miniFluxdiv-explain-baseline,Storage Optimized,14336,16,4,2.756051,2.764004,2.773835,2.762510,2.767490,2.764778,2.764004,0.006544
miniFluxdiv-explain-baseline,Storage Optimized,28,128,7,0.890457,0.888317,0.936256,0.889898,0.894198,0.899825,0.890457,0.020479
miniFluxdiv-explain-baseline,Storage Optimized,224,64,7,0.879528,0.866650,0.870667,0.869296,0.895300,0.876288,0.870667,0.011676
miniFluxdiv-explain-baseline,Storage Optimized,1792,32,7,0.529092,0.529066,0.527848,0.527855,0.527122,0.528197,0.527855,0.000859
miniFluxdiv-explain-baseline,Storage Optimized,14336,16,7,1.662277,1.714484,1.674619,1.663767,1.664032,1.675836,1.664032,0.022158
miniFluxdiv-explain-baseline,Storage Optimized,28,128,8,0.961416,0.959257,0.949208,0.956899,0.949868,0.955330,0.956899,0.005528
miniFluxdiv-explain-baseline,Storage Optimized,224,64,8,0.814428,0.841625,0.808915,0.852491,0.821120,0.827716,0.821120,0.018580
miniFluxdiv-explain-baseline,Storage Optimized,1792,32,8,0.480900,0.481930,0.483553,0.481440,0.562700,0.498105,0.481930,0.036124
miniFluxdiv-explain-baseline,Storage Optimized,14336,16,8,1.533870,1.475820,1.484225,1.626613,1.651638,1.554433,1.533870,0.080918
miniFluxdiv-explain-baseline,Storage Optimized,28,128,14,0.851551,0.840325,0.854578,0.849402,0.849917,0.849155,0.849917,0.005333
miniFluxdiv-explain-baseline,Storage Optimized,224,64,14,0.791525,0.801272,0.784442,0.779077,0.810155,0.793294,0.791525,0.012565
miniFluxdiv-explain-baseline,Storage Optimized,1792,32,14,0.351082,0.447622,0.447800,0.458932,0.446196,0.430326,0.447622,0.044593
miniFluxdiv-explain-baseline,Storage Optimized,14336,16,14,1.231550,1.255198,1.236580,1.278043,1.266301,1.253534,1.255198,0.019604
miniFluxdiv-explain-baseline,Storage Optimized,28,128,16,0.852030,0.861191,0.853445,0.853056,0.851880,0.854320,0.853056,0.003898
miniFluxdiv-explain-baseline,Storage Optimized,224,64,16,0.777414,0.779492,0.830720,0.776699,0.817360,0.796337,0.779492,0.025747
miniFluxdiv-explain-baseline,Storage Optimized,1792,32,16,0.393241,0.476816,0.471884,0.467648,0.474447,0.456807,0.471884,0.035697
miniFluxdiv-explain-baseline,Storage Optimized,14336,16,16,1.067636,1.084849,1.081051,1.036822,1.040464,1.062164,1.067636,0.022441
miniFluxdiv-explain-baseline,Storage Optimized,28,128,21,0.879714,0.875402,0.871413,0.894693,0.905066,0.885258,0.879714,0.014150
miniFluxdiv-explain-baseline,Storage Optimized,224,64,21,0.825472,0.802180,0.822010,0.810889,0.822606,0.816631,0.822010,0.009806
miniFluxdiv-explain-baseline,Storage Optimized,1792,32,21,0.541509,0.547418,0.538763,0.538714,0.539779,0.541237,0.539779,0.003636
miniFluxdiv-explain-baseline,Storage Optimized,14336,16,21,0.797236,0.797445,0.799018,0.796240,0.798734,0.797735,0.797445,0.001142
miniFluxdiv-explain-baseline,Storage Optimized,28,128,24,0.947410,0.940213,0.944245,0.934589,0.945865,0.942464,0.944245,0.005155
miniFluxdiv-explain-baseline,Storage Optimized,224,64,24,0.783979,0.795761,0.803049,0.809738,0.808000,0.800105,0.803049,0.010520
miniFluxdiv-explain-baseline,Storage Optimized,1792,32,24,0.583238,0.578833,0.581291,0.576088,0.588564,0.581603,0.581291,0.004725
miniFluxdiv-explain-baseline,Storage Optimized,14336,16,24,0.701511,0.697342,0.703750,0.699353,0.677246,0.695840,0.699353,0.010666
miniFluxdiv-explain-baseline,Storage Optimized,28,128,28,0.888300,0.888476,0.908724,0.885750,0.892887,0.892827,0.888476,0.009250
miniFluxdiv-explain-baseline,Storage Optimized,224,64,28,0.822715,0.824159,0.831613,0.764645,0.801189,0.808864,0.822715,0.027192
miniFluxdiv-explain-baseline,Storage Optimized,1792,32,28,0.605869,0.628174,0.622011,0.617493,0.623195,0.619348,0.622011,0.008440
miniFluxdiv-explain-baseline,Storage Optimized,14336,16,28,0.600460,0.600760,0.604586,0.600946,0.607274,0.602805,0.600946,0.003012
miniFluxdiv-explainTripleCache-lc-post-fuse,Shift and Fuse,28,128,1,8.320537,8.243554,8.256949,8.292256,8.261816,8.275022,8.261816,0.031064
miniFluxdiv-explainTripleCache-lc-post-fuse,Shift and Fuse,224,64,1,7.143961,7.145865,7.114376,7.146989,7.092860,7.128810,7.143961,0.024247
miniFluxdiv-explainTripleCache-lc-post-fuse,Shift and Fuse,1792,32,1,4.845979,4.828311,4.816163,4.835613,4.837221,4.832657,4.835613,0.011158
miniFluxdiv-explainTripleCache-lc-post-fuse,Shift and Fuse,14336,16,1,5.073949,5.070432,5.065575,5.065452,5.064446,5.067971,5.065575,0.004071
miniFluxdiv-explainTripleCache-lc-post-fuse,Shift and Fuse,28,128,2,4.538627,4.526656,4.529547,4.531607,4.560328,4.537353,4.531607,0.013582
miniFluxdiv-explainTripleCache-lc-post-fuse,Shift and Fuse,224,64,2,3.908590,3.900790,3.912311,3.952050,3.962113,3.927171,3.912311,0.027848
miniFluxdiv-explainTripleCache-lc-post-fuse,Shift and Fuse,1792,32,2,2.839541,2.839664,2.831100,2.848048,2.835298,2.838730,2.839541,0.006292
miniFluxdiv-explainTripleCache-lc-post-fuse,Shift and Fuse,14336,16,2,2.537773,2.535879,2.543340,2.535299,2.536554,2.537769,2.536554,0.003248
miniFluxdiv-explainTripleCache-lc-post-fuse,Shift and Fuse,28,128,4,2.281022,2.301188,2.271132,2.289282,2.259824,2.280490,2.281022,0.015974
miniFluxdiv-explainTripleCache-lc-post-fuse,Shift and Fuse,224,64,4,2.149094,1.973375,2.048065,1.979486,2.045185,2.039041,2.045185,0.070869
miniFluxdiv-explainTripleCache-lc-post-fuse,Shift and Fuse,1792,32,4,1.444023,1.426243,1.430751,1.439488,1.473052,1.442711,1.439488,0.018350
miniFluxdiv-explainTripleCache-lc-post-fuse,Shift and Fuse,14336,16,4,3.226119,3.194463,3.252688,3.356562,3.212074,3.248381,3.226119,0.064114
miniFluxdiv-explainTripleCache-lc-post-fuse,Shift and Fuse,28,128,7,1.398904,1.399546,1.377630,1.361987,1.364038,1.380421,1.377630,0.018189
miniFluxdiv-explainTripleCache-lc-post-fuse,Shift and Fuse,224,64,7,1.244289,1.191936,1.223593,1.224969,1.196292,1.216216,1.223593,0.021827
miniFluxdiv-explainTripleCache-lc-post-fuse,Shift and Fuse,1792,32,7,0.865869,0.862746,0.861725,0.861819,0.865539,0.863540,0.862746,0.002019
miniFluxdiv-explainTripleCache-lc-post-fuse,Shift and Fuse,14336,16,7,1.978194,1.992482,2.003557,2.000569,1.977935,1.990547,1.992482,0.012094
miniFluxdiv-explainTripleCache-lc-post-fuse,Shift and Fuse,28,128,8,1.425776,1.404064,1.378000,1.439731,1.418057,1.413126,1.418057,0.023495
miniFluxdiv-explainTripleCache-lc-post-fuse,Shift and Fuse,224,64,8,1.110960,1.108073,1.113568,1.118196,1.125816,1.115323,1.113568,0.006947
miniFluxdiv-explainTripleCache-lc-post-fuse,Shift and Fuse,1792,32,8,0.804712,0.800966,0.798686,0.805179,0.799480,0.801805,0.800966,0.002986
miniFluxdiv-explainTripleCache-lc-post-fuse,Shift and Fuse,14336,16,8,1.769293,1.779961,1.776220,1.787081,1.779945,1.778500,1.779945,0.006477
miniFluxdiv-explainTripleCache-lc-post-fuse,Shift and Fuse,28,128,14,0.882776,0.875098,0.883308,0.870747,0.861537,0.874693,0.875098,0.009060
miniFluxdiv-explainTripleCache-lc-post-fuse,Shift and Fuse,224,64,14,0.657889,0.661737,0.659017,0.652396,0.662937,0.658795,0.659017,0.004112
miniFluxdiv-explainTripleCache-lc-post-fuse,Shift and Fuse,1792,32,14,0.630207,0.642952,0.649559,0.647404,0.660336,0.646092,0.647404,0.010941
miniFluxdiv-explainTripleCache-lc-post-fuse,Shift and Fuse,14336,16,14,1.405222,1.396789,1.413130,1.457637,1.400023,1.414560,1.405222,0.024860
miniFluxdiv-explainTripleCache-lc-post-fuse,Shift and Fuse,28,128,16,0.852918,0.855795,0.871912,0.856352,0.872110,0.861817,0.856352,0.009397
miniFluxdiv-explainTripleCache-lc-post-fuse,Shift and Fuse,224,64,16,0.590601,0.591665,0.583545,0.585255,0.579576,0.586128,0.585255,0.005026
miniFluxdiv-explainTripleCache-lc-post-fuse,Shift and Fuse,1792,32,16,0.586188,0.589200,0.590084,0.588478,0.590967,0.588983,0.589200,0.001821
miniFluxdiv-explainTripleCache-lc-post-fuse,Shift and Fuse,14336,16,16,1.284924,1.280200,1.275956,1.277204,1.255393,1.274735,1.277204,0.011351
miniFluxdiv-explainTripleCache-lc-post-fuse,Shift and Fuse,28,128,21,0.849081,0.852543,0.850044,0.849674,0.814174,0.843103,0.849674,0.016226
miniFluxdiv-explainTripleCache-lc-post-fuse,Shift and Fuse,224,64,21,0.475615,0.478811,0.490678,0.477975,0.484669,0.481550,0.478811,0.006094
miniFluxdiv-explainTripleCache-lc-post-fuse,Shift and Fuse,1792,32,21,0.485742,0.478416,0.484213,0.485251,0.480021,0.482729,0.484213,0.003301
miniFluxdiv-explainTripleCache-lc-post-fuse,Shift and Fuse,14336,16,21,0.927080,0.932559,0.944380,0.926401,0.943896,0.934863,0.932559,0.008799
miniFluxdiv-explainTripleCache-lc-post-fuse,Shift and Fuse,28,128,24,0.838341,0.839999,0.834936,0.848829,0.860256,0.844472,0.839999,0.010206
miniFluxdiv-explainTripleCache-lc-post-fuse,Shift and Fuse,224,64,24,0.453063,0.438725,0.446991,0.454062,0.444204,0.447409,0.446991,0.006366
miniFluxdiv-explainTripleCache-lc-post-fuse,Shift and Fuse,1792,32,24,0.447100,0.460191,0.441110,0.444784,0.439649,0.446567,0.444784,0.008166
miniFluxdiv-explainTripleCache-lc-post-fuse,Shift and Fuse,14336,16,24,0.817777,0.800748,0.813295,0.829199,0.833441,0.818892,0.817777,0.013035
miniFluxdiv-explainTripleCache-lc-post-fuse,Shift and Fuse,28,128,28,0.594655,0.579894,0.607274,0.591098,0.600030,0.594590,0.594655,0.010230
miniFluxdiv-explainTripleCache-lc-post-fuse,Shift and Fuse,224,64,28,0.406412,0.447862,0.397971,0.397126,0.442319,0.418338,0.406412,0.024768
miniFluxdiv-explainTripleCache-lc-post-fuse,Shift and Fuse,1792,32,28,0.433567,0.408342,0.413805,0.417270,0.432197,0.421036,0.417270,0.011283
miniFluxdiv-explainTripleCache-lc-post-fuse,Shift and Fuse,14336,16,28,0.706810,0.699659,0.697217,0.684159,0.704099,0.698389,0.699659,0.008789
miniFluxdiv-explainTripleCache-lc-post-fuse-tile888,Tiled 8x8x8,28,128,1,9.705661,9.665863,9.684148,10.472958,10.522653,10.010257,9.705661,0.445639
miniFluxdiv-explainTripleCache-lc-post-fuse-tile888,Tiled 8x8x8,224,64,1,9.287662,9.273899,8.489449,9.261618,9.250807,9.112687,9.261618,0.348672
miniFluxdiv-explainTripleCache-lc-post-fuse-tile888,Tiled 8x8x8,1792,32,1,6.702128,6.533354,6.552858,6.694928,6.695552,6.635764,6.694928,0.084912
miniFluxdiv-explainTripleCache-lc-post-fuse-tile888,Tiled 8x8x8,14336,16,1,7.203795,7.217979,7.220782,7.214439,6.547449,7.080889,7.214439,0.298271
miniFluxdiv-explainTripleCache-lc-post-fuse-tile888,Tiled 8x8x8,28,128,2,5.301717,5.317415,5.256855,5.287759,5.284195,5.289588,5.287759,0.022502
miniFluxdiv-explainTripleCache-lc-post-fuse-tile888,Tiled 8x8x8,224,64,2,4.610396,4.567739,4.620126,4.610127,4.606680,4.603014,4.610127,0.020345
miniFluxdiv-explainTripleCache-lc-post-fuse-tile888,Tiled 8x8x8,1792,32,2,3.396947,3.400050,3.546082,3.580997,3.549580,3.494731,3.546082,0.088901
miniFluxdiv-explainTripleCache-lc-post-fuse-tile888,Tiled 8x8x8,14336,16,2,3.306222,3.296422,3.294193,3.289479,3.307624,3.298788,3.296422,0.007853
miniFluxdiv-explainTripleCache-lc-post-fuse-tile888,Tiled 8x8x8,28,128,4,2.668411,2.790176,2.693453,2.662788,2.785827,2.720131,2.693453,0.063042
miniFluxdiv-explainTripleCache-lc-post-fuse-tile888,Tiled 8x8x8,224,64,4,2.436593,2.548674,2.438869,2.488425,2.407070,2.463926,2.438869,0.055655
miniFluxdiv-explainTripleCache-lc-post-fuse-tile888,Tiled 8x8x8,1792,32,4,1.734893,1.747063,1.744045,1.742155,1.737833,1.741198,1.742155,0.004860
miniFluxdiv-explainTripleCache-lc-post-fuse-tile888,Tiled 8x8x8,14336,16,4,3.536304,3.561401,3.531928,3.528994,3.522550,3.536235,3.531928,0.014930
miniFluxdiv-explainTripleCache-lc-post-fuse-tile888,Tiled 8x8x8,28,128,7,1.688884,1.671900,1.685606,1.689741,1.694687,1.686164,1.688884,0.008611
miniFluxdiv-explainTripleCache-lc-post-fuse-tile888,Tiled 8x8x8,224,64,7,1.594315,1.509249,1.470202,1.430435,1.436176,1.488075,1.470202,0.067213
miniFluxdiv-explainTripleCache-lc-post-fuse-tile888,Tiled 8x8x8,1792,32,7,1.056915,1.058754,1.057145,1.059104,1.052914,1.056966,1.057145,0.002461
miniFluxdiv-explainTripleCache-lc-post-fuse-tile888,Tiled 8x8x8,14336,16,7,2.182081,2.198609,2.203839,2.165027,2.204220,2.190755,2.198609,0.016966
miniFluxdiv-explainTripleCache-lc-post-fuse-tile888,Tiled 8x8x8,28,128,8,1.548524,1.553573,1.532640,1.543562,1.547053,1.545070,1.547053,0.007825
miniFluxdiv-explainTripleCache-lc-post-fuse-tile888,Tiled 8x8x8,224,64,8,1.291215,1.293701,1.285875,1.312801,1.285858,1.293890,1.291215,0.011108
miniFluxdiv-explainTripleCache-lc-post-fuse-tile888,Tiled 8x8x8,1792,32,8,0.979456,0.996039,0.968366,0.969118,0.978123,0.978220,0.978123,0.011169
miniFluxdiv-explainTripleCache-lc-post-fuse-tile888,Tiled 8x8x8,14336,16,8,1.987434,1.964949,1.991474,1.985013,1.995050,1.984784,1.987434,0.011733
miniFluxdiv-explainTripleCache-lc-post-fuse-tile888,Tiled 8x8x8,28,128,14,0.851607,0.954539,0.944586,0.869238,0.878568,0.899708,0.878568,0.046662
miniFluxdiv-explainTripleCache-lc-post-fuse-tile888,Tiled 8x8x8,224,64,14,0.789054,0.780901,0.824046,0.828620,0.793759,0.803276,0.793759,0.021605
miniFluxdiv-explainTripleCache-lc-post-fuse-tile888,Tiled 8x8x8,1792,32,14,0.730439,0.757439,0.753209,0.757694,0.762295,0.752215,0.757439,0.012591
miniFluxdiv-explainTripleCache-lc-post-fuse-tile888,Tiled 8x8x8,14336,16,14,1.619927,1.607760,1.618347,1.604978,1.621413,1.614485,1.618347,0.007552
miniFluxdiv-explainTripleCache-lc-post-fuse-tile888,Tiled 8x8x8,28,128,16,0.940291,0.879856,0.865103,0.868038,0.867470,0.884152,0.868038,0.031902
miniFluxdiv-explainTripleCache-lc-post-fuse-tile888,Tiled 8x8x8,224,64,16,0.693293,0.695249,0.684685,0.701089,0.695436,0.693950,0.695249,0.005940
miniFluxdiv-explainTripleCache-lc-post-fuse-tile888,Tiled 8x8x8,1792,32,16,0.682597,0.681945,0.683806,0.675867,0.679767,0.680796,0.681945,0.003122
miniFluxdiv-explainTripleCache-lc-post-fuse-tile888,Tiled 8x8x8,14336,16,16,1.427506,1.426185,1.439179,1.433713,1.386712,1.422659,1.427506,0.020756
miniFluxdiv-explainTripleCache-lc-post-fuse-tile888,Tiled 8x8x8,28,128,21,0.983971,0.985894,0.990942,0.981894,0.985264,0.985593,0.985264,0.003359
miniFluxdiv-explainTripleCache-lc-post-fuse-tile888,Tiled 8x8x8,224,64,21,0.602585,0.606374,0.610321,0.604488,0.593898,0.603533,0.604488,0.006099
miniFluxdiv-explainTripleCache-lc-post-fuse-tile888,Tiled 8x8x8,1792,32,21,0.566861,0.572151,0.566135,0.565465,0.566744,0.567471,0.566744,0.002675
miniFluxdiv-explainTripleCache-lc-post-fuse-tile888,Tiled 8x8x8,14336,16,21,1.071516,1.052185,1.049109,1.089768,1.090037,1.070523,1.071516,0.019666
miniFluxdiv-explainTripleCache-lc-post-fuse-tile888,Tiled 8x8x8,28,128,24,0.855420,0.850160,0.849797,0.842219,0.844411,0.848401,0.849797,0.005207
miniFluxdiv-explainTripleCache-lc-post-fuse-tile888,Tiled 8x8x8,224,64,24,0.507442,0.519962,0.514348,0.517101,0.512801,0.514331,0.514348,0.004722
miniFluxdiv-explainTripleCache-lc-post-fuse-tile888,Tiled 8x8x8,1792,32,24,0.493628,0.506805,0.508526,0.503503,0.502994,0.503091,0.503503,0.005768
miniFluxdiv-explainTripleCache-lc-post-fuse-tile888,Tiled 8x8x8,14336,16,24,0.908487,0.907236,0.937123,0.914323,0.921437,0.917721,0.914323,0.012217
miniFluxdiv-explainTripleCache-lc-post-fuse-tile888,Tiled 8x8x8,28,128,28,0.738597,0.727797,0.742391,0.738173,0.743736,0.738139,0.738597,0.006256
miniFluxdiv-explainTripleCache-lc-post-fuse-tile888,Tiled 8x8x8,224,64,28,0.506096,0.457154,0.440798,0.447611,0.441317,0.458595,0.447611,0.027360
miniFluxdiv-explainTripleCache-lc-post-fuse-tile888,Tiled 8x8x8,1792,32,28,0.488999,0.490952,0.438988,0.475956,0.466327,0.472244,0.475956,0.021127
miniFluxdiv-explainTripleCache-lc-post-fuse-tile888,Tiled 8x8x8,14336,16,28,0.788053,0.790282,0.794406,0.786197,0.793175,0.790423,0.790282,0.003425
miniFluxdiv-explainTripleCache-lc-post-fuse-tile161616,Tiled 16x16x16,28,128,1,9.421713,9.453573,9.443083,9.419286,9.482351,9.444001,9.443083,0.025840
miniFluxdiv-explainTripleCache-lc-post-fuse-tile161616,Tiled 16x16x16,224,64,1,8.501060,8.436154,8.466570,8.495803,8.433795,8.466676,8.466570,0.031794
miniFluxdiv-explainTripleCache-lc-post-fuse-tile161616,Tiled 16x16x16,1792,32,1,6.132195,6.094681,6.119166,6.094227,6.107606,6.109575,6.107606,0.016317
miniFluxdiv-explainTripleCache-lc-post-fuse-tile161616,Tiled 16x16x16,14336,16,1,6.048532,6.053638,6.033339,6.056258,6.058237,6.050001,6.053638,0.010000
miniFluxdiv-explainTripleCache-lc-post-fuse-tile161616,Tiled 16x16x16,28,128,2,5.190122,5.197183,5.280800,5.197308,5.157543,5.204591,5.197183,0.045658
miniFluxdiv-explainTripleCache-lc-post-fuse-tile161616,Tiled 16x16x16,224,64,2,4.645391,4.649512,4.645638,4.648369,4.678636,4.653509,4.648369,0.014156
miniFluxdiv-explainTripleCache-lc-post-fuse-tile161616,Tiled 16x16x16,1792,32,2,3.326713,3.322645,3.332441,3.334332,3.328486,3.328923,3.328486,0.004640
miniFluxdiv-explainTripleCache-lc-post-fuse-tile161616,Tiled 16x16x16,14336,16,2,3.046270,3.036258,3.036733,3.030232,3.031876,3.036274,3.036258,0.006245
miniFluxdiv-explainTripleCache-lc-post-fuse-tile161616,Tiled 16x16x16,28,128,4,2.620206,2.631060,2.605252,2.587771,2.608178,2.610493,2.608178,0.016328
miniFluxdiv-explainTripleCache-lc-post-fuse-tile161616,Tiled 16x16x16,224,64,4,2.402875,2.545372,2.363516,2.482730,2.383123,2.435523,2.402875,0.076309
miniFluxdiv-explainTripleCache-lc-post-fuse-tile161616,Tiled 16x16x16,1792,32,4,1.660799,1.663313,1.672034,1.657892,1.658870,1.662582,1.660799,0.005675
miniFluxdiv-explainTripleCache-lc-post-fuse-tile161616,Tiled 16x16x16,14336,16,4,3.544150,3.512280,3.531088,3.574698,3.651643,3.562772,3.544150,0.054636
miniFluxdiv-explainTripleCache-lc-post-fuse-tile161616,Tiled 16x16x16,28,128,7,1.546120,1.553811,1.529281,1.532518,1.530391,1.538424,1.532518,0.010943
miniFluxdiv-explainTripleCache-lc-post-fuse-tile161616,Tiled 16x16x16,224,64,7,1.474788,1.447500,1.465037,1.453150,1.451071,1.458309,1.453150,0.011321
miniFluxdiv-explainTripleCache-lc-post-fuse-tile161616,Tiled 16x16x16,1792,32,7,1.010338,1.038166,1.011916,1.010191,1.010069,1.016136,1.010338,0.012338
miniFluxdiv-explainTripleCache-lc-post-fuse-tile161616,Tiled 16x16x16,14336,16,7,2.179186,2.226461,2.185813,2.183715,2.209663,2.196968,2.185813,0.020293
miniFluxdiv-explainTripleCache-lc-post-fuse-tile161616,Tiled 16x16x16,28,128,8,1.551700,1.553904,1.543291,1.534437,1.543177,1.545302,1.543291,0.007771
miniFluxdiv-explainTripleCache-lc-post-fuse-tile161616,Tiled 16x16x16,224,64,8,1.264125,1.309574,1.300396,1.299755,1.291245,1.293019,1.299755,0.017406
miniFluxdiv-explainTripleCache-lc-post-fuse-tile161616,Tiled 16x16x16,1792,32,8,0.927184,0.934227,1.004330,0.996215,0.926544,0.957700,0.934227,0.039085
miniFluxdiv-explainTripleCache-lc-post-fuse-tile161616,Tiled 16x16x16,14336,16,8,1.974339,1.985038,1.963493,2.123293,1.961954,2.001623,1.974339,0.068649
miniFluxdiv-explainTripleCache-lc-post-fuse-tile161616,Tiled 16x16x16,28,128,14,0.901599,0.898098,0.892614,0.881531,0.908882,0.896545,0.898098,0.010259
miniFluxdiv-explainTripleCache-lc-post-fuse-tile161616,Tiled 16x16x16,224,64,14,0.802340,0.797438,0.788725,0.802350,0.802690,0.798709,0.802340,0.005991
miniFluxdiv-explainTripleCache-lc-post-fuse-tile161616,Tiled 16x16x16,1792,32,14,0.709065,0.715116,0.708529,0.710683,0.702946,0.709268,0.709065,0.004381
miniFluxdiv-explainTripleCache-lc-post-fuse-tile161616,Tiled 16x16x16,14336,16,14,1.504777,1.495360,1.493037,1.611780,1.495960,1.520183,1.495960,0.051398
miniFluxdiv-explainTripleCache-lc-post-fuse-tile161616,Tiled 16x16x16,28,128,16,0.904668,0.894473,0.888913,0.913481,0.895974,0.899502,0.895974,0.009643
miniFluxdiv-explainTripleCache-lc-post-fuse-tile161616,Tiled 16x16x16,224,64,16,0.696965,0.705717,0.707209,0.714597,0.708117,0.706521,0.707209,0.006329
miniFluxdiv-explainTripleCache-lc-post-fuse-tile161616,Tiled 16x16x16,1792,32,16,0.661332,0.655016,0.663683,0.654732,0.657890,0.658531,0.657890,0.003924
miniFluxdiv-explainTripleCache-lc-post-fuse-tile161616,Tiled 16x16x16,14336,16,16,1.416629,1.388230,1.426227,1.418887,1.431282,1.416251,1.418887,0.016716
miniFluxdiv-explainTripleCache-lc-post-fuse-tile161616,Tiled 16x16x16,28,128,21,0.914320,0.909321,0.910833,0.903048,0.890312,0.905567,0.909321,0.009454
miniFluxdiv-explainTripleCache-lc-post-fuse-tile161616,Tiled 16x16x16,224,64,21,0.606586,0.591267,0.602304,0.604355,0.604713,0.601845,0.604355,0.006105
miniFluxdiv-explainTripleCache-lc-post-fuse-tile161616,Tiled 16x16x16,1792,32,21,0.549163,0.568297,0.547846,0.547595,0.553053,0.553191,0.549163,0.008722
miniFluxdiv-explainTripleCache-lc-post-fuse-tile161616,Tiled 16x16x16,14336,16,21,1.061667,1.071436,1.119926,1.061654,1.053738,1.073684,1.061667,0.026601
miniFluxdiv-explainTripleCache-lc-post-fuse-tile161616,Tiled 16x16x16,28,128,24,0.938774,0.961367,0.928481,0.936686,0.930802,0.939222,0.936686,0.013070
miniFluxdiv-explainTripleCache-lc-post-fuse-tile161616,Tiled 16x16x16,224,64,24,0.579374,0.581017,0.567518,0.584483,0.580949,0.578668,0.580949,0.006507
miniFluxdiv-explainTripleCache-lc-post-fuse-tile161616,Tiled 16x16x16,1792,32,24,0.496715,0.498704,0.494954,0.504320,0.508340,0.500607,0.498704,0.005575
miniFluxdiv-explainTripleCache-lc-post-fuse-tile161616,Tiled 16x16x16,14336,16,24,0.931063,0.939213,0.938901,0.945625,0.940439,0.939048,0.939213,0.005220
miniFluxdiv-explainTripleCache-lc-post-fuse-tile161616,Tiled 16x16x16,28,128,28,0.647704,0.666732,0.665836,0.667877,0.656622,0.660954,0.665836,0.008653
miniFluxdiv-explainTripleCache-lc-post-fuse-tile161616,Tiled 16x16x16,224,64,28,0.532524,0.532672,0.537898,0.538770,0.531183,0.534609,0.532672,0.003463
miniFluxdiv-explainTripleCache-lc-post-fuse-tile161616,Tiled 16x16x16,1792,32,28,0.471242,0.487141,0.469664,0.462994,0.466044,0.471417,0.469664,0.009356
miniFluxdiv-explainTripleCache-lc-post-fuse-tile161616,Tiled 16x16x16,14336,16,28,0.785131,0.796682,0.794824,0.802987,0.795163,0.794957,0.795163,0.006404
miniFluxdiv-explainTripleCache-lc-post-fuse-tile323232,Tiled 32x32x32,28,128,1,10.075565,10.077398,10.020458,10.024708,10.024640,10.044554,10.024708,0.029204
miniFluxdiv-explainTripleCache-lc-post-fuse-tile323232,Tiled 32x32x32,224,64,1,8.715811,8.692494,8.708415,8.687988,8.705077,8.701957,8.705077,0.011490
miniFluxdiv-explainTripleCache-lc-post-fuse-tile323232,Tiled 32x32x32,1792,32,1,6.263505,6.240657,6.238070,6.206453,6.260018,6.241741,6.240657,0.022736
miniFluxdiv-explainTripleCache-lc-post-fuse-tile323232,Tiled 32x32x32,14336,16,1,5.761100,5.759085,5.773525,5.762839,5.764288,5.764167,5.762839,0.005581
miniFluxdiv-explainTripleCache-lc-post-fuse-tile323232,Tiled 32x32x32,28,128,2,5.520306,5.528189,5.516728,5.469072,5.550734,5.517006,5.520306,0.029880
miniFluxdiv-explainTripleCache-lc-post-fuse-tile323232,Tiled 32x32x32,224,64,2,4.796483,4.809291,4.808759,4.789708,4.793621,4.799572,4.796483,0.008960
miniFluxdiv-explainTripleCache-lc-post-fuse-tile323232,Tiled 32x32x32,1792,32,2,3.658068,3.648387,3.662541,3.657274,3.678103,3.660875,3.658068,0.010913
miniFluxdiv-explainTripleCache-lc-post-fuse-tile323232,Tiled 32x32x32,14336,16,2,2.894265,2.897887,2.892580,2.879478,2.891176,2.891077,2.892580,0.006952
miniFluxdiv-explainTripleCache-lc-post-fuse-tile323232,Tiled 32x32x32,28,128,4,2.907694,2.872201,2.926720,2.894989,2.900202,2.900361,2.900202,0.019814
miniFluxdiv-explainTripleCache-lc-post-fuse-tile323232,Tiled 32x32x32,224,64,4,2.524042,2.571907,2.556703,2.518455,2.584864,2.551194,2.556703,0.029164
miniFluxdiv-explainTripleCache-lc-post-fuse-tile323232,Tiled 32x32x32,1792,32,4,1.802605,1.800873,1.817067,1.816276,1.813307,1.810026,1.813307,0.007718
miniFluxdiv-explainTripleCache-lc-post-fuse-tile323232,Tiled 32x32x32,14336,16,4,3.428271,3.427956,3.452266,3.464654,3.462360,3.447101,3.452266,0.017949
miniFluxdiv-explainTripleCache-lc-post-fuse-tile323232,Tiled 32x32x32,28,128,7,1.761353,1.744387,1.786036,1.722571,1.749030,1.752675,1.749030,0.023326
miniFluxdiv-explainTripleCache-lc-post-fuse-tile323232,Tiled 32x32x32,224,64,7,1.613318,1.624828,1.622490,1.614934,1.604309,1.615976,1.614934,0.008140
miniFluxdiv-explainTripleCache-lc-post-fuse-tile323232,Tiled 32x32x32,1792,32,7,1.087275,1.088926,1.088270,1.088088,1.086865,1.087885,1.088088,0.000819
miniFluxdiv-explainTripleCache-lc-post-fuse-tile323232,Tiled 32x32x32,14336,16,7,2.131619,2.131135,2.115381,2.122327,2.115902,2.123273,2.122327,0.007890
miniFluxdiv-explainTripleCache-lc-post-fuse-tile323232,Tiled 32x32x32,28,128,8,1.764722,1.754522,1.745464,1.741920,1.743605,1.750047,1.745464,0.009539
miniFluxdiv-explainTripleCache-lc-post-fuse-tile323232,Tiled 32x32x32,224,64,8,1.481400,1.483672,1.459123,1.472194,1.489771,1.477232,1.481400,0.011931
miniFluxdiv-explainTripleCache-lc-post-fuse-tile323232,Tiled 32x32x32,1792,32,8,1.023462,1.016326,1.019755,1.032496,1.018827,1.022173,1.019755,0.006314
miniFluxdiv-explainTripleCache-lc-post-fuse-tile323232,Tiled 32x32x32,14336,16,8,2.024231,2.030734,2.036808,2.016219,2.029656,2.027530,2.029656,0.007741
miniFluxdiv-explainTripleCache-lc-post-fuse-tile323232,Tiled 32x32x32,28,128,14,0.986501,0.998749,0.977568,0.978872,0.985567,0.985451,0.985567,0.008417
miniFluxdiv-explainTripleCache-lc-post-fuse-tile323232,Tiled 32x32x32,224,64,14,0.910498,0.920389,0.914968,0.934031,0.931376,0.922252,0.920389,0.010206
miniFluxdiv-explainTripleCache-lc-post-fuse-tile323232,Tiled 32x32x32,1792,32,14,0.758876,0.750210,0.769399,0.761447,0.764359,0.760858,0.761447,0.007121
miniFluxdiv-explainTripleCache-lc-post-fuse-tile323232,Tiled 32x32x32,14336,16,14,1.587083,1.476965,1.578078,1.542986,1.561035,1.549229,1.561035,0.043777
miniFluxdiv-explainTripleCache-lc-post-fuse-tile323232,Tiled 32x32x32,28,128,16,0.996840,0.996209,0.993482,0.990200,0.978079,0.990962,0.993482,0.007665
miniFluxdiv-explainTripleCache-lc-post-fuse-tile323232,Tiled 32x32x32,224,64,16,0.808799,0.809562,0.811110,0.811796,0.804553,0.809164,0.809562,0.002840
miniFluxdiv-explainTripleCache-lc-post-fuse-tile323232,Tiled 32x32x32,1792,32,16,0.697076,0.714694,0.703113,0.710364,0.701960,0.705441,0.703113,0.007024
miniFluxdiv-explainTripleCache-lc-post-fuse-tile323232,Tiled 32x32x32,14336,16,16,1.391604,1.386965,1.396768,1.392899,1.393405,1.392328,1.392899,0.003553
miniFluxdiv-explainTripleCache-lc-post-fuse-tile323232,Tiled 32x32x32,28,128,21,0.990303,0.989054,0.983541,0.988431,0.982487,0.986763,0.988431,0.003508
miniFluxdiv-explainTripleCache-lc-post-fuse-tile323232,Tiled 32x32x32,224,64,21,0.666419,0.665706,0.656946,0.665630,0.678115,0.666563,0.665706,0.007543
miniFluxdiv-explainTripleCache-lc-post-fuse-tile323232,Tiled 32x32x32,1792,32,21,0.578108,0.571006,0.579304,0.581718,0.575147,0.577057,0.578108,0.004127
miniFluxdiv-explainTripleCache-lc-post-fuse-tile323232,Tiled 32x32x32,14336,16,21,1.026444,1.014382,1.019859,1.013756,1.007740,1.016436,1.014382,0.007052
miniFluxdiv-explainTripleCache-lc-post-fuse-tile323232,Tiled 32x32x32,28,128,24,0.973263,0.973197,0.973004,0.967283,0.959092,0.969168,0.973004,0.006181
miniFluxdiv-explainTripleCache-lc-post-fuse-tile323232,Tiled 32x32x32,224,64,24,0.633712,0.634874,0.629018,0.632868,0.635736,0.633242,0.633712,0.002602
miniFluxdiv-explainTripleCache-lc-post-fuse-tile323232,Tiled 32x32x32,1792,32,24,0.539114,0.541111,0.555934,0.527690,0.519866,0.536743,0.539114,0.013782
miniFluxdiv-explainTripleCache-lc-post-fuse-tile323232,Tiled 32x32x32,14336,16,24,0.905112,0.866728,0.897500,0.903615,0.909556,0.896502,0.903615,0.017195
miniFluxdiv-explainTripleCache-lc-post-fuse-tile323232,Tiled 32x32x32,28,128,28,0.646833,0.641877,0.657945,0.649635,0.656599,0.650578,0.649635,0.006730
miniFluxdiv-explainTripleCache-lc-post-fuse-tile323232,Tiled 32x32x32,224,64,28,0.567255,0.577892,0.575104,0.619916,0.631100,0.594253,0.577892,0.029067
miniFluxdiv-explainTripleCache-lc-post-fuse-tile323232,Tiled 32x32x32,1792,32,28,0.475900,0.481389,0.490623,0.524255,0.474765,0.489386,0.481389,0.020475
miniFluxdiv-explainTripleCache-lc-post-fuse-tile323232,Tiled 32x32x32,14336,16,28,0.769831,0.763665,0.789459,0.729155,0.775335,0.765489,0.769831,0.022438
